-- tb_department, tb_customer는 데이터 있으므로 추가x

INSERT INTO tb_user (user_no, email, employee_id, join_date, name, password, role, dept_id, created_at, updated_at)
VALUES
    (4, 'user3@example.com', 'EMP004', '2024-04-10', '최미진', 'password123', 'USER', 4, NOW(), NOW()),
    (5, 'user4@example.com', 'EMP005', '2024-05-15', '정우진', 'password123', 'USER', 5, NOW(), NOW());

# INSERT INTO tb_calendar (no, user_no,created_at, updated_at) VALUES (1, 3, now(), now()),(2, 2, now(), now()),(3, 1, now(), now());

INSERT INTO tb_process(process_no, process_name, is_default, DESCRIPTION, created_at, updated_at, expected_duration)
VALUES (1, '기본영업프로세스', 1, '기회인지-상담-제안-협상-계약', CURDATE(), CURDATE(), 45),
       (2, '커피머신 영업 프로세스', 0, '제안-협상-계약', CURDATE(), CURDATE(), 30);

INSERT INTO tb_sub_process(sub_process_no, sub_process_name, progress_step, success_rate, ACTION, expected_duration, created_at, updated_at, process_no)
VALUES (1, '기회인지', '인지', 0, '인지', 5, CURDATE(), CURDATE(), 1),
       (2, '상담', '제안', 10, '제안', 10, CURDATE(), CURDATE(), 1),
       (3, '제안', '제안', 20, '제안', 5, CURDATE(), CURDATE(), 1),
       (4, '협상', '협상', 60, '견적', 5, CURDATE(), CURDATE(), 1),
       (5, '계약', '계약', 100, '계약', 20, CURDATE(), CURDATE(), 1),
       (6, '제안', '제안', 20, '제안', 5, CURDATE(), CURDATE(), 2),
       (7, '협상', '협상', 30, '견적', 5, CURDATE(), CURDATE(), 2),
       (8, '계약', '계약', 100, '계약', 20, CURDATE(), CURDATE(), 2);

# INSERT INTO tb_act (created_at, updated_at, no, act_cont, act_date, cls, complete_yn, end_time, name, plan_cont, purpose, start_time, calendar_no, lead_no)
# VALUES
#     (NOW(), NOW(), 1, '화상 회의 플랫폼 논의', '2024-11-11', 'ONLINE', 'N', '15:00', '프로젝트 회의 준비', '신규 회의 준비', '프로젝트 논의', '13:00', 1, 1),
#     (NOW(), NOW(), 2, '거래처 방문', '2024-10-20', 'VISIT', 'Y', '17:00', '거래처 미팅', '계약 관련 회의', '상담 및 계약 체결', '15:00', 1, 2),
#     (NOW(), NOW(), 3, '전화 문의 응대', '2024-11-15', 'PHONE', 'N', '11:30', '문의사항 해결', '고객 문의 사항 응대', '고객 응대', '10:00', 1, 3),
#     (NOW(), NOW(), 4, '이메일 발송', '2024-11-07', 'EMAIL', 'Y', '14:00', '정보 이메일 발송', '상품 정보 제공', '상품 홍보 및 고객 안내', '13:00', 1, 4),
#     (NOW(), NOW(), 5, '온라인 미팅 준비', '2024-10-21', 'OTHER', 'N', '16:00', '프로젝트 미팅', '프로젝트 논의', '프로젝트 진행 상황 점검', '14:00', 1, 5);
#
#
# INSERT INTO tb_act (created_at, updated_at, act_cont, act_date, cls, complete_yn, end_time, name, plan_cont, purpose, start_time, calendar_no, lead_no)
# VALUES (NOW(), NOW(),'고객 상담', '2024-01-15', 'VISIT', 'Y', '12:30', '방문 상담', '계획된 고객 방문', '고객 요구 분석', '10:00', 1, 1),
#        (NOW(), NOW(),'전화 문의 응대', '2024-01-20', 'PHONE', 'N', '16:00', '전화 상담', '문의 응대 준비', '상품 설명', '15:00', 1, 2),
#        (NOW(), NOW(),'이메일 전송', '2024-03-05', 'EMAIL', 'Y', '11:30', '이메일 발송', '상품 정보 전송', '세부 정보 제공', '11:00', 1, 3),
#        (NOW(), NOW(),'온라인 미팅', '2024-04-12', 'ONLINE', 'Y', '14:00', '온라인 회의', '클라이언트 요구 분석', '서비스 논의', '13:00', 1, 4),
#        (NOW(), NOW(),'온라인 미팅', '2024-04-15', 'ONLINE', 'Y', '14:00', '온라인 회의', '클라이언트 요구 분석', '서비스 논의', '13:00', 1, 4),
#        (NOW(), NOW(),'온라인 미팅', '2024-04-16', 'ONLINE', 'Y', '14:00', '온라인 회의', '클라이언트 요구 분석', '서비스 논의', '13:00', 1, 4),
#        (NOW(), NOW(),'온라인 미팅', '2024-04-17', 'ONLINE', 'Y', '14:00', '온라인 회의', '클라이언트 요구 분석', '서비스 논의', '13:00', 1, 4),
#        (NOW(), NOW(),'현장 방문', '2024-07-18', 'VISIT', 'N', '13:00', '현장 점검', '시설 점검 및 회의', '프로젝트 관리', '10:30', 1, 5),
#        (NOW(), NOW(),'고객 방문', '2024-07-22', 'VISIT', 'Y', '17:00', '고객 미팅', '계약 논의', '제품 설명', '15:00', 1, 1),
#        (NOW(), NOW(),'전화 상담', '2024-07-10', 'PHONE', 'Y', '11:00', '전화 응대', '고객 불만 처리', '해결 방안 제시', '10:30', 1, 2),
#        (NOW(), NOW(),'이메일 회신', '2024-09-19', 'EMAIL', 'Y', '15:30', '이메일 답변', '기술 지원 제공', '제품 사용법 안내', '15:00', 1, 3),
#        (NOW(), NOW(),'온라인 회의', '2024-09-03', 'ONLINE', 'N', '16:00', '줌 미팅', '프로젝트 진행 상황 점검', '향후 일정 논의', '15:00', 1, 4),
#        (NOW(), NOW(),'고객 방문', '2024-10-11', 'VISIT', 'Y', '12:30', '고객 상담', '서비스 업그레이드 제안', '상세 요구 분석', '10:30', 1, 5),
#        (NOW(), NOW(),'고객 방문', '2024-10-12', 'VISIT', 'Y', '12:30', '고객 상담', '서비스 업그레이드 제안', '상세 요구 분석', '10:30', 1, 5),
#        (NOW(), NOW(),'전화 응대', '2024-10-23', 'PHONE', 'N', '10:00', '고객 전화 응대', '문제 해결 방안 제공', '이슈 처리', '09:30', 1, 1),
#        (NOW(), NOW(),'이메일 발송', '2024-12-30', 'EMAIL', 'Y', '13:00', '프로모션 이메일', '할인 행사 안내', '홍보 전략 수립', '12:30', 1, 2),
#        (NOW(), NOW(),'온라인 상담', '2022-01-18', 'ONLINE', 'Y', '17:30', '온라인 고객 상담', '기술 지원', '제품 문제 해결', '16:30', 1, 3),
#        (NOW(), NOW(),'고객 미팅', '2022-02-27', 'VISIT', 'N', '11:00', '고객 방문 회의', '계약 협상', '비용 산정', '10:00', 1, 4),
#        (NOW(), NOW(),'전화 상담', '2022-03-15', 'PHONE', 'Y', '15:30', '전화 고객 상담', '서비스 안내', '상품 설명', '15:00', 1, 5),
#        (NOW(), NOW(),'전화 응대', '2024-11-23', 'PHONE', 'N', '10:00', '고객 전화 응대', '문제 해결 방안 제공', '이슈 처리', '09:30', 2, 1),
#        (NOW(), NOW(),'이메일 발송', '2024-12-30', 'EMAIL', 'Y', '13:00', '프로모션 이메일', '할인 행사 안내', '홍보 전략 수립', '12:30', 2, 2),
#        (NOW(), NOW(),'온라인 상담', '2022-01-18', 'ONLINE', 'Y', '17:30', '온라인 고객 상담', '기술 지원', '제품 문제 해결', '16:30', 2, 3),
#        (NOW(), NOW(),'고객 미팅', '2022-02-27', 'VISIT', 'N', '11:00', '고객 방문 회의', '계약 협상', '비용 산정', '10:00', 2, 4),
#        (NOW(), NOW(),'전화 상담', '2022-03-15', 'PHONE', 'Y', '15:30', '전화 고객 상담', '서비스 안내', '상품 설명', '15:00', 2, 5),
#        (NOW(), NOW(),'이메일 발송', '2024-12-30', 'EMAIL', 'Y', '13:00', '프로모션 이메일', '할인 행사 안내', '홍보 전략 수립', '12:30', 3, 2),
#        (NOW(), NOW(),'온라인 상담', '2022-01-18', 'ONLINE', 'Y', '17:30', '온라인 고객 상담', '기술 지원', '제품 문제 해결', '16:30', 3, 3),
#        (NOW(), NOW(),'고객 미팅', '2022-02-27', 'VISIT', 'N', '11:00', '고객 방문 회의', '계약 협상', '비용 산정', '10:00', 3, 4),
#        (NOW(), NOW(),'전화 상담', '2022-03-15', 'PHONE', 'Y', '15:30', '전화 고객 상담', '서비스 안내', '상품 설명', '15:00', 3, 5),
#        (NOW(), NOW(),'전화 상담', '2022-03-15', 'PHONE', 'Y', '15:30', '전화 고객 상담', '서비스 안내', '상품 설명', '15:00', 3, 5);
#
# INSERT INTO tb_plan (no, created_at, updated_at, content, end_time, personal_yn, plan_cls, plan_date, start_time, title, calendar_no)
# VALUES
#     (1, NOW(), NOW(), '팀원 전체 회의', '10:00', 'N', 'COMPANY', '2024-11-02', '09:00', '회의 일정', 1),
#     (2, NOW(), NOW(), '신규 계약 검토', '15:00', 'Y', 'CONTRACT', '2024-11-17', '13:00', '계약 검토', 1),
#     (3, NOW(), NOW(), '개인 개발 공부', '22:00', 'Y', 'PERSONAL', '2024-11-21', '20:00', '개인 학습', 1),
#     (4, NOW(), NOW(), '견적서 작성', '17:00', 'N', 'ESTIMATE', '2024-11-11', '15:00', '견적서 작업', 1),
#     (5, NOW(), NOW(), '영업 전략 회의', '16:00', 'N', 'SALES', '2024-11-03', '14:00', '영업 전략 논의', 1),
#     (6, NOW(), NOW(), '제안서 서식 정리', '22:00', 'Y', 'PROPOSAL', '2024-11-24', '10:00', '제안서 서식', 1),
#     (7, NOW(), NOW(), 'OJT', '17:00', 'N', 'COMPANY', '2024-11-27', '15:00', '신입사원 OJT', 1),
#     (8, NOW(), NOW(), '주간 업무 리뷰', '11:00', 'N', 'COMPANY', '2024-11-05', '10:00', '업무 리뷰', 2),
#     (9, NOW(), NOW(), '부서별 프로젝트 검토', '17:00', 'Y', 'COMPANY', '2024-11-07', '15:00', '프로젝트 검토', 2),
#     (10, NOW(), NOW(), '팀 빌딩 워크샵 준비 회의', '16:00', 'N', 'COMPANY', '2024-11-09', '14:00', '워크샵 준비 회의', 2),
#     (11, NOW(), NOW(), '제품 개선 사항 검토', '12:00', 'Y', 'COMPANY', '2024-11-10', '10:00', '제품 검토', 3),
#     (12, NOW(), NOW(), '연말 보고서 작성 회의', '11:00', 'N', 'COMPANY', '2024-11-12', '09:00', '보고서 작성 회의', 3),
#     (13, NOW(), NOW(), 'PT', '17:00', 'N', 'PERSONAL', '2024-10-31', '15:00', 'PT 연습', 1),
#     (14, NOW(), NOW(), '제안서 작성', '22:00', 'Y', 'PROPOSAL', '2024-11-13', '10:00', '제안 작성', 1);
#
#
# INSERT INTO tb_todo (todo_no, created_at, updated_at, content, due_date, priority, private_yn, status, title, todo_cls, calendar_no)
# VALUES
#     (1, NOW(), NOW(), '고객사 자료 준비', '2024-11-10', 'HIGH', 'N', 'TODO', '자료 준비', 'SALES', 1),
#     (2, NOW(), NOW(), '팀 회의 참석', '2024-11-23', 'MEDIUM', 'N', 'INPROGRESS', '회의 참여', 'COMPANY', 1),
#     (3, NOW(), NOW(), '개인 일정 조율', '2024-11-29', 'LOW', 'Y', 'DONE', '일정 조율', 'PERSONAL', 1),
#     (4, NOW(), NOW(), '계약서 내용 확인', '2024-11-25', 'HIGH', 'N', 'TODO', '계약서 검토', 'CONTRACT', 1),
#     (5, NOW(), NOW(), '이메일 답변 작성', '2024-11-30', 'MEDIUM', 'N', 'TODO', '이메일 답변', 'EMAIL', 1);

INSERT INTO tb_poetntial_customer (p_cust_no, created_at, updated_at, addr, cls, company, dept, email, fax, grade, modify_date, name, note, phone, position, register_date,tel,user_no,contact_status)
VALUES
    (1, NOW(), NOW(), '서울시 강남구', 'B2B', 'POC 회사', '영업부', 'poc1@poc.com', '02-111-2222', 'A', NOW(), '홍길동', '잠재 고객 관리 필요', '010-8888-9999', '과장', NOW(), '02-999-8888',1,'TRY_CONTACT'),
    (2, NOW(), NOW(), '서울시 서초구', 'B2C', 'POC2 회사', '개발부', 'poc2@poc.com', '02-222-3333', 'B', NOW(), '이순신', '기술 문의 진행 중', '010-7777-6666', '팀장', NOW(),'02-888-7777',2,'CONTACTING'),
    (3, NOW(), NOW(), '서울시 종로구', 'B2B', 'POC3 회사', '기획부', 'poc3@poc.com', '02-333-4444', 'C', NOW(), '박문수', '견적서 요청 예정', '010-5555-4444', '대리', NOW(),  '02-777-6666',3,'CONTACTING'),
    (4, NOW(), NOW(), '서울시 중구', 'B2C', 'POC4 회사', '인사부', 'poc4@poc.com', '02-444-5555', 'A', NOW(), '최영', '고객사 미팅 예정', '010-3333-2222', '사원', NOW(),'02-666-5555',4,'NO_CONTACT'),
    (5, NOW(), NOW(), '서울시 용산구', 'B2B', 'POC5 회사', '총무부', 'poc5@poc.com', '02-555-6666', 'S', NOW(), '정몽주', '계약 준비 중', '010-1111-0000', '부장', NOW(), '02-555-4444',5,'TRY_CONTACT');

INSERT INTO tb_contact_history (contact_history_no, created_at, updated_at, cls, contact_date, content, p_cust_no, user_no)
VALUES
    (1, NOW(), NOW(), 'CALL', '2024-07-01', '고객사 문의 전화 응대', 1, 1),
    (2, NOW(), NOW(), 'EMAIL', '2024-07-02', '계약 관련 이메일 발송', 2, 2),
    (3, NOW(), NOW(), 'VISIT', '2024-07-03', '거래처 방문 상담', 3, 3),
    (4, NOW(), NOW(), 'ONLINE_MEET', '2024-07-04', '온라인 미팅 진행', 4, 4),
    (5, NOW(), NOW(), 'CHANNEL_TALK', '2024-07-05', '고객 상담 채팅', 5, 5);

INSERT INTO tb_proposal (prop_no, created_at, updated_at, cont, end_date, name, note, pr_date, req_date, start_date, submit_date, lead_no)
VALUES
    (1, NOW(), NOW(), '제품 A 제안 내용', '2024-12-31', '제품 A 제안서', '제안서 작성 필요', '2024-07-01', '2024-06-25', '2024-06-01', '2024-06-30', 1),
    (2, NOW(), NOW(), '제품 B 제안 내용', '2024-11-30', '제품 B 제안서', '기술 지원 필요', '2024-08-01', '2024-07-20', '2024-07-01', '2024-07-31', 2),
    (3, NOW(), NOW(), '제품 C 제안 내용', '2024-10-31', '제품 C 제안서', '추가 설명 요청', '2024-09-01', '2024-08-25', '2024-08-01', '2024-08-31', 3),
    (4, NOW(), NOW(), '제품 D 제안 내용', '2024-09-30', '제품 D 제안서', '가격 협상 필요', '2024-10-01', '2024-09-20', '2024-09-01', '2024-09-30', 4),
    (5, NOW(), NOW(), '제품 E 제안 내용', '2024-08-31', '제품 E 제안서', '배송 관련 협의 필요', '2024-11-01', '2024-10-25', '2024-10-01', '2024-10-31', 5);


INSERT INTO tb_estimate (est_no, created_at, updated_at, est_date, name, note, prod_cnt, supply_price, surtax_yn, tax, tax_cls, total_price, prop_no)
VALUES
    (1, NOW(), NOW(), '2024-06-01', '견적서 A', '제품 A에 대한 견적', 10, 10000, 'Y', 1000, '10%', 11000, 1),
    (2, NOW(), NOW(), '2024-07-10', '견적서 B', '제품 B에 대한 견적', 5, 20000, 'N', 0, '0%', 20000, 2),
    (3, NOW(), NOW(), '2024-08-15', '견적서 C', '제품 C에 대한 견적', 8, 15000, 'Y', 1500, '10%', 16500, 3),
    (4, NOW(), NOW(), '2024-09-05', '견적서 D', '제품 D에 대한 견적', 12, 12000, 'N', 0, '0%', 12000, 4),
    (5, NOW(), NOW(), '2024-10-20', '견적서 E', '제품 E에 대한 견적', 6, 25000, 'Y', 2500, '10%', 27500, 5);


INSERT INTO tb_contract (contract_no, created_at, updated_at, arrival_noti_day, arrival_noti_yn, cls, cont_date, end_date, exp_arrival_date, name, note, payment_terms, prod_cnt, renewal_noti_day, renewal_noti_yn, start_date, supply_price, surtax_yn, tax, tax_cls, price, warrenty, est_no)
VALUES
    (1, NOW(), NOW(), '10', 'Y', 'SALES', '2024-06-01', '2024-12-01', '2024-06-15', '신규 계약 체결', '계약 세부 내용 확인 필요', '선불', 5, '30', 'Y', '2024-06-01', 10000, 'Y', 1000, '10%', 11000, 12, 1),
    (2, NOW(), NOW(), '15', 'N', 'ESTIMATE', '2024-07-01', '2024-12-31', '2024-07-15', '견적 계약 체결', '견적 관련 확인 필요', '후불', 3, '60', 'N', '2024-07-01', 15000, 'N', 0, '0%', 15000, 6, 2),
    (3, NOW(), NOW(), '5', 'Y', 'PROPOSAL', '2024-08-01', '2025-02-28', '2024-08-15', '제안 계약 체결', '제안 세부 사항 검토 중', '선불', 10, '20', 'Y', '2024-08-01', 20000, 'Y', 2000, '10%', 22000, 24, 3),
    (4, NOW(), NOW(), '20', 'N', 'CONTRACT', '2024-09-01', '2025-03-31', '2024-09-15', '계약 연장', '계약 연장 필요 사항 확인', '후불', 8, '90', 'N', '2024-09-01', 18000, 'N', 0, '0%', 18000, 12, 4),
    (5, NOW(), NOW(), '7', 'Y', 'SALES', '2024-10-01', '2025-04-30', '2024-10-20', '영업 계약 체결', '영업 전략 검토 완료', '선불', 12, '14', 'Y', '2024-10-01', 25000, 'Y', 2500, '10%', 27500, 18, 5);

INSERT INTO tb_product (prod_no, created_at, updated_at, abbr_name, dept_id, eng_name, field, name, price, prod_code, quantity, release_date, supply_price, tax_rate, unit, upp_group)
VALUES
    -- 커피 원두 제품
    (1, NOW(), NOW(), 'COFBRA001', 3, 'Rubia Dark Brown', '원두', '루비아 다크 브라운', 65000, 'BRA001', 100, '2024-05-01', 58670, 11, '봉지', '브라질 원두'),
    (2, NOW(), NOW(), 'COFCOL001', 3, 'Supremo Nariño', '원두', '수프레모 나리뇨', 46000, 'COL001', 90, '2024-07-01', 42779, 8, '봉지', '콜롬비아 원두'),
    (3, NOW(), NOW(), 'COFETH001', 3, 'Sidamo', '원두', '시다모', 45500, 'ETH001', 75, '2025-01-01', 40463, 	12, '봉지', '에티오피아 원두'),
    (4, NOW(), NOW(), 'COFETH001', 3, 'Yirgacheffe Abaya Geisha', '원두', '예가체프 아바야 게이샤', 65500, 'ETH001', 95, '2025-01-01', 57886, 13, '봉지', '에티오피아 원두'),
    (5, NOW(), NOW(), 'COFCOL001', 4, 'Melparai shouts', '원두', '멜파라이 소리치', 76000, 'COL001', 90, '2024-07-01', 71185, 7, '봉지', '콜롬비아 원두'),

    -- 커피 머신 제품
    (6, NOW(), NOW(), 'MCHESP001', 1, 'Espresso Groove Machine', '커피머신', '에스프레소 그루브 머신', 	1250000, 'ESP001', 20, '2024-06-01', 1181427, 6, '대', '에스프레소 머신'),
    (7, NOW(), NOW(), 'MCHDRP001', 1, 'Latte Twist Maker', '커피머신', '라떼 트위스트 메이커', 890000, 'DRP001', 15, '2024-07-01', 778981, 14, '대', '드립 커피 머신'),
    (8, NOW(), NOW(), 'MCHGRD001', 1, 'Divide Grinder', '그라인더', '갈려라 그라인더', 15000, 'GRD001', 30, '2024-08-01', 13566, 11, '대', '커피 그라인더'),

    -- 커피 관련 액세서리 제품
    (9, NOW(), NOW(), 'ACCFLT001', 4, 'Hang Coffee Filter', '액세서리', '걸려라 커피 필터', 12000, 'FLT001', 200, '2024-05-15', 10554, 14, '팩', '커피 필터'),
    (10, NOW(), NOW(), 'ACCTMB001', 4, 'Put It In Coffee Tumbler', '액세서리', '담아라 텀블러',	18000, 'TMB001', 50, '2024-09-01', 15754, 14, '개', '커피 텀블러');


INSERT INTO tb_est_prod (est_prod_no, created_at, updated_at, discount, qty, supply_price, tax_rate, tax, total_amt, unit_amt, unit_prop_amt, est_no, prod_no)
VALUES (1, NOW(), NOW(), 5, 10, 1000, 10, 100, 11000, 1000, 900, 1, 1),
       (2, NOW(), NOW(), 10, 5, 2000, 10, 200, 11000, 2000, 1800, 2, 2),
       (3, NOW(), NOW(), 15, 8, 1500, 10, 150, 13200, 1500, 1350, 3, 3),
       (4, NOW(), NOW(), 7, 12, 1200, 10, 120, 14400, 1200, 1100, 4, 4),
       (5, NOW(), NOW(), 20, 6, 2500, 10, 250, 16500, 2500, 2200, 5, 5);


-- <<<<<<<<< 목표 매출 >>>>>>>>>>>>
-- (user = 2 : 2022 /2023/ 2024 데이터)
INSERT INTO tb_target_sale (month, month_target, year, created_at, product_no, target_sale_no, updated_at, user_no) VALUES
    -- 2024년 제품6
    (1, 400000, 2024, NOW(), 6, DEFAULT, NOW(), 2),
    (2, 600000, 2024, NOW(), 6, DEFAULT, NOW(), 2),
    (3, 140000, 2024, NOW(), 6, DEFAULT, NOW(), 2),
    (4, 400000, 2024, NOW(), 6, DEFAULT, NOW(), 2),
    (5, 500000, 2024, NOW(), 6, DEFAULT, NOW(), 2),
    (6, 700000, 2024, NOW(), 6, DEFAULT, NOW(), 2),
    (7, 900000, 2024, NOW(), 6, DEFAULT, NOW(), 2),
    (8, 1100000, 2024, NOW(), 6, DEFAULT, NOW(), 2),
    (9, 600000, 2024, NOW(), 6, DEFAULT, NOW(), 2),
    (10, 1200000, 2024, NOW(), 6, DEFAULT, NOW(), 2),
    (11, 700000, 2024, NOW(), 6, DEFAULT, NOW(), 2),
    (12, 800000, 2024, NOW(), 6, DEFAULT, NOW(), 2),
    -- 2024 제품 7
    (1, 450000, 2024, NOW(), 7, DEFAULT, NOW(), 2),
    (2, 200000, 2024, NOW(), 7, DEFAULT, NOW(), 2),
    (3, 185000, 2024, NOW(), 7, DEFAULT, NOW(), 2),
    (4, 423000, 2024, NOW(), 7, DEFAULT, NOW(), 2),
    (5, 565000, 2024, NOW(), 7, DEFAULT, NOW(), 2),
    (6, 702500, 2024, NOW(), 7, DEFAULT, NOW(), 2),
    (7, 650000, 2024, NOW(), 7, DEFAULT, NOW(), 2),
    (8, 140000, 2024, NOW(), 7, DEFAULT, NOW(), 2),
    (9, 70000, 2024, NOW(), 7, DEFAULT, NOW(), 2),
    (10, 125000, 2024, NOW(), 7, DEFAULT, NOW(), 2),
    (11, 705000, 2024, NOW(), 7, DEFAULT, NOW(), 2),
    (12, 830000, 2024, NOW(), 7, DEFAULT, NOW(), 2),
    -- 2024 제품 8
    (1, 425000, 2024, NOW(), 8, DEFAULT, NOW(), 2),
    (2, 605000, 2024, NOW(), 8, DEFAULT, NOW(), 2),
    (3, 142500, 2024, NOW(), 8, DEFAULT, NOW(), 2),
    (4, 405600, 2024, NOW(), 8, DEFAULT, NOW(), 2),
    (5, 523000, 2024, NOW(), 8, DEFAULT, NOW(), 2),
    (6, 705000, 2024, NOW(), 8, DEFAULT, NOW(), 2),
    (7, 954000, 2024, NOW(), 8, DEFAULT, NOW(), 2),
    (8, 950000, 2024, NOW(), 8, DEFAULT, NOW(), 2),
    (9, 780000, 2024, NOW(), 8, DEFAULT, NOW(), 2),
    (10, 1145000, 2024, NOW(), 8, DEFAULT, NOW(), 2),
    (11, 625000, 2024, NOW(), 8, DEFAULT, NOW(), 2),
    (12, 805000, 2024, NOW(), 8, DEFAULT, NOW(), 2),
    -- 2023년 제품6
    (1, 425000, 2023, NOW(), 6, DEFAULT, NOW(), 2),
    (2, 576000, 2023, NOW(), 6, DEFAULT, NOW(), 2),
    (3, 134500, 2023, NOW(), 6, DEFAULT, NOW(), 2),
    (4, 295000, 2023, NOW(), 6, DEFAULT, NOW(), 2),
    (5, 565000, 2023, NOW(), 6, DEFAULT, NOW(), 2),
    (6, 457000, 2023, NOW(), 6, DEFAULT, NOW(), 2),
    (7, 489000, 2023, NOW(), 6, DEFAULT, NOW(), 2),
    (8, 982000, 2023, NOW(), 6, DEFAULT, NOW(), 2),
    (9, 582000, 2023, NOW(), 6, DEFAULT, NOW(), 2),
    (10, 1320000, 2023, NOW(), 6, DEFAULT, NOW(), 2),
    (11, 532000, 2023, NOW(), 6, DEFAULT, NOW(), 2),
    (12, 654000, 2023, NOW(), 6, DEFAULT, NOW(), 2),
    -- 2023 제품 7
    (1, 418000, 2023, NOW(), 7, DEFAULT, NOW(), 2),
    (2, 498000, 2023, NOW(), 7, DEFAULT, NOW(), 2),
    (3, 787000, 2023, NOW(), 7, DEFAULT, NOW(), 2),
    (4, 123000, 2023, NOW(), 7, DEFAULT, NOW(), 2),
    (5, 899000, 2023, NOW(), 7, DEFAULT, NOW(), 2),
    (6, 984000, 2023, NOW(), 7, DEFAULT, NOW(), 2),
    (7, 157000, 2023, NOW(), 7, DEFAULT, NOW(), 2),
    (8, 5440000, 2023, NOW(), 7, DEFAULT, NOW(), 2),
    (9, 845000, 2023, NOW(), 7, DEFAULT, NOW(), 2),
    (10, 4980000, 2023, NOW(), 7, DEFAULT, NOW(), 2),
    (11, 844000, 2023, NOW(), 7, DEFAULT, NOW(), 2),
    (12, 156000, 2023, NOW(), 7, DEFAULT, NOW(), 2),
    -- 2023 제품 8
    (1, 198000, 2023, NOW(), 8, DEFAULT, NOW(), 2),
    (2, 648000, 2023, NOW(), 8, DEFAULT, NOW(), 2),
    (3, 487000, 2023, NOW(), 8, DEFAULT, NOW(), 2),
    (4, 489000, 2023, NOW(), 8, DEFAULT, NOW(), 2),
    (5, 874000, 2023, NOW(), 8, DEFAULT, NOW(), 2),
    (6, 458000, 2023, NOW(), 8, DEFAULT, NOW(), 2),
    (7, 184000, 2023, NOW(), 8, DEFAULT, NOW(), 2),
    (8, 784000, 2023, NOW(), 8, DEFAULT, NOW(), 2),
    (9, 875000, 2023, NOW(), 8, DEFAULT, NOW(), 2),
    (10, 874000, 2023, NOW(), 8, DEFAULT, NOW(), 2),
    (11, 784000, 2023, NOW(), 8, DEFAULT, NOW(), 2),
    (12, 871000, 2023, NOW(), 8, DEFAULT, NOW(), 2),
    -- 2022년 제품6
    (1, 952000, 2022, NOW(), 6, DEFAULT, NOW(), 2),
    (2, 498000, 2022, NOW(), 6, DEFAULT, NOW(), 2),
    (3, 984000, 2022, NOW(), 6, DEFAULT, NOW(), 2),
    (4, 489000, 2022, NOW(), 6, DEFAULT, NOW(), 2),
    (5, 981000, 2022, NOW(), 6, DEFAULT, NOW(), 2),
    (6, 891000, 2022, NOW(), 6, DEFAULT, NOW(), 2),
    (7, 815000, 2022, NOW(), 6, DEFAULT, NOW(), 2),
    (8, 123000, 2022, NOW(), 6, DEFAULT, NOW(), 2),
    (9, 541000, 2022, NOW(), 6, DEFAULT, NOW(), 2),
    (10, 516000, 2022, NOW(), 6, DEFAULT, NOW(), 2),
    (11, 784000, 2022, NOW(), 6, DEFAULT, NOW(), 2),
    (12, 529000, 2022, NOW(), 6, DEFAULT, NOW(), 2),
    -- 2022 제품 7
    (1, 485000, 2022, NOW(), 7, DEFAULT, NOW(), 2),
    (2, 481000, 2022, NOW(), 7, DEFAULT, NOW(), 2),
    (3, 879000, 2022, NOW(), 7, DEFAULT, NOW(), 2),
    (4, 451000, 2022, NOW(), 7, DEFAULT, NOW(), 2),
    (5, 4178000, 2022, NOW(), 7, DEFAULT, NOW(), 2),
    (6, 148500, 2022, NOW(), 7, DEFAULT, NOW(), 2),
    (7, 445000, 2022, NOW(), 7, DEFAULT, NOW(), 2),
    (8, 848000, 2022, NOW(), 7, DEFAULT, NOW(), 2),
    (9, 849000, 2022, NOW(), 7, DEFAULT, NOW(), 2),
    (10, 748000, 2022, NOW(), 7, DEFAULT, NOW(), 2),
    (11, 1580000, 2022, NOW(), 7, DEFAULT, NOW(), 2),
    (12, 457000, 2022, NOW(), 7, DEFAULT, NOW(), 2),
    -- 2022 제품 8
    (1, 615000, 2022, NOW(), 8, DEFAULT, NOW(), 2),
    (2, 489000, 2022, NOW(), 8, DEFAULT, NOW(), 2),
    (3, 984000, 2022, NOW(), 8, DEFAULT, NOW(), 2),
    (4, 541000, 2022, NOW(), 8, DEFAULT, NOW(), 2),
    (5, 964000, 2022, NOW(), 8, DEFAULT, NOW(), 2),
    (6, 1450000, 2022, NOW(), 8, DEFAULT, NOW(), 2),
    (7, 456000, 2022, NOW(), 8, DEFAULT, NOW(), 2),
    (8, 1456000, 2022, NOW(), 8, DEFAULT, NOW(), 2),
    (9, 458700, 2022, NOW(), 8, DEFAULT, NOW(), 2),
    (10, 478000, 2022, NOW(), 8, DEFAULT, NOW(), 2),
    (11, 847000, 2022, NOW(), 8, DEFAULT, NOW(), 2),
    (12, 694000, 2022, NOW(), 8, DEFAULT, NOW(), 2);

-- (user = 3 : 2022 /2023/ 2024 데이터)
INSERT INTO tb_target_sale (month, month_target, year, created_at, product_no, target_sale_no, updated_at, user_no) VALUES
    -- 2024년 제품6
    (1, 561000, 2024, NOW(), 6, DEFAULT, NOW(), 3),
    (2, 489000, 2024, NOW(), 6, DEFAULT, NOW(), 3),
    (3, 848000, 2024, NOW(), 6, DEFAULT, NOW(), 3),
    (4, 547500, 2024, NOW(), 6, DEFAULT, NOW(), 3),
    (5, 847000, 2024, NOW(), 6, DEFAULT, NOW(), 3),
    (6, 489000, 2024, NOW(), 6, DEFAULT, NOW(), 3),
    (7, 986000, 2024, NOW(), 6, DEFAULT, NOW(), 3),
    (8, 455000, 2024, NOW(), 6, DEFAULT, NOW(), 3),
    (9, 754000, 2024, NOW(), 6, DEFAULT, NOW(), 3),
    (10, 450000, 2024, NOW(), 6, DEFAULT, NOW(), 3),
    (11, 540000, 2024, NOW(), 6, DEFAULT, NOW(), 3),
    (12, 1200000, 2024, NOW(), 6, DEFAULT, NOW(), 3),
    -- 2024년 제품7
    (1, 415000, 2024, NOW(), 7, DEFAULT, NOW(), 3),
    (2, 948000, 2024, NOW(), 7, DEFAULT, NOW(), 3),
    (3, 849000, 2024, NOW(), 7, DEFAULT, NOW(), 3),
    (4, 847000, 2024, NOW(), 7, DEFAULT, NOW(), 3),
    (5, 849000, 2024, NOW(), 7, DEFAULT, NOW(), 3),
    (6, 458000, 2024, NOW(), 7, DEFAULT, NOW(), 3),
    (7, 457800, 2024, NOW(), 7, DEFAULT, NOW(), 3),
    (8, 1500000, 2024, NOW(), 7, DEFAULT, NOW(), 3),
    (9, 458000, 2024, NOW(), 7, DEFAULT, NOW(), 3),
    (10, 489000, 2024, NOW(), 7, DEFAULT, NOW(), 3),
    (11, 514000, 2024, NOW(), 7, DEFAULT, NOW(), 3),
    (12, 548000, 2024, NOW(), 7, DEFAULT, NOW(), 3),
    -- 2022년 제품8
    (1, 514000, 2024, NOW(), 8, DEFAULT, NOW(), 3),
    (2, 894000, 2024, NOW(), 8, DEFAULT, NOW(), 3),
    (3, 485000, 2024, NOW(), 8, DEFAULT, NOW(), 3),
    (4, 645000, 2024, NOW(), 8, DEFAULT, NOW(), 3),
    (5, 481000, 2024, NOW(), 8, DEFAULT, NOW(), 3),
    (6, 457000, 2024, NOW(), 8, DEFAULT, NOW(), 3),
    (7, 849000, 2024, NOW(), 8, DEFAULT, NOW(), 3),
    (8, 156000, 2024, NOW(), 8, DEFAULT, NOW(), 3),
    (9, 454000, 2024, NOW(), 8, DEFAULT, NOW(), 3),
    (10, 1560000, 2024, NOW(), 8, DEFAULT, NOW(), 3),
    (11, 1650000, 2024, NOW(), 8, DEFAULT, NOW(), 3),
    (12, 120000, 2024, NOW(), 8, DEFAULT, NOW(), 3),
    -- 2023년 제품6
    (1, 565000, 2023, NOW(), 6, DEFAULT, NOW(), 3),
    (2, 489000, 2023, NOW(), 6, DEFAULT, NOW(), 3),
    (3, 489000, 2023, NOW(), 6, DEFAULT, NOW(), 3),
    (4, 849000, 2023, NOW(), 6, DEFAULT, NOW(), 3),
    (5, 925000, 2023, NOW(), 6, DEFAULT, NOW(), 3),
    (6, 914000, 2023, NOW(), 6, DEFAULT, NOW(), 3),
    (7, 498000, 2023, NOW(), 6, DEFAULT, NOW(), 3),
    (8, 1500000, 2023, NOW(), 6, DEFAULT, NOW(), 3),
    (9, 487000, 2023, NOW(), 6, DEFAULT, NOW(), 3),
    (10, 458000, 2023, NOW(), 6, DEFAULT, NOW(), 3),
    (11, 948000, 2023, NOW(), 6, DEFAULT, NOW(), 3),
    (12, 894000, 2023, NOW(), 6, DEFAULT, NOW(), 3),
    -- 2024년 제품7
    (1, 945000, 2023, NOW(), 7, DEFAULT, NOW(), 3),
    (2, 489000, 2023, NOW(), 7, DEFAULT, NOW(), 3),
    (3, 489000, 2023, NOW(), 7, DEFAULT, NOW(), 3),
    (4, 784000, 2023, NOW(), 7, DEFAULT, NOW(), 3),
    (5, 489000, 2023, NOW(), 7, DEFAULT, NOW(), 3),
    (6, 984000, 2023, NOW(), 7, DEFAULT, NOW(), 3),
    (7, 849000, 2023, NOW(), 7, DEFAULT, NOW(), 3),
    (8, 156000, 2023, NOW(), 7, DEFAULT, NOW(), 3),
    (9, 918000, 2023, NOW(), 7, DEFAULT, NOW(), 3),
    (10, 1560000, 2023, NOW(), 7, DEFAULT, NOW(), 3),
    (11, 445000, 2023, NOW(), 7, DEFAULT, NOW(), 3),
    (12, 849000, 2023, NOW(), 7, DEFAULT, NOW(), 3),
    -- 2023년 제품8
    (1, 516000, 2023, NOW(), 8, DEFAULT, NOW(), 3),
    (2, 658000, 2023, NOW(), 8, DEFAULT, NOW(), 3),
    (3, 561000, 2023, NOW(), 8, DEFAULT, NOW(), 3),
    (4, 698000, 2023, NOW(), 8, DEFAULT, NOW(), 3),
    (5, 541000, 2023, NOW(), 8, DEFAULT, NOW(), 3),
    (6, 651000, 2023, NOW(), 8, DEFAULT, NOW(), 3),
    (7, 1560000, 2023, NOW(), 8, DEFAULT, NOW(), 3),
    (8, 561000, 2023, NOW(), 8, DEFAULT, NOW(), 3),
    (9, 651000, 2023, NOW(), 8, DEFAULT, NOW(), 3),
    (10, 561000, 2023, NOW(), 8, DEFAULT, NOW(), 3),
    (11, 295000, 2023, NOW(), 8, DEFAULT, NOW(), 3),
    (12, 894000, 2023, NOW(), 8, DEFAULT, NOW(), 3),
    -- 2022년 제품6
    (1, 489000, 2022, NOW(), 6, DEFAULT, NOW(), 3),
    (2, 849000, 2022, NOW(), 6, DEFAULT, NOW(), 3),
    (3, 1650000, 2022, NOW(), 6, DEFAULT, NOW(), 3),
    (4, 849000, 2022, NOW(), 6, DEFAULT, NOW(), 3),
    (5, 1050000, 2022, NOW(), 6, DEFAULT, NOW(), 3),
    (6, 841000, 2022, NOW(), 6, DEFAULT, NOW(), 3),
    (7, 1540000, 2022, NOW(), 6, DEFAULT, NOW(), 3),
    (8, 322000, 2022, NOW(), 6, DEFAULT, NOW(), 3),
    (9, 654000, 2022, NOW(), 6, DEFAULT, NOW(), 3),
    (10, 544000, 2022, NOW(), 6, DEFAULT, NOW(), 3),
    (11, 455000, 2022, NOW(), 6, DEFAULT, NOW(), 3),
    (12, 712000, 2022, NOW(), 6, DEFAULT, NOW(), 3),
    -- 2022년 제품7
    (1, 546000, 2022, NOW(), 7, DEFAULT, NOW(), 3),
    (2, 894000, 2022, NOW(), 7, DEFAULT, NOW(), 3),
    (3, 498000, 2022, NOW(), 7, DEFAULT, NOW(), 3),
    (4, 894000, 2022, NOW(), 7, DEFAULT, NOW(), 3),
    (5, 869000, 2022, NOW(), 7, DEFAULT, NOW(), 3),
    (6, 1940000, 2022, NOW(), 7, DEFAULT, NOW(), 3),
    (7, 812000, 2022, NOW(), 7, DEFAULT, NOW(), 3),
    (8, 456000, 2022, NOW(), 7, DEFAULT, NOW(), 3),
    (9, 651000, 2022, NOW(), 7, DEFAULT, NOW(), 3),
    (10, 560000, 2022, NOW(), 7, DEFAULT, NOW(), 3),
    (11, 651000, 2022, NOW(), 7, DEFAULT, NOW(), 3),
    (12, 891000, 2022, NOW(), 7, DEFAULT, NOW(), 3),
    -- 2022년 제품8
    (1, 489000, 2022, NOW(), 8, DEFAULT, NOW(), 3),
    (2, 689000, 2022, NOW(), 8, DEFAULT, NOW(), 3),
    (3, 689000, 2022, NOW(), 8, DEFAULT, NOW(), 3),
    (4, 984000, 2022, NOW(), 8, DEFAULT, NOW(), 3),
    (5, 1230000, 2022, NOW(), 8, DEFAULT, NOW(), 3),
    (6, 489000, 2022, NOW(), 8, DEFAULT, NOW(), 3),
    (7, 585000, 2022, NOW(), 8, DEFAULT, NOW(), 3),
    (8, 869000, 2022, NOW(), 8, DEFAULT, NOW(), 3),
    (9, 984000, 2022, NOW(), 8, DEFAULT, NOW(), 3),
    (10, 810000, 2022, NOW(), 8, DEFAULT, NOW(), 3),
    (11, 560000, 2022, NOW(), 8, DEFAULT, NOW(), 3),
    (12, 840000, 2022, NOW(), 8, DEFAULT, NOW(), 3);

-- (user = 4 : 2022 /2023/ 2024 데이터)
INSERT INTO tb_target_sale (month, month_target, year, created_at, product_no, target_sale_no, updated_at, user_no) VALUES
    -- 2024년 제품6
    (1, 489000, 2024, NOW(), 6, DEFAULT, NOW(), 4),
    (2, 654000, 2024, NOW(), 6, DEFAULT, NOW(), 4),
    (3, 352000, 2024, NOW(), 6, DEFAULT, NOW(), 4),
    (4, 658000, 2024, NOW(), 6, DEFAULT, NOW(), 4),
    (5, 849000, 2024, NOW(), 6, DEFAULT, NOW(), 4),
    (6, 649000, 2024, NOW(), 6, DEFAULT, NOW(), 4),
    (7, 780000, 2024, NOW(), 6, DEFAULT, NOW(), 4),
    (8, 654000, 2024, NOW(), 6, DEFAULT, NOW(), 4),
    (9, 1560000, 2024, NOW(), 6, DEFAULT, NOW(), 4),
    (10, 980000, 2024, NOW(), 6, DEFAULT, NOW(), 4),
    (11, 896000, 2024, NOW(), 6, DEFAULT, NOW(), 4),
    (12, 984000, 2024, NOW(), 6, DEFAULT, NOW(), 4),
    -- 2024년 제품7
    (1, 894000, 2024, NOW(), 7, DEFAULT, NOW(), 4),
    (2, 759000, 2024, NOW(), 7, DEFAULT, NOW(), 4),
    (3, 651000, 2024, NOW(), 7, DEFAULT, NOW(), 4),
    (4, 456000, 2024, NOW(), 7, DEFAULT, NOW(), 4),
    (5, 783000, 2024, NOW(), 7, DEFAULT, NOW(), 4),
    (6, 435000, 2024, NOW(), 7, DEFAULT, NOW(), 4),
    (7, 846000, 2024, NOW(), 7, DEFAULT, NOW(), 4),
    (8, 570000, 2024, NOW(), 7, DEFAULT, NOW(), 4),
    (9, 1153000, 2024, NOW(), 7, DEFAULT, NOW(), 4),
    (10, 4560000, 2024, NOW(), 7, DEFAULT, NOW(), 4),
    (11, 715000, 2024, NOW(), 7, DEFAULT, NOW(), 4),
    (12, 645000, 2024, NOW(), 7, DEFAULT, NOW(), 4),
    -- 2024년 제품8
    (1, 400000, 2024, NOW(), 8, DEFAULT, NOW(), 4),
    (2, 600000, 2024, NOW(), 8, DEFAULT, NOW(), 4),
    (3, 140000, 2024, NOW(), 8, DEFAULT, NOW(), 4),
    (4, 400000, 2024, NOW(), 8, DEFAULT, NOW(), 4),
    (5, 500000, 2024, NOW(), 8, DEFAULT, NOW(), 4),
    (6, 700000, 2024, NOW(), 8, DEFAULT, NOW(), 4),
    (7, 900000, 2024, NOW(), 8, DEFAULT, NOW(), 4),
    (8, 1100000, 2024, NOW(), 8, DEFAULT, NOW(), 4),
    (9, 600000, 2024, NOW(), 8, DEFAULT, NOW(), 4),
    (10, 1200000, 2024, NOW(), 8, DEFAULT, NOW(), 4),
    (11, 700000, 2024, NOW(), 8, DEFAULT, NOW(), 4),
    (12, 800000, 2024, NOW(), 8, DEFAULT, NOW(), 4),
    -- 2023년 제품6
    (1, 742000, 2023, NOW(), 6, DEFAULT, NOW(), 4),
    (2, 527000, 2023, NOW(), 6, DEFAULT, NOW(), 4),
    (3, 887000, 2023, NOW(), 6, DEFAULT, NOW(), 4),
    (4, 455000, 2023, NOW(), 6, DEFAULT, NOW(), 4),
    (5, 225000, 2023, NOW(), 6, DEFAULT, NOW(), 4),
    (6, 287000, 2023, NOW(), 6, DEFAULT, NOW(), 4),
    (7, 674000, 2023, NOW(), 6, DEFAULT, NOW(), 4),
    (8, 356000, 2023, NOW(), 6, DEFAULT, NOW(), 4),
    (9, 865000, 2023, NOW(), 6, DEFAULT, NOW(), 4),
    (10, 957000, 2023, NOW(), 6, DEFAULT, NOW(), 4),
    (11, 567000, 2023, NOW(), 6, DEFAULT, NOW(), 4),
    (12, 976000, 2023, NOW(), 6, DEFAULT, NOW(), 4),
    -- 2023년 제품7
    (1, 974000, 2023, NOW(), 7, DEFAULT, NOW(), 4),
    (2, 356000, 2023, NOW(), 7, DEFAULT, NOW(), 4),
    (3, 1047000, 2023, NOW(), 7, DEFAULT, NOW(), 4),
    (4, 546000, 2023, NOW(), 7, DEFAULT, NOW(), 4),
    (5, 978000, 2023, NOW(), 7, DEFAULT, NOW(), 4),
    (6, 587000, 2023, NOW(), 7, DEFAULT, NOW(), 4),
    (7, 408000, 2023, NOW(), 7, DEFAULT, NOW(), 4),
    (8, 976000, 2023, NOW(), 7, DEFAULT, NOW(), 4),
    (9, 748000, 2023, NOW(), 7, DEFAULT, NOW(), 4),
    (10, 497000, 2023, NOW(), 7, DEFAULT, NOW(), 4),
    (11, 784000, 2023, NOW(), 7, DEFAULT, NOW(), 4),
    (12, 497000, 2023, NOW(), 7, DEFAULT, NOW(), 4),
    -- 2023년 제품8
    (1, 865000, 2023, NOW(), 8, DEFAULT, NOW(), 4),
    (2, 658000, 2023, NOW(), 8, DEFAULT, NOW(), 4),
    (3, 568000, 2023, NOW(), 8, DEFAULT, NOW(), 4),
    (4, 796000, 2023, NOW(), 8, DEFAULT, NOW(), 4),
    (5, 976000, 2023, NOW(), 8, DEFAULT, NOW(), 4),
    (6, 769000, 2023, NOW(), 8, DEFAULT, NOW(), 4),
    (7, 789000, 2023, NOW(), 8, DEFAULT, NOW(), 4),
    (8, 976000, 2023, NOW(), 8, DEFAULT, NOW(), 4),
    (9, 675000, 2023, NOW(), 8, DEFAULT, NOW(), 4),
    (10, 976000, 2023, NOW(), 8, DEFAULT, NOW(), 4),
    (11, 967000, 2023, NOW(), 8, DEFAULT, NOW(), 4),
    (12, 866000, 2023, NOW(), 8, DEFAULT, NOW(), 4),
    -- 2022년 제품6
    (1, 568000, 2022, NOW(), 6, DEFAULT, NOW(), 4),
    (2, 976000, 2022, NOW(), 6, DEFAULT, NOW(), 4),
    (3, 923000, 2022, NOW(), 6, DEFAULT, NOW(), 4),
    (4, 976000, 2022, NOW(), 6, DEFAULT, NOW(), 4),
    (5, 437000, 2022, NOW(), 6, DEFAULT, NOW(), 4),
    (6, 865000, 2022, NOW(), 6, DEFAULT, NOW(), 4),
    (7, 346000, 2022, NOW(), 6, DEFAULT, NOW(), 4),
    (8, 865000, 2022, NOW(), 6, DEFAULT, NOW(), 4),
    (9, 634000, 2022, NOW(), 6, DEFAULT, NOW(), 4),
    (10, 865000, 2022, NOW(), 6, DEFAULT, NOW(), 4),
    (11, 755000, 2022, NOW(), 6, DEFAULT, NOW(), 4),
    (12, 865000, 2022, NOW(), 6, DEFAULT, NOW(), 4),
    -- 2022년 제품7
    (1, 976000, 2022, NOW(), 7, DEFAULT, NOW(), 4),
    (2, 426000, 2022, NOW(), 7, DEFAULT, NOW(), 4),
    (3, 965000, 2022, NOW(), 7, DEFAULT, NOW(), 4),
    (4, 856000, 2022, NOW(), 7, DEFAULT, NOW(), 4),
    (5, 974000, 2022, NOW(), 7, DEFAULT, NOW(), 4),
    (6, 497000, 2022, NOW(), 7, DEFAULT, NOW(), 4),
    (7, 956000, 2022, NOW(), 7, DEFAULT, NOW(), 4),
    (8, 479000, 2022, NOW(), 7, DEFAULT, NOW(), 4),
    (9, 865000, 2022, NOW(), 7, DEFAULT, NOW(), 4),
    (10, 845000, 2022, NOW(), 7, DEFAULT, NOW(), 4),
    (11, 975000, 2022, NOW(), 7, DEFAULT, NOW(), 4),
    (12, 655000, 2022, NOW(), 7, DEFAULT, NOW(), 4),
    -- 2022년 제품8
    (1, 957000, 2022, NOW(), 8, DEFAULT, NOW(), 4),
    (2, 975000, 2022, NOW(), 8, DEFAULT, NOW(), 4),
    (3, 356000, 2022, NOW(), 8, DEFAULT, NOW(), 4),
    (4, 865000, 2022, NOW(), 8, DEFAULT, NOW(), 4),
    (5, 347000, 2022, NOW(), 8, DEFAULT, NOW(), 4),
    (6, 857000, 2022, NOW(), 8, DEFAULT, NOW(), 4),
    (7, 895000, 2022, NOW(), 8, DEFAULT, NOW(), 4),
    (8, 760000, 2022, NOW(), 8, DEFAULT, NOW(), 4),
    (9, 479000, 2022, NOW(), 8, DEFAULT, NOW(), 4),
    (10, 895000, 2022, NOW(), 8, DEFAULT, NOW(), 4),
    (11, 647000, 2022, NOW(), 8, DEFAULT, NOW(), 4),
    (12, 946800, 2022, NOW(), 8, DEFAULT, NOW(), 4);

-- (user = 8 : 2022 /2023/ 2024 데이터)
INSERT INTO tb_target_sale (month, month_target, year, created_at, product_no, target_sale_no, updated_at, user_no) VALUES
    -- 2024년 제품1
    (1, 846000, 2024, NOW(), 1, DEFAULT, NOW(), 8),
    (2, 736000, 2024, NOW(), 1, DEFAULT, NOW(), 8),
    (3, 865000, 2024, NOW(), 1, DEFAULT, NOW(), 8),
    (4, 345600, 2024, NOW(), 1, DEFAULT, NOW(), 8),
    (5, 1200000, 2024, NOW(), 1, DEFAULT, NOW(), 8),
    (6, 743000, 2024, NOW(), 1, DEFAULT, NOW(), 8),
    (7, 934000, 2024, NOW(), 1, DEFAULT, NOW(), 8),
    (8, 1150000, 2024, NOW(), 1, DEFAULT, NOW(), 8),
    (9, 634000, 2024, NOW(), 1, DEFAULT, NOW(), 8),
    (10, 1230000, 2024, NOW(), 1, DEFAULT, NOW(), 8),
    (11, 840000, 2024, NOW(), 1, DEFAULT, NOW(), 8),
    (12, 560000, 2024, NOW(), 1, DEFAULT, NOW(), 8),
    -- 2024년 제품2
    (1, 860000, 2024, NOW(), 2, DEFAULT, NOW(), 8),
    (2, 568000, 2024, NOW(), 2, DEFAULT, NOW(), 8),
    (3, 658000, 2024, NOW(), 2, DEFAULT, NOW(), 8),
    (4, 563000, 2024, NOW(), 2, DEFAULT, NOW(), 8),
    (5, 977000, 2024, NOW(), 2, DEFAULT, NOW(), 8),
    (6, 764000, 2024, NOW(), 2, DEFAULT, NOW(), 8),
    (7, 975000, 2024, NOW(), 2, DEFAULT, NOW(), 8),
    (8, 976000, 2024, NOW(), 2, DEFAULT, NOW(), 8),
    (9, 348000, 2024, NOW(), 2, DEFAULT, NOW(), 8),
    (10, 986000, 2024, NOW(), 2, DEFAULT, NOW(), 8),
    (11, 700000, 2024, NOW(), 2, DEFAULT, NOW(), 8),
    (12, 857000, 2024, NOW(), 2, DEFAULT, NOW(), 8),
    -- 2024년 제품3
    (1, 400000, 2024, NOW(), 3, DEFAULT, NOW(), 8),
    (2, 670000, 2024, NOW(), 3, DEFAULT, NOW(), 8),
    (3, 1440000, 2024, NOW(), 3, DEFAULT, NOW(), 8),
    (4, 470000, 2024, NOW(), 3, DEFAULT, NOW(), 8),
    (5, 5800000, 2024, NOW(), 3, DEFAULT, NOW(), 8),
    (6, 786000, 2024, NOW(), 3, DEFAULT, NOW(), 8),
    (7, 990000, 2024, NOW(), 3, DEFAULT, NOW(), 8),
    (8, 16700000, 2024, NOW(), 3, DEFAULT, NOW(), 8),
    (9, 667000, 2024, NOW(), 3, DEFAULT, NOW(), 8),
    (10, 970000, 2024, NOW(), 3, DEFAULT, NOW(), 8),
    (11, 430000, 2024, NOW(), 3, DEFAULT, NOW(), 8),
    (12, 860000, 2024, NOW(), 3, DEFAULT, NOW(), 8),
    -- 2023년 제품4
    (1, 580000, 2024, NOW(), 4, DEFAULT, NOW(), 8),
    (2, 7500000, 2024, NOW(), 4, DEFAULT, NOW(), 8),
    (3, 1260000, 2024, NOW(), 4, DEFAULT, NOW(), 8),
    (4, 460000, 2024, NOW(), 4, DEFAULT, NOW(), 8),
    (5, 540000, 2024, NOW(), 4, DEFAULT, NOW(), 8),
    (6, 780000, 2024, NOW(), 4, DEFAULT, NOW(), 8),
    (7, 980000, 2024, NOW(), 4, DEFAULT, NOW(), 8),
    (8, 800000, 2024, NOW(), 4, DEFAULT, NOW(), 8),
    (9, 6400000, 2024, NOW(), 4, DEFAULT, NOW(), 8),
    (10, 850000, 2024, NOW(), 4, DEFAULT, NOW(), 8),
    (11, 780000, 2024, NOW(), 4, DEFAULT, NOW(), 8),
    (12, 810000, 2024, NOW(), 4, DEFAULT, NOW(), 8),
    -- 2023년 제품1
    (1, 700000, 2023, NOW(), 1, DEFAULT, NOW(), 8),
    (2, 6430000, 2023, NOW(), 1, DEFAULT, NOW(), 8),
    (3, 754000, 2023, NOW(), 1, DEFAULT, NOW(), 8),
    (4, 865000, 2023, NOW(), 1, DEFAULT, NOW(), 8),
    (5, 654000, 2023, NOW(), 1, DEFAULT, NOW(), 8),
    (6, 346000, 2023, NOW(), 1, DEFAULT, NOW(), 8),
    (7, 865000, 2023, NOW(), 1, DEFAULT, NOW(), 8),
    (8, 346000, 2023, NOW(), 1, DEFAULT, NOW(), 8),
    (9, 864000, 2023, NOW(), 1, DEFAULT, NOW(), 8),
    (10, 548000, 2023, NOW(), 1, DEFAULT, NOW(), 8),
    (11, 544000, 2023, NOW(), 1, DEFAULT, NOW(), 8),
    (12, 854000, 2023, NOW(), 1, DEFAULT, NOW(), 8),
    -- 2023년 제품2
    (1, 864000, 2023, NOW(), 2, DEFAULT, NOW(), 8),
    (2, 654000, 2023, NOW(), 2, DEFAULT, NOW(), 8),
    (3, 854000, 2023, NOW(), 2, DEFAULT, NOW(), 8),
    (4, 345000, 2023, NOW(), 2, DEFAULT, NOW(), 8),
    (5, 970000, 2023, NOW(), 2, DEFAULT, NOW(), 8),
    (6, 974000, 2023, NOW(), 2, DEFAULT, NOW(), 8),
    (7, 685000, 2023, NOW(), 2, DEFAULT, NOW(), 8),
    (8, 650000, 2023, NOW(), 2, DEFAULT, NOW(), 8),
    (9, 965000, 2023, NOW(), 2, DEFAULT, NOW(), 8),
    (10, 850000, 2023, NOW(), 2, DEFAULT, NOW(), 8),
    (11, 8650000, 2023, NOW(), 2, DEFAULT, NOW(), 8),
    (12, 856000, 2023, NOW(), 2, DEFAULT, NOW(), 8),
    -- 2023년 제품3
    (1, 685000, 2023, NOW(), 3, DEFAULT, NOW(), 8),
    (2, 658000, 2023, NOW(), 3, DEFAULT, NOW(), 8),
    (3, 945000, 2023, NOW(), 3, DEFAULT, NOW(), 8),
    (4, 485000, 2023, NOW(), 3, DEFAULT, NOW(), 8),
    (5, 865000, 2023, NOW(), 3, DEFAULT, NOW(), 8),
    (6, 457000, 2023, NOW(), 3, DEFAULT, NOW(), 8),
    (7, 865000, 2023, NOW(), 3, DEFAULT, NOW(), 8),
    (8, 457000, 2023, NOW(), 3, DEFAULT, NOW(), 8),
    (9, 976000, 2023, NOW(), 3, DEFAULT, NOW(), 8),
    (10, 658000, 2023, NOW(), 3, DEFAULT, NOW(), 8),
    (11, 965000, 2023, NOW(), 3, DEFAULT, NOW(), 8),
    (12, 935000, 2023, NOW(), 3, DEFAULT, NOW(), 8),
    -- 2023년 제품4
    (1, 856000, 2023, NOW(), 4, DEFAULT, NOW(), 8),
    (2, 965000, 2023, NOW(), 4, DEFAULT, NOW(), 8),
    (3, 458000, 2023, NOW(), 4, DEFAULT, NOW(), 8),
    (4, 845000, 2023, NOW(), 4, DEFAULT, NOW(), 8),
    (5, 346000, 2023, NOW(), 4, DEFAULT, NOW(), 8),
    (6, 854000, 2023, NOW(), 4, DEFAULT, NOW(), 8),
    (7, 346000, 2023, NOW(), 4, DEFAULT, NOW(), 8),
    (8, 960000, 2023, NOW(), 4, DEFAULT, NOW(), 8),
    (9, 976000, 2023, NOW(), 4, DEFAULT, NOW(), 8),
    (10, 670000, 2023, NOW(), 4, DEFAULT, NOW(), 8),
    (11, 769000, 2023, NOW(), 4, DEFAULT, NOW(), 8),
    (12, 860000, 2023, NOW(), 4, DEFAULT, NOW(), 8),
    -- 2022년 제품1
    (1, 865000, 2022, NOW(), 1, DEFAULT, NOW(), 8),
    (2, 753000, 2022, NOW(), 1, DEFAULT, NOW(), 8),
    (3, 865000, 2022, NOW(), 1, DEFAULT, NOW(), 8),
    (4, 364000, 2022, NOW(), 1, DEFAULT, NOW(), 8),
    (5, 965000, 2022, NOW(), 1, DEFAULT, NOW(), 8),
    (6, 364000, 2022, NOW(), 1, DEFAULT, NOW(), 8),
    (7, 865000, 2022, NOW(), 1, DEFAULT, NOW(), 8),
    (8, 560000, 2022, NOW(), 1, DEFAULT, NOW(), 8),
    (9, 658000, 2022, NOW(), 1, DEFAULT, NOW(), 8),
    (10, 1580000, 2022, NOW(), 1, DEFAULT, NOW(), 8),
    (11, 586000, 2022, NOW(), 1, DEFAULT, NOW(), 8),
    (12, 375000, 2022, NOW(), 1, DEFAULT, NOW(), 8),
    -- 2022년 제품2
    (1, 658000, 2022, NOW(), 2, DEFAULT, NOW(), 8),
    (2, 457000, 2022, NOW(), 2, DEFAULT, NOW(), 8),
    (3, 747000, 2022, NOW(), 2, DEFAULT, NOW(), 8),
    (4, 854000, 2022, NOW(), 2, DEFAULT, NOW(), 8),
    (5, 457000, 2022, NOW(), 2, DEFAULT, NOW(), 8),
    (6, 854000, 2022, NOW(), 2, DEFAULT, NOW(), 8),
    (7, 358000, 2022, NOW(), 2, DEFAULT, NOW(), 8),
    (8, 860000, 2022, NOW(), 2, DEFAULT, NOW(), 8),
    (9, 458000, 2022, NOW(), 2, DEFAULT, NOW(), 8),
    (10, 685000, 2022, NOW(), 2, DEFAULT, NOW(), 8),
    (11, 658000, 2022, NOW(), 2, DEFAULT, NOW(), 8),
    (12, 854000, 2022, NOW(), 2, DEFAULT, NOW(), 8),
    -- 2022년 제품3
    (1, 4320000, 2022, NOW(), 3, DEFAULT, NOW(), 8),
    (2, 436700, 2022, NOW(), 3, DEFAULT, NOW(), 8),
    (3, 435000, 2022, NOW(), 3, DEFAULT, NOW(), 8),
    (4, 754000, 2022, NOW(), 3, DEFAULT, NOW(), 8),
    (5, 4570000, 2022, NOW(), 3, DEFAULT, NOW(), 8),
    (6, 685000, 2022, NOW(), 3, DEFAULT, NOW(), 8),
    (7, 478000, 2022, NOW(), 3, DEFAULT, NOW(), 8),
    (8, 860000, 2022, NOW(), 3, DEFAULT, NOW(), 8),
    (9, 658000, 2022, NOW(), 3, DEFAULT, NOW(), 8),
    (10, 5680000, 2022, NOW(), 3, DEFAULT, NOW(), 8),
    (11, 865000, 2022, NOW(), 3, DEFAULT, NOW(), 8),
    (12, 806000, 2022, NOW(), 3, DEFAULT, NOW(), 8),
    -- 2022년 제품4
    (1, 635000, 2022, NOW(), 4, DEFAULT, NOW(), 8),
    (2, 863000, 2022, NOW(), 4, DEFAULT, NOW(), 8),
    (3, 834000, 2022, NOW(), 4, DEFAULT, NOW(), 8),
    (4, 754000, 2022, NOW(), 4, DEFAULT, NOW(), 8),
    (5, 437000, 2022, NOW(), 4, DEFAULT, NOW(), 8),
    (6, 865000, 2022, NOW(), 4, DEFAULT, NOW(), 8),
    (7, 478000, 2022, NOW(), 4, DEFAULT, NOW(), 8),
    (8, 865000, 2022, NOW(), 4, DEFAULT, NOW(), 8),
    (9, 568000, 2022, NOW(), 4, DEFAULT, NOW(), 8),
    (10, 865000, 2022, NOW(), 4, DEFAULT, NOW(), 8),
    (11, 548000, 2022, NOW(), 4, DEFAULT, NOW(), 8),
    (12, 696000, 2022, NOW(), 4, DEFAULT, NOW(), 8);

-- (user = 9 : 2022 /2023/ 2024 데이터)
INSERT INTO tb_target_sale (month, month_target, year, created_at, product_no, target_sale_no, updated_at, user_no) VALUES
    -- 2024년 제품1
    (1, 362000, 2024, NOW(), 1, DEFAULT, NOW(), 9),
    (2, 854000, 2024, NOW(), 1, DEFAULT, NOW(), 9),
    (3, 458000, 2024, NOW(), 1, DEFAULT, NOW(), 9),
    (4, 548000, 2024, NOW(), 1, DEFAULT, NOW(), 9),
    (5, 437000, 2024, NOW(), 1, DEFAULT, NOW(), 9),
    (6, 975000, 2024, NOW(), 1, DEFAULT, NOW(), 9),
    (7, 569000, 2024, NOW(), 1, DEFAULT, NOW(), 9),
    (8, 569000, 2024, NOW(), 1, DEFAULT, NOW(), 9),
    (9, 685000, 2024, NOW(), 1, DEFAULT, NOW(), 9),
    (10, 965000, 2024, NOW(), 1, DEFAULT, NOW(), 9),
    (11, 569000, 2024, NOW(), 1, DEFAULT, NOW(), 9),
    (12, 856000, 2024, NOW(), 1, DEFAULT, NOW(), 9),
    -- 2024년 제품2
    (1, 456000, 2024, NOW(), 2, DEFAULT, NOW(), 9),
    (2, 548000, 2024, NOW(), 2, DEFAULT, NOW(), 9),
    (3, 865000, 2024, NOW(), 2, DEFAULT, NOW(), 9),
    (4, 580000, 2024, NOW(), 2, DEFAULT, NOW(), 9),
    (5, 757000, 2024, NOW(), 2, DEFAULT, NOW(), 9),
    (6, 976000, 2024, NOW(), 2, DEFAULT, NOW(), 9),
    (7, 943000, 2024, NOW(), 2, DEFAULT, NOW(), 9),
    (8, 754000, 2024, NOW(), 2, DEFAULT, NOW(), 9),
    (9, 854000, 2024, NOW(), 2, DEFAULT, NOW(), 9),
    (10, 548000, 2024, NOW(), 2, DEFAULT, NOW(), 9),
    (11, 548000, 2024, NOW(), 2, DEFAULT, NOW(), 9),
    (12, 886000, 2024, NOW(), 2, DEFAULT, NOW(), 9),
    -- 2024년 제품3
    (1, 854000, 2024, NOW(), 3, DEFAULT, NOW(), 9),
    (2, 348000, 2024, NOW(), 3, DEFAULT, NOW(), 9),
    (3, 588000, 2024, NOW(), 3, DEFAULT, NOW(), 9),
    (4, 485000, 2024, NOW(), 3, DEFAULT, NOW(), 9),
    (5, 685000, 2024, NOW(), 3, DEFAULT, NOW(), 9),
    (6, 756000, 2024, NOW(), 3, DEFAULT, NOW(), 9),
    (7, 965900, 2024, NOW(), 3, DEFAULT, NOW(), 9),
    (8, 1250000, 2024, NOW(), 3, DEFAULT, NOW(), 9),
    (9, 6560000, 2024, NOW(), 3, DEFAULT, NOW(), 9),
    (10, 828000, 2024, NOW(), 3, DEFAULT, NOW(), 9),
    (11, 750000, 2024, NOW(), 3, DEFAULT, NOW(), 9),
    (12, 580000, 2024, NOW(), 3, DEFAULT, NOW(), 9),
    -- 2023년 제품4
    (1, 463000, 2024, NOW(), 4, DEFAULT, NOW(), 9),
    (2, 753000, 2024, NOW(), 4, DEFAULT, NOW(), 9),
    (3, 860000, 2024, NOW(), 4, DEFAULT, NOW(), 9),
    (4, 560000, 2024, NOW(), 4, DEFAULT, NOW(), 9),
    (5, 865000, 2024, NOW(), 4, DEFAULT, NOW(), 9),
    (6, 346000, 2024, NOW(), 4, DEFAULT, NOW(), 9),
    (7, 865000, 2024, NOW(), 4, DEFAULT, NOW(), 9),
    (8, 659000, 2024, NOW(), 4, DEFAULT, NOW(), 9),
    (9, 865000, 2024, NOW(), 4, DEFAULT, NOW(), 9),
    (10, 855000, 2024, NOW(), 4, DEFAULT, NOW(), 9),
    (11, 360000, 2024, NOW(), 4, DEFAULT, NOW(), 9),
    (12, 380500, 2024, NOW(), 4, DEFAULT, NOW(), 9),
    -- 2023년 제품1
    (1, 643000, 2023, NOW(), 1, DEFAULT, NOW(), 9),
    (2, 346000, 2023, NOW(), 1, DEFAULT, NOW(), 9),
    (3, 643000, 2023, NOW(), 1, DEFAULT, NOW(), 9),
    (4, 347000, 2023, NOW(), 1, DEFAULT, NOW(), 9),
    (5, 545000, 2023, NOW(), 1, DEFAULT, NOW(), 9),
    (6, 775000, 2023, NOW(), 1, DEFAULT, NOW(), 9),
    (7, 947000, 2023, NOW(), 1, DEFAULT, NOW(), 9),
    (8, 1150000, 2023, NOW(), 1, DEFAULT, NOW(), 9),
    (9, 623000, 2023, NOW(), 1, DEFAULT, NOW(), 9),
    (10, 6430000, 2023, NOW(), 1, DEFAULT, NOW(), 9),
    (11, 865000, 2023, NOW(), 1, DEFAULT, NOW(), 9),
    (12, 363000, 2023, NOW(), 1, DEFAULT, NOW(), 9),
    -- 2023년 제품2
    (1, 976000, 2023, NOW(), 2, DEFAULT, NOW(), 9),
    (2, 757000, 2023, NOW(), 2, DEFAULT, NOW(), 9),
    (3, 965000, 2023, NOW(), 2, DEFAULT, NOW(), 9),
    (4, 568000, 2023, NOW(), 2, DEFAULT, NOW(), 9),
    (5, 865000, 2023, NOW(), 2, DEFAULT, NOW(), 9),
    (6, 685600, 2023, NOW(), 2, DEFAULT, NOW(), 9),
    (7, 865000, 2023, NOW(), 2, DEFAULT, NOW(), 9),
    (8, 568000, 2023, NOW(), 2, DEFAULT, NOW(), 9),
    (9, 685000, 2023, NOW(), 2, DEFAULT, NOW(), 9),
    (10, 236000, 2023, NOW(), 2, DEFAULT, NOW(), 9),
    (11, 754000, 2023, NOW(), 2, DEFAULT, NOW(), 9),
    (12, 230000, 2023, NOW(), 2, DEFAULT, NOW(), 9),
    -- 2023년 제품3
    (1, 754000, 2023, NOW(), 3, DEFAULT, NOW(), 9),
    (2, 457000, 2023, NOW(), 3, DEFAULT, NOW(), 9),
    (3, 754000, 2023, NOW(), 3, DEFAULT, NOW(), 9),
    (4, 358000, 2023, NOW(), 3, DEFAULT, NOW(), 9),
    (5, 754000, 2023, NOW(), 3, DEFAULT, NOW(), 9),
    (6, 854000, 2023, NOW(), 3, DEFAULT, NOW(), 9),
    (7, 745500, 2023, NOW(), 3, DEFAULT, NOW(), 9),
    (8, 437000, 2023, NOW(), 3, DEFAULT, NOW(), 9),
    (9, 657000, 2023, NOW(), 3, DEFAULT, NOW(), 9),
    (10, 750000, 2023, NOW(), 3, DEFAULT, NOW(), 9),
    (11, 757000, 2023, NOW(), 3, DEFAULT, NOW(), 9),
    (12, 568000, 2023, NOW(), 3, DEFAULT, NOW(), 9),
    -- 2023년 제품4
    (1, 757000, 2023, NOW(), 4, DEFAULT, NOW(), 9),
    (2, 645000, 2023, NOW(), 4, DEFAULT, NOW(), 9),
    (3, 524600, 2023, NOW(), 4, DEFAULT, NOW(), 9),
    (4, 876000, 2023, NOW(), 4, DEFAULT, NOW(), 9),
    (5, 976000, 2023, NOW(), 4, DEFAULT, NOW(), 9),
    (6, 679000, 2023, NOW(), 4, DEFAULT, NOW(), 9),
    (7, 979900, 2023, NOW(), 4, DEFAULT, NOW(), 9),
    (8, 1169000, 2023, NOW(), 4, DEFAULT, NOW(), 9),
    (9, 656700, 2023, NOW(), 4, DEFAULT, NOW(), 9),
    (10, 1297000, 2023, NOW(), 4, DEFAULT, NOW(), 9),
    (11, 757000, 2023, NOW(), 4, DEFAULT, NOW(), 9),
    (12, 897000, 2023, NOW(), 4, DEFAULT, NOW(), 9),
    -- 2022년 제품1
    (1, 400000, 2022, NOW(), 1, DEFAULT, NOW(), 9),
    (2, 600000, 2022, NOW(), 1, DEFAULT, NOW(), 9),
    (3, 140000, 2022, NOW(), 1, DEFAULT, NOW(), 9),
    (4, 400000, 2022, NOW(), 1, DEFAULT, NOW(), 9),
    (5, 500000, 2022, NOW(), 1, DEFAULT, NOW(), 9),
    (6, 700000, 2022, NOW(), 1, DEFAULT, NOW(), 9),
    (7, 900000, 2022, NOW(), 1, DEFAULT, NOW(), 9),
    (8, 1100000, 2022, NOW(), 1, DEFAULT, NOW(), 9),
    (9, 600000, 2022, NOW(), 1, DEFAULT, NOW(), 9),
    (10, 1200000, 2022, NOW(), 1, DEFAULT, NOW(), 9),
    (11, 700000, 2022, NOW(), 1, DEFAULT, NOW(), 9),
    (12, 800000, 2022, NOW(), 1, DEFAULT, NOW(), 9),
    -- 2022년 제품2
    (1, 532000, 2022, NOW(), 2, DEFAULT, NOW(), 9),
    (2, 643000, 2022, NOW(), 2, DEFAULT, NOW(), 9),
    (3, 675000, 2022, NOW(), 2, DEFAULT, NOW(), 9),
    (4, 754000, 2022, NOW(), 2, DEFAULT, NOW(), 9),
    (5, 977000, 2022, NOW(), 2, DEFAULT, NOW(), 9),
    (6, 569000, 2022, NOW(), 2, DEFAULT, NOW(), 9),
    (7, 556000, 2022, NOW(), 2, DEFAULT, NOW(), 9),
    (8, 965000, 2022, NOW(), 2, DEFAULT, NOW(), 9),
    (9, 942000, 2022, NOW(), 2, DEFAULT, NOW(), 9),
    (10, 583000, 2022, NOW(), 2, DEFAULT, NOW(), 9),
    (11, 958000, 2022, NOW(), 2, DEFAULT, NOW(), 9),
    (12, 838000, 2022, NOW(), 2, DEFAULT, NOW(), 9),
    -- 2022년 제품3
    (1, 958000, 2022, NOW(), 3, DEFAULT, NOW(), 9),
    (2, 964000, 2022, NOW(), 3, DEFAULT, NOW(), 9),
    (3, 609000, 2022, NOW(), 3, DEFAULT, NOW(), 9),
    (4, 394000, 2022, NOW(), 3, DEFAULT, NOW(), 9),
    (5, 534000, 2022, NOW(), 3, DEFAULT, NOW(), 9),
    (6, 693000, 2022, NOW(), 3, DEFAULT, NOW(), 9),
    (7, 532000, 2022, NOW(), 3, DEFAULT, NOW(), 9),
    (8, 4360000, 2022, NOW(), 3, DEFAULT, NOW(), 9),
    (9, 674000, 2022, NOW(), 3, DEFAULT, NOW(), 9),
    (10, 653000, 2022, NOW(), 3, DEFAULT, NOW(), 9),
    (11, 777000, 2022, NOW(), 3, DEFAULT, NOW(), 9),
    (12, 847000, 2022, NOW(), 3, DEFAULT, NOW(), 9),
    -- 2022년 제품4
    (1, 443000, 2022, NOW(), 4, DEFAULT, NOW(), 9),
    (2, 743000, 2022, NOW(), 4, DEFAULT, NOW(), 9),
    (3, 632000, 2022, NOW(), 4, DEFAULT, NOW(), 9),
    (4, 236000, 2022, NOW(), 4, DEFAULT, NOW(), 9),
    (5, 743000, 2022, NOW(), 4, DEFAULT, NOW(), 9),
    (6, 437000, 2022, NOW(), 4, DEFAULT, NOW(), 9),
    (7, 954000, 2022, NOW(), 4, DEFAULT, NOW(), 9),
    (8, 854000, 2022, NOW(), 4, DEFAULT, NOW(), 9),
    (9, 348000, 2022, NOW(), 4, DEFAULT, NOW(), 9),
    (10, 854000, 2022, NOW(), 4, DEFAULT, NOW(), 9),
    (11, 548000, 2022, NOW(), 4, DEFAULT, NOW(), 9),
    (12, 854000, 2022, NOW(), 4, DEFAULT, NOW(), 9);

-- (user = 10 : 2022 /2023/ 2024 데이터)
INSERT INTO tb_target_sale (month, month_target, year, created_at, product_no, target_sale_no, updated_at, user_no) VALUES
    -- 2024년 제품1
    (1, 532000, 2024, NOW(), 1, DEFAULT, NOW(), 10),
    (2, 642000, 2024, NOW(), 1, DEFAULT, NOW(), 10),
    (3, 1633000, 2024, NOW(), 1, DEFAULT, NOW(), 10),
    (4, 632000, 2024, NOW(), 1, DEFAULT, NOW(), 10),
    (5, 743000, 2024, NOW(), 1, DEFAULT, NOW(), 10),
    (6, 547000, 2024, NOW(), 1, DEFAULT, NOW(), 10),
    (7, 864000, 2024, NOW(), 1, DEFAULT, NOW(), 10),
    (8, 858000, 2024, NOW(), 1, DEFAULT, NOW(), 10),
    (9, 865000, 2024, NOW(), 1, DEFAULT, NOW(), 10),
    (10, 976000, 2024, NOW(), 1, DEFAULT, NOW(), 10),
    (11, 976000, 2024, NOW(), 1, DEFAULT, NOW(), 10),
    (12, 656000, 2024, NOW(), 1, DEFAULT, NOW(), 10),
    -- 2024년 제품2
    (1, 965000, 2024, NOW(), 2, DEFAULT, NOW(), 10),
    (2, 659000, 2024, NOW(), 2, DEFAULT, NOW(), 10),
    (3, 659000, 2024, NOW(), 2, DEFAULT, NOW(), 10),
    (4, 965000, 2024, NOW(), 2, DEFAULT, NOW(), 10),
    (5, 659000, 2024, NOW(), 2, DEFAULT, NOW(), 10),
    (6, 358000, 2024, NOW(), 2, DEFAULT, NOW(), 10),
    (7, 865000, 2024, NOW(), 2, DEFAULT, NOW(), 10),
    (8, 6850000, 2024, NOW(), 2, DEFAULT, NOW(), 10),
    (9, 695000, 2024, NOW(), 2, DEFAULT, NOW(), 10),
    (10, 8650000, 2024, NOW(), 2, DEFAULT, NOW(), 10),
    (11, 750000, 2024, NOW(), 2, DEFAULT, NOW(), 10),
    (12, 835000, 2024, NOW(), 2, DEFAULT, NOW(), 10),
    -- 2024년 제품3
    (1, 854000, 2024, NOW(), 3, DEFAULT, NOW(), 10),
    (2, 548000, 2024, NOW(), 3, DEFAULT, NOW(), 10),
    (3, 854000, 2024, NOW(), 3, DEFAULT, NOW(), 10),
    (4, 454000, 2024, NOW(), 3, DEFAULT, NOW(), 10),
    (5, 558000, 2024, NOW(), 3, DEFAULT, NOW(), 10),
    (6, 785000, 2024, NOW(), 3, DEFAULT, NOW(), 10),
    (7, 975000, 2024, NOW(), 3, DEFAULT, NOW(), 10),
    (8, 548000, 2024, NOW(), 3, DEFAULT, NOW(), 10),
    (9, 544000, 2024, NOW(), 3, DEFAULT, NOW(), 10),
    (10, 850000, 2024, NOW(), 3, DEFAULT, NOW(), 10),
    (11, 844000, 2024, NOW(), 3, DEFAULT, NOW(), 10),
    (12, 884000, 2024, NOW(), 3, DEFAULT, NOW(), 10),
    -- 2023년 제품4
    (1, 485000, 2024, NOW(), 4, DEFAULT, NOW(), 10),
    (2, 657000, 2024, NOW(), 4, DEFAULT, NOW(), 10),
    (3, 1547000, 2024, NOW(), 4, DEFAULT, NOW(), 10),
    (4, 475000, 2024, NOW(), 4, DEFAULT, NOW(), 10),
    (5, 455000, 2024, NOW(), 4, DEFAULT, NOW(), 10),
    (6, 845000, 2024, NOW(), 4, DEFAULT, NOW(), 10),
    (7, 975000, 2024, NOW(), 4, DEFAULT, NOW(), 10),
    (8, 854000, 2024, NOW(), 4, DEFAULT, NOW(), 10),
    (9, 445000, 2024, NOW(), 4, DEFAULT, NOW(), 10),
    (10, 850000, 2024, NOW(), 4, DEFAULT, NOW(), 10),
    (11, 855000, 2024, NOW(), 4, DEFAULT, NOW(), 10),
    (12, 854000, 2024, NOW(), 4, DEFAULT, NOW(), 10),
    -- 2023년 제품1
    (1, 458000, 2023, NOW(), 1, DEFAULT, NOW(), 10),
    (2, 845800, 2023, NOW(), 1, DEFAULT, NOW(), 10),
    (3, 1400000, 2023, NOW(), 1, DEFAULT, NOW(), 10),
    (4, 854000, 2023, NOW(), 1, DEFAULT, NOW(), 10),
    (5, 764000, 2023, NOW(), 1, DEFAULT, NOW(), 10),
    (6, 433000, 2023, NOW(), 1, DEFAULT, NOW(), 10),
    (7, 854000, 2023, NOW(), 1, DEFAULT, NOW(), 10),
    (8, 740000, 2023, NOW(), 1, DEFAULT, NOW(), 10),
    (9, 650000, 2023, NOW(), 1, DEFAULT, NOW(), 10),
    (10, 820000, 2023, NOW(), 1, DEFAULT, NOW(), 10),
    (11, 750000, 2023, NOW(), 1, DEFAULT, NOW(), 10),
    (12, 385000, 2023, NOW(), 1, DEFAULT, NOW(), 10),
    -- 2023년 제품2
    (1, 400000, 2023, NOW(), 2, DEFAULT, NOW(), 10),
    (2, 600000, 2023, NOW(), 2, DEFAULT, NOW(), 10),
    (3, 140000, 2023, NOW(), 2, DEFAULT, NOW(), 10),
    (4, 400000, 2023, NOW(), 2, DEFAULT, NOW(), 10),
    (5, 500000, 2023, NOW(), 2, DEFAULT, NOW(), 10),
    (6, 700000, 2023, NOW(), 2, DEFAULT, NOW(), 10),
    (7, 900000, 2023, NOW(), 2, DEFAULT, NOW(), 10),
    (8, 1100000, 2023, NOW(), 2, DEFAULT, NOW(), 10),
    (9, 600000, 2023, NOW(), 2, DEFAULT, NOW(), 10),
    (10, 1200000, 2023, NOW(), 2, DEFAULT, NOW(), 10),
    (11, 700000, 2023, NOW(), 2, DEFAULT, NOW(), 10),
    (12, 800000, 2023, NOW(), 2, DEFAULT, NOW(), 10),
    -- 2023년 제품3
    (1, 640000, 2023, NOW(), 3, DEFAULT, NOW(), 10),
    (2, 658000, 2023, NOW(), 3, DEFAULT, NOW(), 10),
    (3, 865000, 2023, NOW(), 3, DEFAULT, NOW(), 10),
    (4, 569000, 2023, NOW(), 3, DEFAULT, NOW(), 10),
    (5, 358000, 2023, NOW(), 3, DEFAULT, NOW(), 10),
    (6, 865000, 2023, NOW(), 3, DEFAULT, NOW(), 10),
    (7, 656000, 2023, NOW(), 3, DEFAULT, NOW(), 10),
    (8, 750000, 2023, NOW(), 3, DEFAULT, NOW(), 10),
    (9, 854000, 2023, NOW(), 3, DEFAULT, NOW(), 10),
    (10, 458000, 2023, NOW(), 3, DEFAULT, NOW(), 10),
    (11, 548000, 2023, NOW(), 3, DEFAULT, NOW(), 10),
    (12, 863000, 2023, NOW(), 3, DEFAULT, NOW(), 10),
    -- 2023년 제품4
    (1, 458000, 2023, NOW(), 4, DEFAULT, NOW(), 10),
    (2, 459000, 2023, NOW(), 4, DEFAULT, NOW(), 10),
    (3, 865000, 2023, NOW(), 4, DEFAULT, NOW(), 10),
    (4, 438000, 2023, NOW(), 4, DEFAULT, NOW(), 10),
    (5, 865000, 2023, NOW(), 4, DEFAULT, NOW(), 10),
    (6, 343800, 2023, NOW(), 4, DEFAULT, NOW(), 10),
    (7, 865000, 2023, NOW(), 4, DEFAULT, NOW(), 10),
    (8, 237000, 2023, NOW(), 4, DEFAULT, NOW(), 10),
    (9, 865000, 2023, NOW(), 4, DEFAULT, NOW(), 10),
    (10, 3480000, 2023, NOW(), 4, DEFAULT, NOW(), 10),
    (11, 765000, 2023, NOW(), 4, DEFAULT, NOW(), 10),
    (12, 860000, 2023, NOW(), 4, DEFAULT, NOW(), 10),
    -- 2022년 제품1
    (1, 400000, 2022, NOW(), 1, DEFAULT, NOW(), 10),
    (2, 600000, 2022, NOW(), 1, DEFAULT, NOW(), 10),
    (3, 140000, 2022, NOW(), 1, DEFAULT, NOW(), 10),
    (4, 400000, 2022, NOW(), 1, DEFAULT, NOW(), 10),
    (5, 500000, 2022, NOW(), 1, DEFAULT, NOW(), 10),
    (6, 700000, 2022, NOW(), 1, DEFAULT, NOW(), 10),
    (7, 900000, 2022, NOW(), 1, DEFAULT, NOW(), 10),
    (8, 1100000, 2022, NOW(), 1, DEFAULT, NOW(), 10),
    (9, 600000, 2022, NOW(), 1, DEFAULT, NOW(), 10),
    (10, 1200000, 2022, NOW(), 1, DEFAULT, NOW(), 10),
    (11, 700000, 2022, NOW(), 1, DEFAULT, NOW(), 10),
    (12, 800000, 2022, NOW(), 1, DEFAULT, NOW(), 10),
    -- 2022년 제품2
    (1, 327000, 2022, NOW(), 2, DEFAULT, NOW(), 10),
    (2, 754000, 2022, NOW(), 2, DEFAULT, NOW(), 10),
    (3, 427000, 2022, NOW(), 2, DEFAULT, NOW(), 10),
    (4, 854000, 2022, NOW(), 2, DEFAULT, NOW(), 10),
    (5, 854000, 2022, NOW(), 2, DEFAULT, NOW(), 10),
    (6, 458000, 2022, NOW(), 2, DEFAULT, NOW(), 10),
    (7, 657000, 2022, NOW(), 2, DEFAULT, NOW(), 10),
    (8, 860000, 2022, NOW(), 2, DEFAULT, NOW(), 10),
    (9, 656000, 2022, NOW(), 2, DEFAULT, NOW(), 10),
    (10, 960000, 2022, NOW(), 2, DEFAULT, NOW(), 10),
    (11, 560000, 2022, NOW(), 2, DEFAULT, NOW(), 10),
    (12, 650000, 2022, NOW(), 2, DEFAULT, NOW(), 10),
    -- 2022년 제품3
    (1, 659000, 2022, NOW(), 3, DEFAULT, NOW(), 10),
    (2, 569000, 2022, NOW(), 3, DEFAULT, NOW(), 10),
    (3, 776000, 2022, NOW(), 3, DEFAULT, NOW(), 10),
    (4, 496000, 2022, NOW(), 3, DEFAULT, NOW(), 10),
    (5, 659000, 2022, NOW(), 3, DEFAULT, NOW(), 10),
    (6, 569000, 2022, NOW(), 3, DEFAULT, NOW(), 10),
    (7, 956000, 2022, NOW(), 3, DEFAULT, NOW(), 10),
    (8, 569000, 2022, NOW(), 3, DEFAULT, NOW(), 10),
    (9, 674000, 2022, NOW(), 3, DEFAULT, NOW(), 10),
    (10, 1200000, 2022, NOW(), 3, DEFAULT, NOW(), 10),
    (11, 754000, 2022, NOW(), 3, DEFAULT, NOW(), 10),
    (12, 750000, 2022, NOW(), 3, DEFAULT, NOW(), 10),
    -- 2022년 제품4
    (1, 865000, 2022, NOW(), 4, DEFAULT, NOW(), 10),
    (2, 458000, 2022, NOW(), 4, DEFAULT, NOW(), 10),
    (3, 656000, 2022, NOW(), 4, DEFAULT, NOW(), 10),
    (4, 865000, 2022, NOW(), 4, DEFAULT, NOW(), 10),
    (5, 580000, 2022, NOW(), 4, DEFAULT, NOW(), 10),
    (6, 650000, 2022, NOW(), 4, DEFAULT, NOW(), 10),
    (7, 906000, 2022, NOW(), 4, DEFAULT, NOW(), 10),
    (8, 568000, 2022, NOW(), 4, DEFAULT, NOW(), 10),
    (9, 656300, 2022, NOW(), 4, DEFAULT, NOW(), 10),
    (10, 850000, 2022, NOW(), 4, DEFAULT, NOW(), 10),
    (11, 745000, 2022, NOW(), 4, DEFAULT, NOW(), 10),
    (12, 858000, 2022, NOW(), 4, DEFAULT, NOW(), 10);

-- (user = 11 : 2022 /2023/ 2024 데이터)
INSERT INTO tb_target_sale (month, month_target, year, created_at, product_no, target_sale_no, updated_at, user_no) VALUES
    -- 2024년 제품4
    (1, 400000, 2024, NOW(), 4, DEFAULT, NOW(), 11),
    (2, 600000, 2024, NOW(), 4, DEFAULT, NOW(), 11),
    (3, 140000, 2024, NOW(), 4, DEFAULT, NOW(), 11),
    (4, 400000, 2024, NOW(), 4, DEFAULT, NOW(), 11),
    (5, 500000, 2024, NOW(), 4, DEFAULT, NOW(), 11),
    (6, 700000, 2024, NOW(), 4, DEFAULT, NOW(), 11),
    (7, 900000, 2024, NOW(), 4, DEFAULT, NOW(), 11),
    (8, 1100000, 2024, NOW(), 4, DEFAULT, NOW(), 11),
    (9, 600000, 2024, NOW(), 4, DEFAULT, NOW(), 11),
    (10, 1200000, 2024, NOW(), 4, DEFAULT, NOW(), 11),
    (11, 700000, 2024, NOW(), 4, DEFAULT, NOW(), 11),
    (12, 800000, 2024, NOW(), 4, DEFAULT, NOW(), 11),
    -- 2024년 제품5
    (1, 545000, 2024, NOW(), 5, DEFAULT, NOW(), 11),
    (2, 458000, 2024, NOW(), 5, DEFAULT, NOW(), 11),
    (3, 745000, 2024, NOW(), 5, DEFAULT, NOW(), 11),
    (4, 450000, 2024, NOW(), 5, DEFAULT, NOW(), 11),
    (5, 555000, 2024, NOW(), 5, DEFAULT, NOW(), 11),
    (6, 458000, 2024, NOW(), 5, DEFAULT, NOW(), 11),
    (7, 458000, 2024, NOW(), 5, DEFAULT, NOW(), 11),
    (8, 754000, 2024, NOW(), 5, DEFAULT, NOW(), 11),
    (9, 458000, 2024, NOW(), 5, DEFAULT, NOW(), 11),
    (10, 4370000, 2024, NOW(), 5, DEFAULT, NOW(), 11),
    (11, 854000, 2024, NOW(), 5, DEFAULT, NOW(), 11),
    (12, 8500000, 2024, NOW(), 5, DEFAULT, NOW(), 11),
    -- 2024년 제품9
    (1, 458000, 2024, NOW(), 9, DEFAULT, NOW(), 11),
    (2, 854000, 2024, NOW(), 9, DEFAULT, NOW(), 11),
    (3, 547000, 2024, NOW(), 9, DEFAULT, NOW(), 11),
    (4, 540000, 2024, NOW(), 9, DEFAULT, NOW(), 11),
    (5, 850000, 2024, NOW(), 9, DEFAULT, NOW(), 11),
    (6, 754000, 2024, NOW(), 9, DEFAULT, NOW(), 11),
    (7, 754000, 2024, NOW(), 9, DEFAULT, NOW(), 11),
    (8, 770000, 2024, NOW(), 9, DEFAULT, NOW(), 11),
    (9, 640000, 2024, NOW(), 9, DEFAULT, NOW(), 11),
    (10, 1200000, 2024, NOW(), 9, DEFAULT, NOW(), 11),
    (11, 740000, 2024, NOW(), 9, DEFAULT, NOW(), 11),
    (12, 890000, 2024, NOW(), 9, DEFAULT, NOW(), 11),
    -- 2024년 제품 10
    (1, 530000, 2024, NOW(), 10, DEFAULT, NOW(), 11),
    (2, 650000, 2024, NOW(), 10, DEFAULT, NOW(), 11),
    (3, 230000, 2024, NOW(), 10, DEFAULT, NOW(), 11),
    (4, 643000, 2024, NOW(), 10, DEFAULT, NOW(), 11),
    (5, 754000, 2024, NOW(), 10, DEFAULT, NOW(), 11),
    (6, 542000, 2024, NOW(), 10, DEFAULT, NOW(), 11),
    (7, 754000, 2024, NOW(), 10, DEFAULT, NOW(), 11),
    (8, 865000, 2024, NOW(), 10, DEFAULT, NOW(), 11),
    (9, 965000, 2024, NOW(), 10, DEFAULT, NOW(), 11),
    (10, 357000, 2024, NOW(), 10, DEFAULT, NOW(), 11),
    (11, 8650000, 2024, NOW(), 10, DEFAULT, NOW(), 11),
    (12, 965000, 2024, NOW(), 10, DEFAULT, NOW(), 11),
    -- 2023년 제품4
    (1, 347000, 2023, NOW(), 4, DEFAULT, NOW(), 11),
    (2, 675000, 2023, NOW(), 4, DEFAULT, NOW(), 11),
    (3, 458000, 2023, NOW(), 4, DEFAULT, NOW(), 11),
    (4, 864000, 2023, NOW(), 4, DEFAULT, NOW(), 11),
    (5, 348000, 2023, NOW(), 4, DEFAULT, NOW(), 11),
    (6, 965000, 2023, NOW(), 4, DEFAULT, NOW(), 11),
    (7, 935000, 2023, NOW(), 4, DEFAULT, NOW(), 11),
    (8, 650000, 2023, NOW(), 4, DEFAULT, NOW(), 11),
    (9, 960000, 2023, NOW(), 4, DEFAULT, NOW(), 11),
    (10, 589000, 2023, NOW(), 4, DEFAULT, NOW(), 11),
    (11, 348000, 2023, NOW(), 4, DEFAULT, NOW(), 11),
    (12, 866000, 2023, NOW(), 4, DEFAULT, NOW(), 11),
    -- 2023년 제품5
    (1, 400000, 2023, NOW(), 5, DEFAULT, NOW(), 11),
    (2, 600000, 2023, NOW(), 5, DEFAULT, NOW(), 11),
    (3, 140000, 2023, NOW(), 5, DEFAULT, NOW(), 11),
    (4, 400000, 2023, NOW(), 5, DEFAULT, NOW(), 11),
    (5, 500000, 2023, NOW(), 5, DEFAULT, NOW(), 11),
    (6, 700000, 2023, NOW(), 5, DEFAULT, NOW(), 11),
    (7, 900000, 2023, NOW(), 5, DEFAULT, NOW(), 11),
    (8, 1100000, 2023, NOW(), 5, DEFAULT, NOW(), 11),
    (9, 600000, 2023, NOW(), 5, DEFAULT, NOW(), 11),
    (10, 1000000, 2023, NOW(), 5, DEFAULT, NOW(), 11),
    (11, 700000, 2023, NOW(), 5, DEFAULT, NOW(), 11),
    (12, 800000, 2023, NOW(), 5, DEFAULT, NOW(), 11),
    -- 2023년 제품9
    (1, 455000, 2023, NOW(), 9, DEFAULT, NOW(), 11),
    (2, 8640000, 2023, NOW(), 9, DEFAULT, NOW(), 11),
    (3, 963000, 2023, NOW(), 9, DEFAULT, NOW(), 11),
    (4, 659000, 2023, NOW(), 9, DEFAULT, NOW(), 11),
    (5, 535000, 2023, NOW(), 9, DEFAULT, NOW(), 11),
    (6, 965000, 2023, NOW(), 9, DEFAULT, NOW(), 11),
    (7, 358000, 2023, NOW(), 9, DEFAULT, NOW(), 11),
    (8, 960000, 2023, NOW(), 9, DEFAULT, NOW(), 11),
    (9, 670000, 2023, NOW(), 9, DEFAULT, NOW(), 11),
    (10, 760000, 2023, NOW(), 9, DEFAULT, NOW(), 11),
    (11, 976000, 2023, NOW(), 9, DEFAULT, NOW(), 11),
    (12, 569000, 2023, NOW(), 9, DEFAULT, NOW(), 11),
    -- 2023년 제품 10
    (1, 965000, 2023, NOW(), 10, DEFAULT, NOW(), 11),
    (2, 65300, 2023, NOW(), 10, DEFAULT, NOW(), 11),
    (3, 169000, 2023, NOW(), 10, DEFAULT, NOW(), 11),
    (4, 458000, 2023, NOW(), 10, DEFAULT, NOW(), 11),
    (5, 963000, 2023, NOW(), 10, DEFAULT, NOW(), 11),
    (6, 653000, 2023, NOW(), 10, DEFAULT, NOW(), 11),
    (7, 965000, 2023, NOW(), 10, DEFAULT, NOW(), 11),
    (8, 358000, 2023, NOW(), 10, DEFAULT, NOW(), 11),
    (9, 965000, 2023, NOW(), 10, DEFAULT, NOW(), 11),
    (10, 650000, 2023, NOW(), 10, DEFAULT, NOW(), 11),
    (11, 976000, 2023, NOW(), 10, DEFAULT, NOW(), 11),
    (12, 348000, 2023, NOW(), 10, DEFAULT, NOW(), 11),
    -- 2022년 제품4
    (1, 865000, 2022, NOW(), 4, DEFAULT, NOW(), 11),
    (2, 569000, 2022, NOW(), 4, DEFAULT, NOW(), 11),
    (3, 650000, 2022, NOW(), 4, DEFAULT, NOW(), 11),
    (4, 400000, 2022, NOW(), 4, DEFAULT, NOW(), 11),
    (5, 500000, 2022, NOW(), 4, DEFAULT, NOW(), 11),
    (6, 700000, 2022, NOW(), 4, DEFAULT, NOW(), 11),
    (7, 854000, 2022, NOW(), 4, DEFAULT, NOW(), 11),
    (8, 458000, 2022, NOW(), 4, DEFAULT, NOW(), 11),
    (9, 963000, 2022, NOW(), 4, DEFAULT, NOW(), 11),
    (10, 865000, 2022, NOW(), 4, DEFAULT, NOW(), 11),
    (11, 542000, 2022, NOW(), 4, DEFAULT, NOW(), 11),
    (12, 885000, 2022, NOW(), 4, DEFAULT, NOW(), 11),
    -- 2022년 제품5
    (1, 400000, 2022, NOW(), 5, DEFAULT, NOW(), 11),
    (2, 600000, 2022, NOW(), 5, DEFAULT, NOW(), 11),
    (3, 140000, 2022, NOW(), 5, DEFAULT, NOW(), 11),
    (4, 400000, 2022, NOW(), 5, DEFAULT, NOW(), 11),
    (5, 500000, 2022, NOW(), 5, DEFAULT, NOW(), 11),
    (6, 700000, 2022, NOW(), 5, DEFAULT, NOW(), 11),
    (7, 900000, 2022, NOW(), 5, DEFAULT, NOW(), 11),
    (8, 1100000, 2022, NOW(), 5, DEFAULT, NOW(), 11),
    (9, 600000, 2022, NOW(), 5, DEFAULT, NOW(), 11),
    (10, 1200000, 2022, NOW(), 5, DEFAULT, NOW(), 11),
    (11, 700000, 2022, NOW(), 5, DEFAULT, NOW(), 11),
    (12, 800000, 2022, NOW(), 5, DEFAULT, NOW(), 11),
    -- 2022년 제품9
    (1, 478000, 2022, NOW(), 9, DEFAULT, NOW(), 11),
    (2, 865000, 2022, NOW(), 9, DEFAULT, NOW(), 11),
    (3, 569900, 2022, NOW(), 9, DEFAULT, NOW(), 11),
    (4, 863000, 2022, NOW(), 9, DEFAULT, NOW(), 11),
    (5, 542000, 2022, NOW(), 9, DEFAULT, NOW(), 11),
    (6, 863000, 2022, NOW(), 9, DEFAULT, NOW(), 11),
    (7, 543000, 2022, NOW(), 9, DEFAULT, NOW(), 11),
    (8, 863000, 2022, NOW(), 9, DEFAULT, NOW(), 11),
    (9, 654000, 2022, NOW(), 9, DEFAULT, NOW(), 11),
    (10, 570000, 2022, NOW(), 9, DEFAULT, NOW(), 11),
    (11, 763000, 2022, NOW(), 9, DEFAULT, NOW(), 11),
    (12, 347000, 2022, NOW(), 9, DEFAULT, NOW(), 11),
    -- 2022년 제품 10
    (1, 458000, 2022, NOW(), 10, DEFAULT, NOW(), 11),
    (2, 854000, 2022, NOW(), 10, DEFAULT, NOW(), 11),
    (3, 145000, 2022, NOW(), 10, DEFAULT, NOW(), 11),
    (4, 865000, 2022, NOW(), 10, DEFAULT, NOW(), 11),
    (5, 424000, 2022, NOW(), 10, DEFAULT, NOW(), 11),
    (6, 700000, 2022, NOW(), 10, DEFAULT, NOW(), 11),
    (7, 940000, 2022, NOW(), 10, DEFAULT, NOW(), 11),
    (8, 740000, 2022, NOW(), 10, DEFAULT, NOW(), 11),
    (9, 650000, 2022, NOW(), 10, DEFAULT, NOW(), 11),
    (10, 1200000, 2022, NOW(), 10, DEFAULT, NOW(), 11),
    (11, 775000, 2022, NOW(), 10, DEFAULT, NOW(), 11),
    (12, 470000, 2022, NOW(), 10, DEFAULT, NOW(), 11);

-- (user = 12 : 2022 /2023/ 2024 데이터)
INSERT INTO tb_target_sale (month, month_target, year, created_at, product_no, target_sale_no, updated_at, user_no) VALUES
    -- 2024년 제품4
    (1, 400000, 2024, NOW(), 4, DEFAULT, NOW(), 12),
    (2, 600000, 2024, NOW(), 4, DEFAULT, NOW(), 12),
    (3, 140000, 2024, NOW(), 4, DEFAULT, NOW(), 12),
    (4, 400000, 2024, NOW(), 4, DEFAULT, NOW(), 12),
    (5, 500000, 2024, NOW(), 4, DEFAULT, NOW(), 12),
    (6, 700000, 2024, NOW(), 4, DEFAULT, NOW(), 12),
    (7, 900000, 2024, NOW(), 4, DEFAULT, NOW(), 12),
    (8, 1100000, 2024, NOW(), 4, DEFAULT, NOW(), 12),
    (9, 600000, 2024, NOW(), 4, DEFAULT, NOW(), 12),
    (10, 1000000, 2024, NOW(), 4, DEFAULT, NOW(), 12),
    (11, 700000, 2024, NOW(), 4, DEFAULT, NOW(), 12),
    (12, 800000, 2024, NOW(), 4, DEFAULT, NOW(), 12),
    -- 2024년 제품5
    (1, 433000, 2024, NOW(), 5, DEFAULT, NOW(), 12),
    (2, 437000, 2024, NOW(), 5, DEFAULT, NOW(), 12),
    (3, 863000, 2024, NOW(), 5, DEFAULT, NOW(), 12),
    (4, 865000, 2024, NOW(), 5, DEFAULT, NOW(), 12),
    (5, 475000, 2024, NOW(), 5, DEFAULT, NOW(), 12),
    (6, 457000, 2024, NOW(), 5, DEFAULT, NOW(), 12),
    (7, 865000, 2024, NOW(), 5, DEFAULT, NOW(), 12),
    (8, 650000, 2024, NOW(), 5, DEFAULT, NOW(), 12),
    (9, 865000, 2024, NOW(), 5, DEFAULT, NOW(), 12),
    (10, 560000, 2024, NOW(), 5, DEFAULT, NOW(), 12),
    (11, 786000, 2024, NOW(), 5, DEFAULT, NOW(), 12),
    (12, 563000, 2024, NOW(), 5, DEFAULT, NOW(), 12),
    -- 2024년 제품9
    (1, 865000, 2024, NOW(), 9, DEFAULT, NOW(), 12),
    (2, 658000, 2024, NOW(), 9, DEFAULT, NOW(), 12),
    (3, 865000, 2024, NOW(), 9, DEFAULT, NOW(), 12),
    (4, 864000, 2024, NOW(), 9, DEFAULT, NOW(), 12),
    (5, 547000, 2024, NOW(), 9, DEFAULT, NOW(), 12),
    (6, 658000, 2024, NOW(), 9, DEFAULT, NOW(), 12),
    (7, 965000, 2024, NOW(), 9, DEFAULT, NOW(), 12),
    (8, 560000, 2024, NOW(), 9, DEFAULT, NOW(), 12),
    (9, 865000, 2024, NOW(), 9, DEFAULT, NOW(), 12),
    (10, 653000, 2024, NOW(), 9, DEFAULT, NOW(), 12),
    (11, 700000, 2024, NOW(), 9, DEFAULT, NOW(), 12),
    (12, 643000, 2024, NOW(), 9, DEFAULT, NOW(), 12),
    -- 2024년 제품 10
    (1, 547000, 2024, NOW(), 10, DEFAULT, NOW(), 12),
    (2, 754000, 2024, NOW(), 10, DEFAULT, NOW(), 12),
    (3, 865800, 2024, NOW(), 10, DEFAULT, NOW(), 12),
    (4, 568000, 2024, NOW(), 10, DEFAULT, NOW(), 12),
    (5, 865000, 2024, NOW(), 10, DEFAULT, NOW(), 12),
    (6, 743000, 2024, NOW(), 10, DEFAULT, NOW(), 12),
    (7, 658000, 2024, NOW(), 10, DEFAULT, NOW(), 12),
    (8, 653000, 2024, NOW(), 10, DEFAULT, NOW(), 12),
    (9, 750000, 2024, NOW(), 10, DEFAULT, NOW(), 12),
    (10, 154000, 2024, NOW(), 10, DEFAULT, NOW(), 12),
    (11, 64300, 2024, NOW(), 10, DEFAULT, NOW(), 12),
    (12, 34600, 2024, NOW(), 10, DEFAULT, NOW(), 12),
    -- 2023년 제품4
    (1, 643000, 2023, NOW(), 4, DEFAULT, NOW(), 12),
    (2, 126400, 2023, NOW(), 4, DEFAULT, NOW(), 12),
    (3, 347000, 2023, NOW(), 4, DEFAULT, NOW(), 12),
    (4, 860000, 2023, NOW(), 4, DEFAULT, NOW(), 12),
    (5, 560000, 2023, NOW(), 4, DEFAULT, NOW(), 12),
    (6, 730000, 2023, NOW(), 4, DEFAULT, NOW(), 12),
    (7, 754000, 2023, NOW(), 4, DEFAULT, NOW(), 12),
    (8, 1457000, 2023, NOW(), 4, DEFAULT, NOW(), 12),
    (9, 976000, 2023, NOW(), 4, DEFAULT, NOW(), 12),
    (10, 670000, 2023, NOW(), 4, DEFAULT, NOW(), 12),
    (11, 976000, 2023, NOW(), 4, DEFAULT, NOW(), 12),
    (12, 670000, 2023, NOW(), 4, DEFAULT, NOW(), 12),
    -- 2023년 제품5
    (1, 400000, 2023, NOW(), 5, DEFAULT, NOW(), 12),
    (2, 600000, 2023, NOW(), 5, DEFAULT, NOW(), 12),
    (3, 140000, 2023, NOW(), 5, DEFAULT, NOW(), 12),
    (4, 400000, 2023, NOW(), 5, DEFAULT, NOW(), 12),
    (5, 500000, 2023, NOW(), 5, DEFAULT, NOW(), 12),
    (6, 700000, 2023, NOW(), 5, DEFAULT, NOW(), 12),
    (7, 900000, 2023, NOW(), 5, DEFAULT, NOW(), 12),
    (8, 1100000, 2023, NOW(), 5, DEFAULT, NOW(), 12),
    (9, 600000, 2023, NOW(), 5, DEFAULT, NOW(), 12),
    (10, 1000000, 2023, NOW(), 5, DEFAULT, NOW(), 12),
    (11, 700000, 2023, NOW(), 5, DEFAULT, NOW(), 12),
    (12, 800000, 2023, NOW(), 5, DEFAULT, NOW(), 12),
    -- 2023년 제품9
    (1, 976000, 2023, NOW(), 9, DEFAULT, NOW(), 12),
    (2, 4760000, 2023, NOW(), 9, DEFAULT, NOW(), 12),
    (3, 976000, 2023, NOW(), 9, DEFAULT, NOW(), 12),
    (4, 458000, 2023, NOW(), 9, DEFAULT, NOW(), 12),
    (5, 643000, 2023, NOW(), 9, DEFAULT, NOW(), 12),
    (6, 769000, 2023, NOW(), 9, DEFAULT, NOW(), 12),
    (7, 769000, 2023, NOW(), 9, DEFAULT, NOW(), 12),
    (8, 445000, 2023, NOW(), 9, DEFAULT, NOW(), 12),
    (9, 865000, 2023, NOW(), 9, DEFAULT, NOW(), 12),
    (10, 340000, 2023, NOW(), 9, DEFAULT, NOW(), 12),
    (11, 653000, 2023, NOW(), 9, DEFAULT, NOW(), 12),
    (12, 865000, 2023, NOW(), 9, DEFAULT, NOW(), 12),
    -- 2023년 제품 10
    (1, 568000, 2023, NOW(), 10, DEFAULT, NOW(), 12),
    (2, 347000, 2023, NOW(), 10, DEFAULT, NOW(), 12),
    (3, 865000, 2023, NOW(), 10, DEFAULT, NOW(), 12),
    (4, 450000, 2023, NOW(), 10, DEFAULT, NOW(), 12),
    (5, 865000, 2023, NOW(), 10, DEFAULT, NOW(), 12),
    (6, 765800, 2023, NOW(), 10, DEFAULT, NOW(), 12),
    (7, 865000, 2023, NOW(), 10, DEFAULT, NOW(), 12),
    (8, 1340000, 2023, NOW(), 10, DEFAULT, NOW(), 12),
    (9, 675000, 2023, NOW(), 10, DEFAULT, NOW(), 12),
    (10, 230000, 2023, NOW(), 10, DEFAULT, NOW(), 12),
    (11, 540000, 2023, NOW(), 10, DEFAULT, NOW(), 12),
    (12, 865000, 2023, NOW(), 10, DEFAULT, NOW(), 12),
    -- 2022년 제품4
    (1, 568000, 2022, NOW(), 4, DEFAULT, NOW(), 12),
    (2, 865000, 2022, NOW(), 4, DEFAULT, NOW(), 12),
    (3, 568000, 2022, NOW(), 4, DEFAULT, NOW(), 12),
    (4, 568000, 2022, NOW(), 4, DEFAULT, NOW(), 12),
    (5, 658000, 2022, NOW(), 4, DEFAULT, NOW(), 12),
    (6, 568000, 2022, NOW(), 4, DEFAULT, NOW(), 12),
    (7, 865000, 2022, NOW(), 4, DEFAULT, NOW(), 12),
    (8, 568000, 2022, NOW(), 4, DEFAULT, NOW(), 12),
    (9, 865000, 2022, NOW(), 4, DEFAULT, NOW(), 12),
    (10, 569000, 2022, NOW(), 4, DEFAULT, NOW(), 12),
    (11, 569000, 2022, NOW(), 4, DEFAULT, NOW(), 12),
    (12, 563000, 2022, NOW(), 4, DEFAULT, NOW(), 12),
    -- 2022년 제품5
    (1, 400000, 2022, NOW(), 5, DEFAULT, NOW(), 12),
    (2, 600000, 2022, NOW(), 5, DEFAULT, NOW(), 12),
    (3, 140000, 2022, NOW(), 5, DEFAULT, NOW(), 12),
    (4, 400000, 2022, NOW(), 5, DEFAULT, NOW(), 12),
    (5, 500000, 2022, NOW(), 5, DEFAULT, NOW(), 12),
    (6, 700000, 2022, NOW(), 5, DEFAULT, NOW(), 12),
    (7, 900000, 2022, NOW(), 5, DEFAULT, NOW(), 12),
    (8, 1100000, 2022, NOW(), 5, DEFAULT, NOW(), 12),
    (9, 600000, 2022, NOW(), 5, DEFAULT, NOW(), 12),
    (10, 1200000, 2022, NOW(), 5, DEFAULT, NOW(), 12),
    (11, 700000, 2022, NOW(), 5, DEFAULT, NOW(), 12),
    (12, 800000, 2022, NOW(), 5, DEFAULT, NOW(), 12),
    -- 2022년 제품9
    (1, 754000, 2022, NOW(), 9, DEFAULT, NOW(), 12),
    (2, 623000, 2022, NOW(), 9, DEFAULT, NOW(), 12),
    (3, 754000, 2022, NOW(), 9, DEFAULT, NOW(), 12),
    (4, 490000, 2022, NOW(), 9, DEFAULT, NOW(), 12),
    (5, 534600, 2022, NOW(), 9, DEFAULT, NOW(), 12),
    (6, 764000, 2022, NOW(), 9, DEFAULT, NOW(), 12),
    (7, 654000, 2022, NOW(), 9, DEFAULT, NOW(), 12),
    (8, 236000, 2022, NOW(), 9, DEFAULT, NOW(), 12),
    (9, 542000, 2022, NOW(), 9, DEFAULT, NOW(), 12),
    (10, 1540000, 2022, NOW(), 9, DEFAULT, NOW(), 12),
    (11, 754000, 2022, NOW(), 9, DEFAULT, NOW(), 12),
    (12, 347000, 2022, NOW(), 9, DEFAULT, NOW(), 12),
    -- 2022년 제품 10
    (1, 437000, 2022, NOW(), 10, DEFAULT, NOW(), 12),
    (2, 865000, 2022, NOW(), 10, DEFAULT, NOW(), 12),
    (3, 367000, 2022, NOW(), 10, DEFAULT, NOW(), 12),
    (4, 854000, 2022, NOW(), 10, DEFAULT, NOW(), 12),
    (5, 437000, 2022, NOW(), 10, DEFAULT, NOW(), 12),
    (6, 765000, 2022, NOW(), 10, DEFAULT, NOW(), 12),
    (7, 945000, 2022, NOW(), 10, DEFAULT, NOW(), 12),
    (8, 854000, 2022, NOW(), 10, DEFAULT, NOW(), 12),
    (9, 600000, 2022, NOW(), 10, DEFAULT, NOW(), 12),
    (10, 750000, 2022, NOW(), 10, DEFAULT, NOW(), 12),
    (11, 740000, 2022, NOW(), 10, DEFAULT, NOW(), 12),
    (12, 250000, 2022, NOW(), 10, DEFAULT, NOW(), 12);

-- (user = 13 : 2022 /2023/ 2024 데이터)
INSERT INTO tb_target_sale (month, month_target, year, created_at, product_no, target_sale_no, updated_at, user_no) VALUES
    -- 2024년 제품4
    (1, 643000, 2024, NOW(), 4, DEFAULT, NOW(), 13),
    (2, 436000, 2024, NOW(), 4, DEFAULT, NOW(), 13),
    (3, 754000, 2024, NOW(), 4, DEFAULT, NOW(), 13),
    (4, 457000, 2024, NOW(), 4, DEFAULT, NOW(), 13),
    (5, 754000, 2024, NOW(), 4, DEFAULT, NOW(), 13),
    (6, 568000, 2024, NOW(), 4, DEFAULT, NOW(), 13),
    (7, 658000, 2024, NOW(), 4, DEFAULT, NOW(), 13),
    (8, 560000, 2024, NOW(), 4, DEFAULT, NOW(), 13),
    (9, 860000, 2024, NOW(), 4, DEFAULT, NOW(), 13),
    (10, 670000, 2024, NOW(), 4, DEFAULT, NOW(), 13),
    (11, 987000, 2024, NOW(), 4, DEFAULT, NOW(), 13),
    (12, 856000, 2024, NOW(), 4, DEFAULT, NOW(), 13),
    -- 2024년 제품5
    (1, 400000, 2024, NOW(), 5, DEFAULT, NOW(), 13),
    (2, 600000, 2024, NOW(), 5, DEFAULT, NOW(), 13),
    (3, 140000, 2024, NOW(), 5, DEFAULT, NOW(), 13),
    (4, 400000, 2024, NOW(), 5, DEFAULT, NOW(), 13),
    (5, 500000, 2024, NOW(), 5, DEFAULT, NOW(), 13),
    (6, 700000, 2024, NOW(), 5, DEFAULT, NOW(), 13),
    (7, 900000, 2024, NOW(), 5, DEFAULT, NOW(), 13),
    (8, 1100000, 2024, NOW(), 5, DEFAULT, NOW(), 13),
    (9, 600000, 2024, NOW(), 5, DEFAULT, NOW(), 13),
    (10, 1200000, 2024, NOW(), 5, DEFAULT, NOW(), 13),
    (11, 700000, 2024, NOW(), 5, DEFAULT, NOW(), 13),
    (12, 800000, 2024, NOW(), 5, DEFAULT, NOW(), 13),
    -- 2024년 제품9
    (1, 700000, 2024, NOW(), 9, DEFAULT, NOW(), 13),
    (2, 680000, 2024, NOW(), 9, DEFAULT, NOW(), 13),
    (3, 140000, 2024, NOW(), 9, DEFAULT, NOW(), 13),
    (4, 4600000, 2024, NOW(), 9, DEFAULT, NOW(), 13),
    (5, 860000, 2024, NOW(), 9, DEFAULT, NOW(), 13),
    (6, 750000, 2024, NOW(), 9, DEFAULT, NOW(), 13),
    (7, 960000, 2024, NOW(), 9, DEFAULT, NOW(), 13),
    (8, 600000, 2024, NOW(), 9, DEFAULT, NOW(), 13),
    (9, 8600000, 2024, NOW(), 9, DEFAULT, NOW(), 13),
    (10, 156000, 2024, NOW(), 9, DEFAULT, NOW(), 13),
    (11, 860000, 2024, NOW(), 9, DEFAULT, NOW(), 13),
    (12, 450000, 2024, NOW(), 9, DEFAULT, NOW(), 13),
    -- 2024년 제품 10
    (1, 434000, 2024, NOW(), 10, DEFAULT, NOW(), 13),
    (2, 865000, 2024, NOW(), 10, DEFAULT, NOW(), 13),
    (3, 436000, 2024, NOW(), 10, DEFAULT, NOW(), 13),
    (4, 865000, 2024, NOW(), 10, DEFAULT, NOW(), 13),
    (5, 347000, 2024, NOW(), 10, DEFAULT, NOW(), 13),
    (6, 865000, 2024, NOW(), 10, DEFAULT, NOW(), 13),
    (7, 347000, 2024, NOW(), 10, DEFAULT, NOW(), 13),
    (8, 680000, 2024, NOW(), 10, DEFAULT, NOW(), 13),
    (9, 976000, 2024, NOW(), 10, DEFAULT, NOW(), 13),
    (10, 500000, 2024, NOW(), 10, DEFAULT, NOW(), 13),
    (11, 760000, 2024, NOW(), 10, DEFAULT, NOW(), 13),
    (12, 856000, 2024, NOW(), 10, DEFAULT, NOW(), 13),
    -- 2023년 제품4
    (1, 457000, 2023, NOW(), 4, DEFAULT, NOW(), 13),
    (2, 976000, 2023, NOW(), 4, DEFAULT, NOW(), 13),
    (3, 340000, 2023, NOW(), 4, DEFAULT, NOW(), 13),
    (4, 460000, 2023, NOW(), 4, DEFAULT, NOW(), 13),
    (5, 965000, 2023, NOW(), 4, DEFAULT, NOW(), 13),
    (6, 569000, 2023, NOW(), 4, DEFAULT, NOW(), 13),
    (7, 865000, 2023, NOW(), 4, DEFAULT, NOW(), 13),
    (8, 170000, 2023, NOW(), 4, DEFAULT, NOW(), 13),
    (9, 655000, 2023, NOW(), 4, DEFAULT, NOW(), 13),
    (10, 670000, 2023, NOW(), 4, DEFAULT, NOW(), 13),
    (11, 976000, 2023, NOW(), 4, DEFAULT, NOW(), 13),
    (12, 658000, 2023, NOW(), 4, DEFAULT, NOW(), 13),
    -- 2023년 제품5
    (1, 400000, 2023, NOW(), 5, DEFAULT, NOW(), 13),
    (2, 600000, 2023, NOW(), 5, DEFAULT, NOW(), 13),
    (3, 140000, 2023, NOW(), 5, DEFAULT, NOW(), 13),
    (4, 400000, 2023, NOW(), 5, DEFAULT, NOW(), 13),
    (5, 500000, 2023, NOW(), 5, DEFAULT, NOW(), 13),
    (6, 700000, 2023, NOW(), 5, DEFAULT, NOW(), 13),
    (7, 900000, 2023, NOW(), 5, DEFAULT, NOW(), 13),
    (8, 1100000, 2023, NOW(), 5, DEFAULT, NOW(), 13),
    (9, 600000, 2023, NOW(), 5, DEFAULT, NOW(), 13),
    (10, 1200000, 2023, NOW(), 5, DEFAULT, NOW(), 13),
    (11, 700000, 2023, NOW(), 5, DEFAULT, NOW(), 13),
    (12, 800000, 2023, NOW(), 5, DEFAULT, NOW(), 13),
    -- 2023년 제품9
    (1, 532000, 2023, NOW(), 9, DEFAULT, NOW(), 13),
    (2, 547000, 2023, NOW(), 9, DEFAULT, NOW(), 13),
    (3, 754000, 2023, NOW(), 9, DEFAULT, NOW(), 13),
    (4, 443000, 2023, NOW(), 9, DEFAULT, NOW(), 13),
    (5, 586000, 2023, NOW(), 9, DEFAULT, NOW(), 13),
    (6, 863000, 2023, NOW(), 9, DEFAULT, NOW(), 13),
    (7, 485000, 2023, NOW(), 9, DEFAULT, NOW(), 13),
    (8, 658000, 2023, NOW(), 9, DEFAULT, NOW(), 13),
    (9, 765000, 2023, NOW(), 9, DEFAULT, NOW(), 13),
    (10, 458000, 2023, NOW(), 9, DEFAULT, NOW(), 13),
    (11, 765000, 2023, NOW(), 9, DEFAULT, NOW(), 13),
    (12, 865000, 2023, NOW(), 9, DEFAULT, NOW(), 13),
    -- 2023년 제품 10
    (1, 458000, 2023, NOW(), 10, DEFAULT, NOW(), 13),
    (2, 654000, 2023, NOW(), 10, DEFAULT, NOW(), 13),
    (3, 586000, 2023, NOW(), 10, DEFAULT, NOW(), 13),
    (4, 650000, 2023, NOW(), 10, DEFAULT, NOW(), 13),
    (5, 500000, 2023, NOW(), 10, DEFAULT, NOW(), 13),
    (6, 730000, 2023, NOW(), 10, DEFAULT, NOW(), 13),
    (7, 950000, 2023, NOW(), 10, DEFAULT, NOW(), 13),
    (8, 250000, 2023, NOW(), 10, DEFAULT, NOW(), 13),
    (9, 600000, 2023, NOW(), 10, DEFAULT, NOW(), 13),
    (10, 530000, 2023, NOW(), 10, DEFAULT, NOW(), 13),
    (11, 540000, 2023, NOW(), 10, DEFAULT, NOW(), 13),
    (12, 750000, 2023, NOW(), 10, DEFAULT, NOW(), 13),
    -- 2022년 제품4
    (1, 400000, 2022, NOW(), 4, DEFAULT, NOW(), 13),
    (2, 600000, 2022, NOW(), 4, DEFAULT, NOW(), 13),
    (3, 140000, 2022, NOW(), 4, DEFAULT, NOW(), 13),
    (4, 400000, 2022, NOW(), 4, DEFAULT, NOW(), 13),
    (5, 500000, 2022, NOW(), 4, DEFAULT, NOW(), 13),
    (6, 700000, 2022, NOW(), 4, DEFAULT, NOW(), 13),
    (7, 900000, 2022, NOW(), 4, DEFAULT, NOW(), 13),
    (8, 1100000, 2022, NOW(), 4, DEFAULT, NOW(), 13),
    (9, 600000, 2022, NOW(), 4, DEFAULT, NOW(), 13),
    (10, 1200000, 2022, NOW(), 4, DEFAULT, NOW(), 13),
    (11, 700000, 2022, NOW(), 4, DEFAULT, NOW(), 13),
    (12, 800000, 2022, NOW(), 4, DEFAULT, NOW(), 13),
    -- 2022년 제품5
    (1, 568000, 2022, NOW(), 5, DEFAULT, NOW(), 13),
    (2, 670000, 2022, NOW(), 5, DEFAULT, NOW(), 13),
    (3, 196000, 2022, NOW(), 5, DEFAULT, NOW(), 13),
    (4, 458000, 2022, NOW(), 5, DEFAULT, NOW(), 13),
    (5, 976000, 2022, NOW(), 5, DEFAULT, NOW(), 13),
    (6, 548000, 2022, NOW(), 5, DEFAULT, NOW(), 13),
    (7, 865000, 2022, NOW(), 5, DEFAULT, NOW(), 13),
    (8, 347000, 2022, NOW(), 5, DEFAULT, NOW(), 13),
    (9, 976000, 2022, NOW(), 5, DEFAULT, NOW(), 13),
    (10, 583000, 2022, NOW(), 5, DEFAULT, NOW(), 13),
    (11, 754000, 2022, NOW(), 5, DEFAULT, NOW(), 13),
    (12, 548000, 2022, NOW(), 5, DEFAULT, NOW(), 13),
    -- 2022년 제품9
    (1, 457000, 2022, NOW(), 9, DEFAULT, NOW(), 13),
    (2, 754000, 2022, NOW(), 9, DEFAULT, NOW(), 13),
    (3, 548000, 2022, NOW(), 9, DEFAULT, NOW(), 13),
    (4, 865000, 2022, NOW(), 9, DEFAULT, NOW(), 13),
    (5, 458000, 2022, NOW(), 9, DEFAULT, NOW(), 13),
    (6, 865000, 2022, NOW(), 9, DEFAULT, NOW(), 13),
    (7, 458000, 2022, NOW(), 9, DEFAULT, NOW(), 13),
    (8, 754000, 2022, NOW(), 9, DEFAULT, NOW(), 13),
    (9, 865000, 2022, NOW(), 9, DEFAULT, NOW(), 13),
    (10, 4580000, 2022, NOW(), 9, DEFAULT, NOW(), 13),
    (11, 347000, 2022, NOW(), 9, DEFAULT, NOW(), 13),
    (12, 658000, 2022, NOW(), 9, DEFAULT, NOW(), 13),
    -- 2022년 제품 10
    (1, 236000, 2022, NOW(), 10, DEFAULT, NOW(), 13),
    (2, 754000, 2022, NOW(), 10, DEFAULT, NOW(), 13),
    (3, 364000, 2022, NOW(), 10, DEFAULT, NOW(), 13),
    (4, 457000, 2022, NOW(), 10, DEFAULT, NOW(), 13),
    (5, 753000, 2022, NOW(), 10, DEFAULT, NOW(), 13),
    (6, 457000, 2022, NOW(), 10, DEFAULT, NOW(), 13),
    (7, 754000, 2022, NOW(), 10, DEFAULT, NOW(), 13),
    (8, 474000, 2022, NOW(), 10, DEFAULT, NOW(), 13),
    (9, 845000, 2022, NOW(), 10, DEFAULT, NOW(), 13),
    (10, 450000, 2022, NOW(), 10, DEFAULT, NOW(), 13),
    (11, 754000, 2022, NOW(), 10, DEFAULT, NOW(), 13),
    (12, 457000, 2022, NOW(), 10, DEFAULT, NOW(), 13);