-- tb_department, tb_customer는 데이터 있으므로 추가x

INSERT INTO tb_user (user_no, email, employee_id, join_date, name, password, role, dept_id, created_at, updated_at)
VALUES
    (4, 'user3@example.com', 'EMP004', '2024-04-10', '최미진', 'password123', 'USER', 4, NOW(), NOW()),
    (5, 'user4@example.com', 'EMP005', '2024-05-15', '정우진', 'password123', 'USER', 5, NOW(), NOW());

INSERT INTO tb_calendar (no, user_no,created_at, updated_at) VALUES (1, 3, now(), now()),(2, 2, now(), now()),(3, 1, now(), now());

INSERT INTO tb_process(process_no, process_name, is_default, DESCRIPTION, created_at, updated_at, expected_duration)
VALUES (1, '기본영업프로세스', 1, '기회인지-상담-제안-협상-계약', CURDATE(), CURDATE(), 45),
       (2, '테스트영업프로세스', 0, '제안-협상-계약', CURDATE(), CURDATE(), 30);

INSERT INTO tb_sub_process(sub_process_no, sub_process_name, progress_step, success_rate, ACTION, expected_duration, created_at, updated_at, process_no)
VALUES (1, '기회인지', '인지', 0, '인지', 5, CURDATE(), CURDATE(), 1),
       (2, '상담', '제안', 10, '제안', 10, CURDATE(), CURDATE(), 1),
       (3, '제안', '제안', 20, '제안', 5, CURDATE(), CURDATE(), 1),
       (4, '협상', '협상', 60, '견적', 5, CURDATE(), CURDATE(), 1),
       (5, '계약', '계약', 100, '계약', 20, CURDATE(), CURDATE(), 1),
       (6, '제안', '제안', 20, '제안', 5, CURDATE(), CURDATE(), 2),
       (7, '협상', '협상', 30, '견적', 5, CURDATE(), CURDATE(), 2),
       (8, '계약', '계약', 100, '계약', 20, CURDATE(), CURDATE(), 2);

INSERT INTO tb_lead (created_at, updated_at, start_date, end_date, exp_margin, exp_profit, exp_sales, name, note, process, status, sub_process, sucess_per, customer_no)
VALUES (CURDATE(), CURDATE(), '2024-10-01', '2024-10-11', 20, 2000, 10000, '고객 A 영업', 'A에 대한 활동 메모', 1, 'SUCCESS', 5, 100, 1),
       (CURDATE(), CURDATE(), '2024-10-15', '2024-10-20', 10, 800, 8000, '고객 B 영업', 'B에 대한 활동 메모', 1, 'SUCCESS', 5, 100,2),
       (CURDATE(), CURDATE(), '2024-10-10', '2024-10-15', 20, 1000, 5000, '고객 C 영업', 'C에 대한 활동 메모', 1, 'SUCCESS', 5, 100, 3),
       (CURDATE(), CURDATE(), '2024-10-01', '2024-10-01', 30, 1800, 6000, '고객 D 영업', 'D에 대한 활동 메모', 1, 'SUCCESS', 5, 100, 4),
       (CURDATE(), CURDATE(), '2024-11-01', '2024-11-03', 30, 1800, 6000, '고객 D 영업', 'D에 대한 활동 메모', 1, 'SUCCESS', 3, 100, 5);

INSERT INTO tb_step(step_no, complete_yn, complete_date, LEVEL, lead_no, sub_process_no)
VALUES (1, 'Y', '2024-03-01', 0, 1, 1) ,
       (2, 'Y', '2024-03-11', 1, 1, 2) ,
       (3, 'Y', '2024-03-16', 2, 1, 3) ,
       (4, 'Y', '2024-03-21', 3, 1, 4) ,
       (5, 'Y', '2024-04-11', 4, 1, 5) ,
       (6, 'Y', '2024-04-01', 0, 2, 1) ,
       (7, 'Y', '2024-04-11', 1, 2, 2) ,
       (8, 'Y', '2024-04-16', 2, 2, 3) ,
       (9, 'Y', '2024-04-21', 3, 2, 4) ,
       (10, 'Y', '2024-05-11', 4, 2, 5) ,
       (11, 'Y', '2024-05-01', 0, 3, 1) ,
       (12, 'Y', '2024-05-11', 1, 3, 2) ,
       (13, 'Y', '2024-05-16', 2, 3, 3) ,
       (14, 'Y', '2024-05-21', 3, 3, 4) ,
       (15, 'Y', '2024-06-11', 4, 3, 5) ,
       (16, 'Y', '2024-05-01', 0, 4, 1) ,
       (17, 'Y', '2024-05-11', 1, 4, 2) ,
       (18, 'Y', '2024-05-16', 2, 4, 3) ,
       (19, 'Y', '2024-05-21', 3, 4, 4) ,
       (20, 'Y', '2024-06-11', 4, 4, 5);

INSERT INTO tb_act (created_at, updated_at, no, act_cont, act_date, cls, complete_yn, end_time, name, plan_cont, purpose, start_time, calendar_no, lead_no)
VALUES
    (NOW(), NOW(), 1, '화상 회의 플랫폼 논의', '2024-10-01', 'ONLINE', 'N', '15:00', '프로젝트 회의 준비', '신규 회의 준비', '프로젝트 논의', '13:00', 1, 1),
    (NOW(), NOW(), 2, '거래처 방문', '2024-10-03', 'VISIT', 'Y', '17:00', '거래처 미팅', '계약 관련 회의', '상담 및 계약 체결', '15:00', 1, 2),
    (NOW(), NOW(), 3, '전화 문의 응대', '2024-10-05', 'PHONE', 'N', '11:30', '문의사항 해결', '고객 문의 사항 응대', '고객 응대', '10:00', 1, 3),
    (NOW(), NOW(), 4, '이메일 발송', '2024-10-07', 'EMAIL', 'Y', '14:00', '정보 이메일 발송', '상품 정보 제공', '상품 홍보 및 고객 안내', '13:00', 1, 4),
    (NOW(), NOW(), 5, '온라인 미팅 준비', '2024-11-01', 'OTHER', 'N', '16:00', '프로젝트 미팅', '프로젝트 논의', '프로젝트 진행 상황 점검', '14:00', 1, 5);


INSERT INTO tb_act (created_at, updated_at, act_cont, act_date, cls, complete_yn, end_time, name, plan_cont, purpose, start_time, calendar_no, lead_no)
VALUES (NOW(), NOW(),'고객 상담', '2024-01-15', 'VISIT', 'Y', '12:30', '방문 상담', '계획된 고객 방문', '고객 요구 분석', '10:00', 1, 1),
       (NOW(), NOW(),'전화 문의 응대', '2024-01-20', 'PHONE', 'N', '16:00', '전화 상담', '문의 응대 준비', '상품 설명', '15:00', 1, 2),
       (NOW(), NOW(),'이메일 전송', '2024-03-05', 'EMAIL', 'Y', '11:30', '이메일 발송', '상품 정보 전송', '세부 정보 제공', '11:00', 1, 3),
       (NOW(), NOW(),'온라인 미팅', '2024-04-12', 'ONLINE', 'Y', '14:00', '온라인 회의', '클라이언트 요구 분석', '서비스 논의', '13:00', 1, 4),
       (NOW(), NOW(),'온라인 미팅', '2024-04-15', 'ONLINE', 'Y', '14:00', '온라인 회의', '클라이언트 요구 분석', '서비스 논의', '13:00', 1, 4),
       (NOW(), NOW(),'온라인 미팅', '2024-04-16', 'ONLINE', 'Y', '14:00', '온라인 회의', '클라이언트 요구 분석', '서비스 논의', '13:00', 1, 4),
       (NOW(), NOW(),'온라인 미팅', '2024-04-17', 'ONLINE', 'Y', '14:00', '온라인 회의', '클라이언트 요구 분석', '서비스 논의', '13:00', 1, 4),
       (NOW(), NOW(),'현장 방문', '2024-07-18', 'VISIT', 'N', '13:00', '현장 점검', '시설 점검 및 회의', '프로젝트 관리', '10:30', 1, 5),
       (NOW(), NOW(),'고객 방문', '2024-07-22', 'VISIT', 'Y', '17:00', '고객 미팅', '계약 논의', '제품 설명', '15:00', 1, 1),
       (NOW(), NOW(),'전화 상담', '2024-07-10', 'PHONE', 'Y', '11:00', '전화 응대', '고객 불만 처리', '해결 방안 제시', '10:30', 1, 2),
       (NOW(), NOW(),'이메일 회신', '2024-09-19', 'EMAIL', 'Y', '15:30', '이메일 답변', '기술 지원 제공', '제품 사용법 안내', '15:00', 1, 3),
       (NOW(), NOW(),'온라인 회의', '2024-09-03', 'ONLINE', 'N', '16:00', '줌 미팅', '프로젝트 진행 상황 점검', '향후 일정 논의', '15:00', 1, 4),
       (NOW(), NOW(),'고객 방문', '2024-10-11', 'VISIT', 'Y', '12:30', '고객 상담', '서비스 업그레이드 제안', '상세 요구 분석', '10:30', 1, 5),
       (NOW(), NOW(),'고객 방문', '2024-10-12', 'VISIT', 'Y', '12:30', '고객 상담', '서비스 업그레이드 제안', '상세 요구 분석', '10:30', 1, 5),
       (NOW(), NOW(),'전화 응대', '2024-11-23', 'PHONE', 'N', '10:00', '고객 전화 응대', '문제 해결 방안 제공', '이슈 처리', '09:30', 1, 1),
       (NOW(), NOW(),'이메일 발송', '2024-12-30', 'EMAIL', 'Y', '13:00', '프로모션 이메일', '할인 행사 안내', '홍보 전략 수립', '12:30', 1, 2),
       (NOW(), NOW(),'온라인 상담', '2022-01-18', 'ONLINE', 'Y', '17:30', '온라인 고객 상담', '기술 지원', '제품 문제 해결', '16:30', 1, 3),
       (NOW(), NOW(),'고객 미팅', '2022-02-27', 'VISIT', 'N', '11:00', '고객 방문 회의', '계약 협상', '비용 산정', '10:00', 1, 4),
       (NOW(), NOW(),'전화 상담', '2022-03-15', 'PHONE', 'Y', '15:30', '전화 고객 상담', '서비스 안내', '상품 설명', '15:00', 1, 5),
       (NOW(), NOW(),'전화 응대', '2024-11-23', 'PHONE', 'N', '10:00', '고객 전화 응대', '문제 해결 방안 제공', '이슈 처리', '09:30', 2, 1),
       (NOW(), NOW(),'이메일 발송', '2024-12-30', 'EMAIL', 'Y', '13:00', '프로모션 이메일', '할인 행사 안내', '홍보 전략 수립', '12:30', 2, 2),
       (NOW(), NOW(),'온라인 상담', '2022-01-18', 'ONLINE', 'Y', '17:30', '온라인 고객 상담', '기술 지원', '제품 문제 해결', '16:30', 2, 3),
       (NOW(), NOW(),'고객 미팅', '2022-02-27', 'VISIT', 'N', '11:00', '고객 방문 회의', '계약 협상', '비용 산정', '10:00', 2, 4),
       (NOW(), NOW(),'전화 상담', '2022-03-15', 'PHONE', 'Y', '15:30', '전화 고객 상담', '서비스 안내', '상품 설명', '15:00', 2, 5),
       (NOW(), NOW(),'이메일 발송', '2024-12-30', 'EMAIL', 'Y', '13:00', '프로모션 이메일', '할인 행사 안내', '홍보 전략 수립', '12:30', 3, 2),
       (NOW(), NOW(),'온라인 상담', '2022-01-18', 'ONLINE', 'Y', '17:30', '온라인 고객 상담', '기술 지원', '제품 문제 해결', '16:30', 3, 3),
       (NOW(), NOW(),'고객 미팅', '2022-02-27', 'VISIT', 'N', '11:00', '고객 방문 회의', '계약 협상', '비용 산정', '10:00', 3, 4),
       (NOW(), NOW(),'전화 상담', '2022-03-15', 'PHONE', 'Y', '15:30', '전화 고객 상담', '서비스 안내', '상품 설명', '15:00', 3, 5),
       (NOW(), NOW(),'전화 상담', '2022-03-15', 'PHONE', 'Y', '15:30', '전화 고객 상담', '서비스 안내', '상품 설명', '15:00', 3, 5);

INSERT INTO tb_plan (no, created_at, updated_at, content, end_time, personal_yn, plan_cls, plan_date, start_time, title, calendar_no)
VALUES
    (1, NOW(), NOW(), '팀원 전체 회의', '10:00', 'N', 'COMPANY', '2024-11-02', '09:00', '회의 일정', 1),
    (2, NOW(), NOW(), '신규 계약 검토', '15:00', 'Y', 'CONTRACT', '2024-10-04', '13:00', '계약 검토', 1),
    (3, NOW(), NOW(), '개인 개발 공부', '22:00', 'Y', 'PERSONAL', '2024-10-21', '20:00', '개인 학습', 1),
    (4, NOW(), NOW(), '견적서 작성', '17:00', 'N', 'ESTIMATE', '2024-10-11', '15:00', '견적서 작업', 1),
    (5, NOW(), NOW(), '영업 전략 회의', '16:00', 'N', 'SALES', '2024-10-3', '14:00', '영업 전략 논의', 1),
    (6, NOW(), NOW(), '제안서 서식 정리', '22:00', 'Y', 'PROPOSAL', '2024-10-14', '10:00', '제안서 서식', 1),
    (7, NOW(), NOW(), 'OJT', '17:00', 'N', 'COMPANY', '2024-10-17', '15:00', '신입사원 OJT', 1);

INSERT INTO tb_todo (todo_no, created_at, updated_at, content, due_date, priority, private_yn, status, title, todo_cls, calendar_no)
VALUES
    (1, NOW(), NOW(), '고객사 자료 준비', '2024-10-10', 'HIGH', 'N', 'TODO', '자료 준비', 'SALES', 1),
    (2, NOW(), NOW(), '팀 회의 참석', '2024-10-27', 'MEDIUM', 'N', 'INPROGRESS', '회의 참여', 'COMPANY', 1),
    (3, NOW(), NOW(), '개인 일정 조율', '2024-09-29', 'LOW', 'Y', 'DONE', '일정 조율', 'PERSONAL', 1),
    (4, NOW(), NOW(), '계약서 내용 확인', '2024-11-05', 'HIGH', 'N', 'TODO', '계약서 검토', 'CONTRACT', 1),
    (5, NOW(), NOW(), '이메일 답변 작성', '2024-09-30', 'MEDIUM', 'N', 'TODO', '이메일 답변', 'EMAIL', 1);

INSERT INTO tb_poetntial_customer (p_cust_no, created_at, updated_at, addr, cls, company, dept, email, fax, grade, modify_date, name, note, phone, position, register_date,tel)
VALUES
    (1, NOW(), NOW(), '서울시 강남구', 'B2B', 'POC 회사', '영업부', 'poc1@poc.com', '02-111-2222', 'A', NOW(), '홍길동', '잠재 고객 관리 필요', '010-8888-9999', '과장', NOW(), '02-999-8888'),
    (2, NOW(), NOW(), '서울시 서초구', 'B2C', 'POC2 회사', '개발부', 'poc2@poc.com', '02-222-3333', 'B', NOW(), '이순신', '기술 문의 진행 중', '010-7777-6666', '팀장', NOW(),'02-888-7777'),
    (3, NOW(), NOW(), '서울시 종로구', 'B2B', 'POC3 회사', '기획부', 'poc3@poc.com', '02-333-4444', 'C', NOW(), '박문수', '견적서 요청 예정', '010-5555-4444', '대리', NOW(),  '02-777-6666'),
    (4, NOW(), NOW(), '서울시 중구', 'B2C', 'POC4 회사', '인사부', 'poc4@poc.com', '02-444-5555', 'A', NOW(), '최영', '고객사 미팅 예정', '010-3333-2222', '사원', NOW(),'02-666-5555'),
    (5, NOW(), NOW(), '서울시 용산구', 'B2B', 'POC5 회사', '총무부', 'poc5@poc.com', '02-555-6666', 'S', NOW(), '정몽주', '계약 준비 중', '010-1111-0000', '부장', NOW(), '02-555-4444');

INSERT INTO tb_contact_history (contact_history_no, created_at, updated_at, cls, contact_date, content, p_cust_no, user_no)
VALUES
    (1, NOW(), NOW(), 'CALL', '2024-07-01', '고객사 문의 전화 응대', 1, 1),
    (2, NOW(), NOW(), 'EMAIL', '2024-07-02', '계약 관련 이메일 발송', 2, 2),
    (3, NOW(), NOW(), 'VISIT', '2024-07-03', '거래처 방문 상담', 3, 3),
    (4, NOW(), NOW(), 'ONLINE_MEET', '2024-07-04', '온라인 미팅 진행', 4, 4),
    (5, NOW(), NOW(), 'CHANNEL_TALK', '2024-07-05', '고객 상담 채팅', 5, 5);

INSERT INTO tb_proposal (prop_no, created_at, updated_at, cont, end_date, name, note, pr_date, req_date, start_date, submit_date, lead_no)
VALUES
    (1, NOW(), NOW(), '제품 A 제안 내용', '2024-12-31', '제품 A 제안서', '제안서 작성 필요', '2024-07-01', '2024-06-25', '2024-06-01', '2024-06-30', 1),
    (2, NOW(), NOW(), '제품 B 제안 내용', '2024-11-30', '제품 B 제안서', '기술 지원 필요', '2024-08-01', '2024-07-20', '2024-07-01', '2024-07-31', 2),
    (3, NOW(), NOW(), '제품 C 제안 내용', '2024-10-31', '제품 C 제안서', '추가 설명 요청', '2024-09-01', '2024-08-25', '2024-08-01', '2024-08-31', 3),
    (4, NOW(), NOW(), '제품 D 제안 내용', '2024-09-30', '제품 D 제안서', '가격 협상 필요', '2024-10-01', '2024-09-20', '2024-09-01', '2024-09-30', 4),
    (5, NOW(), NOW(), '제품 E 제안 내용', '2024-08-31', '제품 E 제안서', '배송 관련 협의 필요', '2024-11-01', '2024-10-25', '2024-10-01', '2024-10-31', 5);


INSERT INTO tb_estimate (est_no, created_at, updated_at, est_date, name, note, prod_cnt, supply_price, surtax_yn, tax, tax_cls, total_price, prop_no)
VALUES
    (1, NOW(), NOW(), '2024-06-01', '견적서 A', '제품 A에 대한 견적', 10, 10000, 'Y', 1000, '10%', 11000, 1),
    (2, NOW(), NOW(), '2024-07-10', '견적서 B', '제품 B에 대한 견적', 5, 20000, 'N', 0, '0%', 20000, 2),
    (3, NOW(), NOW(), '2024-08-15', '견적서 C', '제품 C에 대한 견적', 8, 15000, 'Y', 1500, '10%', 16500, 3),
    (4, NOW(), NOW(), '2024-09-05', '견적서 D', '제품 D에 대한 견적', 12, 12000, 'N', 0, '0%', 12000, 4),
    (5, NOW(), NOW(), '2024-10-20', '견적서 E', '제품 E에 대한 견적', 6, 25000, 'Y', 2500, '10%', 27500, 5);

INSERT INTO tb_contract (contract_no, created_at, updated_at, arrival_noti_day, arrival_noti_yn, cls, cont_date, end_date, exp_arrival_date, name, note, payment_terms, prod_cnt, renewal_noti_day, renewal_noti_yn, start_date, supply_price, surtax_yn, tax, tax_cls, price, warrenty, est_no)
VALUES
    (1, NOW(), NOW(), '10', 'Y', 'SALES', '2024-06-01', '2024-12-01', '2024-06-15', '신규 계약 체결', '계약 세부 내용 확인 필요', '선불', 5, '30', 'Y', '2024-06-01', 10000, 'Y', 1000, '10%', 11000, 12, 1),
    (2, NOW(), NOW(), '15', 'N', 'ESTIMATE', '2024-07-01', '2024-12-31', '2024-07-15', '견적 계약 체결', '견적 관련 확인 필요', '후불', 3, '60', 'N', '2024-07-01', 15000, 'N', 0, '0%', 15000, 6, 2),
    (3, NOW(), NOW(), '5', 'Y', 'PROPOSAL', '2024-08-01', '2025-02-28', '2024-08-15', '제안 계약 체결', '제안 세부 사항 검토 중', '선불', 10, '20', 'Y', '2024-08-01', 20000, 'Y', 2000, '10%', 22000, 24, 3),
    (4, NOW(), NOW(), '20', 'N', 'CONTRACT', '2024-09-01', '2025-03-31', '2024-09-15', '계약 연장', '계약 연장 필요 사항 확인', '후불', 8, '90', 'N', '2024-09-01', 18000, 'N', 0, '0%', 18000, 12, 4),
    (5, NOW(), NOW(), '7', 'Y', 'SALES', '2024-10-01', '2025-04-30', '2024-10-20', '영업 계약 체결', '영업 전략 검토 완료', '선불', 12, '14', 'Y', '2024-10-01', 25000, 'Y', 2500, '10%', 27500, 18, 5);

INSERT INTO tb_product (prod_no, created_at, updated_at, abbr_name, dept, eng_name, field, name, price, prod_code, quantity, release_date, supply_price, tax_rate, unit, upp_group)
VALUES
    (1, NOW(), NOW(), 'PRD001', '영업부', 'Product A', '전자기기', '제품 A', 50000, 'P001', 100, '2024-05-01', 45000, 10, '개', '전자'),
    (2, NOW(), NOW(), 'PRD002', '개발부', 'Product B', '소프트웨어', '제품 B', 30000, 'P002', 50, '2024-06-01', 27000, 8, '카피', '소프트웨어'),
    (3, NOW(), NOW(), 'PRD003', '기획부', 'Product C', '소모품', '제품 C', 10000, 'P003', 200, '2024-07-01', 9000, 5, '박스', '소모품'),
    (4, NOW(), NOW(), 'PRD004', '총무부', 'Product D', '사무용품', '제품 D', 15000, 'P004', 150, '2024-08-01', 14000, 7, '개', '사무용품'),
    (5, NOW(), NOW(), 'PRD005', '인사부', 'Product E', '의류', '제품 E', 20000, 'P005', 120, '2024-09-01', 18000, 6, '벌', '의류');

INSERT INTO tb_est_prod (est_prod_no, created_at, updated_at, discount, qty, supply_price, tax, total_amt, unit_amt, unit_prop_amt, est_no, prod_no)
VALUES
    (1, NOW(), NOW(), 5, 10, 1000, 100, 11000, 1000, 900, 1, 1),
    (2, NOW(), NOW(), 10, 5, 2000, 200, 11000, 2000, 1800, 2, 2),
    (3, NOW(), NOW(), 15, 8, 1500, 150, 13200, 1500, 1350, 3, 3),
    (4, NOW(), NOW(), 7, 12, 1200, 120, 14400, 1200, 1100, 4, 4),
    (5, NOW(), NOW(), 20, 6, 2500, 250, 16500, 2500, 2200, 5, 5);


INSERT INTO tb_sales (created_at, updated_at, busi_type, busi_type_detail, exp_arrival_date, note, price, prod_cnt, sales_name, sales_date, supply_price, surtax_yn, tax, tax_cls, contract_no)
VALUES
    ( NOW(), NOW(), '민간', '소량 주문', '2024-06-05', '고객 요청 사항 반영', 1910406, 36, 'sales1-2024-5', '2024-05-08', 1719365.4, 'N', 0, '0%', 5),
    ( NOW(), NOW(), '해외', '일반 판매', '2024-12-25', '배송 일정 조율 필요', 2534407, 30, 'sales2-2024-12', '2024-12-04', 2280966.3, 'N', 0, '0%', 3),
    ( NOW(), NOW(), '기업', '일반 판매', '2024-03-18', '고객 피드백 반영 필요', 2518867, 29, 'sales3-2024-3', '2024-03-04', 2266980.3, 'N', 0, '0%', 1),
    ( NOW(), NOW(), '기업', '대량 주문', '2024-04-08', '배송 일정 조율 필요', 3551286, 3, 'sales4-2024-3', '2024-03-13', 3196157.4, 'Y', 355128.60000000003, '10%', 2),
    ( NOW(), NOW(), '기업', '소량 주문', '2024-05-09', '배송 일정 조율 필요', 1422269, 30, 'sales5-2024-4', '2024-04-26', 1280042.1, 'Y', 142226.9, '10%', 5),
    ( NOW(), NOW(), '민간', '소량 주문', '2024-04-25', '정기 배송 필요', 2341356, 2, 'sales6-2024-4', '2024-04-04', 2107220.4, 'Y', 234135.6, '10%', 4),
    ( NOW(), NOW(), '공공', '소량 주문', '2024-07-12', '배송 일정 조율 필요', 2109858, 34, 'sales7-2024-6', '2024-06-25', 1898872.2, 'Y', 210985.80000000002, '10%', 4),
    ( NOW(), NOW(), '공공', '대량 주문', '2024-12-19', '고객 피드백 반영 필요', 2945899, 42, 'sales8-2024-12', '2024-12-10', 2651309.1, 'N', 0, '0%', 2),
    ( NOW(), NOW(), '기업', '일반 판매', '2024-04-09', '배송 일정 조율 필요', 4456728, 19, 'sales9-2024-3', '2024-03-11', 4011055.2, 'Y', 445672.80000000005, '10%', 4),
    ( NOW(), NOW(), '기업', '대량 주문', '2024-03-19', '고객 요청 사항 반영', 1454615, 18, 'sales10-2024-2', '2024-02-19', 1309153.5, 'N', 0, '0%', 5),
    ( NOW(), NOW(), '민간', '일반 판매', '2024-09-08', '배송 일정 조율 필요', 1697916, 9, 'sales11-2024-8', '2024-08-11', 1528124.4, 'Y', 169791.6, '10%', 5),
    ( NOW(), NOW(), '민간', '일반 판매', '2024-11-19', '특별 가격 협상 완료', 3541187, 15, 'sales12-2024-11', '2024-11-09', 3187068.3, 'N', 0, '0%', 3),
    ( NOW(), NOW(), '해외', '소량 주문', '2024-04-13', '특별 가격 협상 완료', 4312338, 45, 'sales13-2024-3', '2024-03-14', 3881104.2, 'Y', 431233.80000000005, '10%', 5),
    ( NOW(), NOW(), '민간', '정기 주문', '2024-09-12', '고객 요청 사항 반영', 2868009, 37, 'sales14-2024-8', '2024-08-25', 2581208.1, 'N', 0, '0%', 5),
    ( NOW(), NOW(), '민간', '소량 주문', '2024-06-08', '고객 요청 사항 반영', 2030683, 20, 'sales15-2024-5', '2024-05-23', 1827614.7, 'N', 0, '0%', 4),
    ( NOW(), NOW(), '기업', '소량 주문', '2024-10-18', '고객 피드백 반영 필요', 3113055, 3, 'sales16-2024-10', '2024-10-03', 2801749.5, 'N', 0, '0%', 1),
    ( NOW(), NOW(), '해외', '정기 주문', '2024-07-14', '배송 일정 조율 필요', 1552893, 50, 'sales17-2024-6', '2024-06-23', 1397603.7, 'N', 0, '0%', 3),
    ( NOW(), NOW(), '해외', '소량 주문', '2024-02-07', '고객 피드백 반영 필요', 1323220, 45, 'sales18-2024-1', '2024-01-20', 1190898.0, 'Y', 132322.0, '10%', 3),
    ( NOW(), NOW(), '공공', '소량 주문', '2024-10-04', '고객 요청 사항 반영', 4189788, 12, 'sales19-2024-9', '2024-09-18', 3770809.2, 'Y', 418978.80000000005, '10%', 5),
    ( NOW(), NOW(), '공공', '정기 주문', '2024-06-26', '고객 요청 사항 반영', 4417516, 36, 'sales20-2024-6', '2024-06-16', 3975764.4, 'Y', 441751.60000000003, '10%', 2),
    ( NOW(), NOW(), '해외', '소량 주문', '2024-09-03', '고객 피드백 반영 필요', 2706436, 48, 'sales21-2024-8', '2024-08-22', 2435792.4, 'Y', 270643.60000000003, '10%', 1),
    ( NOW(), NOW(), '민간', '정기 주문', '2024-12-26', '배송 일정 조율 필요', 2108722, 27, 'sales22-2024-12', '2024-12-09', 1897849.8, 'N', 0, '0%', 1),
    ( NOW(), NOW(), '민간', '소량 주문', '2024-11-03', '고객 피드백 반영 필요', 3828046, 17, 'sales23-2024-10', '2024-10-20', 3445241.4, 'Y', 382804.60000000003, '10%', 4),
    ( NOW(), NOW(), '민간', '소량 주문', '2024-02-10', '특별 가격 협상 완료', 2956143, 7, 'sales24-2024-1', '2024-01-22', 2660528.7, 'N', 0, '0%', 1),
    ( NOW(), NOW(), '기업', '대량 주문', '2024-01-19', '고객 피드백 반영 필요', 1363680, 47, 'sales25-2024-12', '2024-12-21', 1227312.0, 'N', 0, '0%', 2),
    ( NOW(), NOW(), '해외', '정기 주문', '2024-09-07', '정기 배송 필요', 3978012, 6, 'sales26-2024-8', '2024-08-27', 3580210.8, 'Y', 397801.2, '10%', 5),
    ( NOW(), NOW(), '공공', '일반 판매', '2024-12-19', '고객 피드백 반영 필요', 3454979, 50, 'sales27-2024-11', '2024-11-22', 3109481.1, 'N', 0, '0%', 3),
    ( NOW(), NOW(), '해외', '대량 주문', '2024-11-06', '배송 일정 조율 필요', 3695096, 42, 'sales28-2024-10', '2024-10-26', 3325586.4, 'N', 0, '0%', 5),
    ( NOW(), NOW(), '공공', '일반 판매', '2024-03-08', '배송 일정 조율 필요', 3939351, 32, 'sales29-2024-2', '2024-02-25', 3545415.9, 'N', 0, '0%', 2),
    ( NOW(), NOW(), '공공', '소량 주문', '2024-09-22', '특별 가격 협상 완료', 2640020, 41, 'sales30-2024-9', '2024-09-08', 2376018.0, 'N', 0, '0%', 1),
    ( NOW(), NOW(), '해외', '정기 주문', '2015-10-01', '고객 요청 사항 반영', 881930, 23, 'sales1-2015-9', '2015-09-21', 793737.0, 'N', 0, '0%', 1),
    ( NOW(), NOW(), '기업', '정기 주문', '2015-04-01', '고객 요청 사항 반영', 982825, 4, 'sales2-2015-3', '2015-03-20', 884542.5, 'Y', 98282.5, '10%', 3),
    ( NOW(), NOW(), '공공', '정기 주문', '2015-11-21', '특별 가격 협상 완료', 884940, 43, 'sales3-2015-10', '2015-10-28', 796446.0, 'Y', 88494.0, '10%', 4),
    ( NOW(), NOW(), '해외', '대량 주문', '2015-08-18', '고객 피드백 반영 필요', 515520, 33, 'sales4-2015-7', '2015-07-22', 463968.0, 'N', 0, '0%', 5),
    ( NOW(), NOW(), '해외', '대량 주문', '2015-04-21', '배송 일정 조율 필요', 900960, 22, 'sales5-2015-4', '2015-04-04', 810864.0, 'N', 0, '0%', 5),
    ( NOW(), NOW(), '해외', '소량 주문', '2015-05-18', '배송 일정 조율 필요', 833747, 2, 'sales6-2015-4', '2015-04-23', 750372.3, 'N', 0, '0%', 2),
    ( NOW(), NOW(), '기업', '대량 주문', '2015-07-25', '특별 가격 협상 완료', 990571, 25, 'sales7-2015-7', '2015-07-11', 891513.9, 'Y', 99057.1, '10%', 3),
    ( NOW(), NOW(), '민간', '소량 주문', '2015-03-03', '고객 요청 사항 반영', 990327, 18, 'sales8-2015-2', '2015-02-06', 891294.3, 'N', 0, '0%', 2),
    ( NOW(), NOW(), '민간', '대량 주문', '2015-05-09', '고객 피드백 반영 필요', 812663, 23, 'sales9-2015-4', '2015-04-11', 731396.7, 'Y', 81266.3, '10%', 3),
    ( NOW(), NOW(), '해외', '대량 주문', '2015-07-29', '배송 일정 조율 필요', 922647, 10, 'sales10-2015-7', '2015-07-16', 830382.3, 'N', 0, '0%', 3),
    ( NOW(), NOW(), '민간', '소량 주문', '2015-11-15', '배송 일정 조율 필요', 719398, 37, 'sales11-2015-10', '2015-10-18', 647458.2, 'N', 0, '0%', 1),
    ( NOW(), NOW(), '민간', '대량 주문', '2015-08-11', '고객 피드백 반영 필요', 760073, 33, 'sales12-2015-7', '2015-07-17', 684065.7, 'N', 0, '0%', 5),
    ( NOW(), NOW(), '해외', '일반 판매', '2015-01-14', '고객 요청 사항 반영', 509813, 43, 'sales13-2015-1', '2015-01-09', 458831.7, 'Y', 50981.3, '10%', 1),
    ( NOW(), NOW(), '공공', '소량 주문', '2015-09-11', '고객 요청 사항 반영', 767409, 27, 'sales14-2015-8', '2015-08-21', 690668.1, 'N', 0, '0%', 1),
    ( NOW(), NOW(), '공공', '일반 판매', '2015-08-08', '고객 피드백 반영 필요', 887754, 4, 'sales15-2015-7', '2015-07-16', 798978.6, 'N', 0, '0%', 1),
    ( NOW(), NOW(), '해외', '대량 주문', '2015-02-05', '고객 요청 사항 반영', 788855, 12, 'sales16-2015-1', '2015-01-12', 709969.5, 'N', 0, '0%', 3),
    ( NOW(), NOW(), '공공', '소량 주문', '2015-05-30', '고객 피드백 반영 필요', 737727, 12, 'sales17-2015-5', '2015-05-24', 663954.3, 'Y', 73772.7, '10%', 1),
    ( NOW(), NOW(), '민간', '소량 주문', '2015-01-13', '정기 배송 필요', 987428, 6, 'sales18-2015-1', '2015-01-07', 888685.2, 'N', 0, '0%', 3),
    ( NOW(), NOW(), '민간', '정기 주문', '2015-11-18', '고객 피드백 반영 필요', 944408, 18, 'sales19-2015-11', '2015-11-10', 849967.2, 'Y', 94440.8, '10%', 5),
    ( NOW(), NOW(), '민간', '일반 판매', '2015-07-12', '정기 배송 필요', 678643, 12, 'sales20-2015-7', '2015-07-06', 610778.7, 'Y', 67864.3, '10%', 3),
    ( NOW(), NOW(), '민간', '정기 주문', '2015-12-24', '정기 배송 필요', 540245, 41, 'sales21-2015-12', '2015-12-06', 486220.5, 'Y', 54024.5, '10%', 1),
    ( NOW(), NOW(), '기업', '대량 주문', '2015-03-04', '고객 피드백 반영 필요', 897474, 45, 'sales22-2015-2', '2015-02-27', 807726.6, 'Y', 89747.40000000001, '10%', 4),
    ( NOW(), NOW(), '민간', '소량 주문', '2015-02-23', '고객 요청 사항 반영', 797694, 12, 'sales23-2015-2', '2015-02-12', 717924.6, 'N', 0, '0%', 2),
    ( NOW(), NOW(), '민간', '대량 주문', '2015-07-19', '고객 피드백 반영 필요', 860925, 10, 'sales24-2015-6', '2015-06-22', 774832.5, 'Y', 86092.5, '10%', 1),
    ( NOW(), NOW(), '해외', '소량 주문', '2015-06-05', '정기 배송 필요', 552970, 27, 'sales25-2015-5', '2015-05-09', 497673.0, 'Y', 55297.0, '10%', 4),
    ( NOW(), NOW(), '기업', '대량 주문', '2015-06-25', '특별 가격 협상 완료', 728338, 5, 'sales26-2015-6', '2015-06-04', 655504.2, 'Y', 72833.8, '10%', 4),
    ( NOW(), NOW(), '해외', '정기 주문', '2015-11-15', '고객 요청 사항 반영', 928793, 8, 'sales27-2015-10', '2015-10-27', 835913.7, 'Y', 92879.3, '10%', 1),
    ( NOW(), NOW(), '해외', '소량 주문', '2015-02-13', '정기 배송 필요', 587559, 16, 'sales28-2015-1', '2015-01-28', 528803.1, 'Y', 58755.9, '10%', 4),
    ( NOW(), NOW(), '해외', '정기 주문', '2015-10-25', '배송 일정 조율 필요', 550434, 44, 'sales29-2015-9', '2015-09-25', 495390.6, 'Y', 55043.4, '10%', 2),
    ( NOW(), NOW(), '해외', '소량 주문', '2015-03-18', '정기 배송 필요', 817586, 11, 'sales30-2015-3', '2015-03-02', 735827.4, 'Y', 81758.6, '10%', 1),
    ( NOW(), NOW(), '해외', '소량 주문', '2016-12-06', '특별 가격 협상 완료', 792050, 48, 'sales1-2016-11', '2016-11-08', 712845.0, 'N', 0, '0%', 2),
    ( NOW(), NOW(), '공공', '대량 주문', '2016-03-30', '정기 배송 필요', 717267, 39, 'sales2-2016-3', '2016-03-01', 645540.3, 'Y', 71726.7, '10%', 1),
    ( NOW(), NOW(), '기업', '소량 주문', '2016-08-07', '고객 피드백 반영 필요', 828105, 41, 'sales3-2016-7', '2016-07-12', 745294.5, 'N', 0, '0%', 4),
    ( NOW(), NOW(), '민간', '소량 주문', '2016-09-30', '고객 피드백 반영 필요', 646851, 3, 'sales4-2016-9', '2016-09-19', 582165.9, 'N', 0, '0%', 2),
    ( NOW(), NOW(), '민간', '일반 판매', '2016-11-06', '정기 배송 필요', 631624, 29, 'sales5-2016-10', '2016-10-09', 568461.6, 'N', 0, '0%', 3),
    ( NOW(), NOW(), '기업', '대량 주문', '2016-04-08', '고객 요청 사항 반영', 850515, 12, 'sales6-2016-3', '2016-03-09', 765463.5, 'N', 0, '0%', 3),
    ( NOW(), NOW(), '공공', '대량 주문', '2016-04-27', '고객 요청 사항 반영', 1090793, 8, 'sales7-2016-4', '2016-04-04', 981713.7, 'N', 0, '0%', 1),
    ( NOW(), NOW(), '해외', '대량 주문', '2016-09-18', '고객 피드백 반영 필요', 877774, 26, 'sales8-2016-8', '2016-08-22', 789996.6, 'N', 0, '0%', 4),
    ( NOW(), NOW(), '기업', '소량 주문', '2016-07-18', '배송 일정 조율 필요', 975566, 22, 'sales9-2016-7', '2016-07-12', 878009.4, 'N', 0, '0%', 4),
    ( NOW(), NOW(), '기업', '소량 주문', '2016-05-25', '고객 요청 사항 반영', 1057503, 8, 'sales10-2016-5', '2016-05-06', 951752.7, 'Y', 105750.3, '10%', 2),
    ( NOW(), NOW(), '기업', '대량 주문', '2016-03-01', '특별 가격 협상 완료', 644829, 36, 'sales11-2016-2', '2016-02-22', 580346.1, 'N', 0, '0%', 3),
    ( NOW(), NOW(), '기업', '일반 판매', '2016-08-25', '정기 배송 필요', 696572, 12, 'sales12-2016-8', '2016-08-07', 626914.8, 'N', 0, '0%', 2),
    ( NOW(), NOW(), '민간', '소량 주문', '2016-09-08', '배송 일정 조율 필요', 905855, 3, 'sales13-2016-8', '2016-08-16', 815269.5, 'N', 0, '0%', 3),
    ( NOW(), NOW(), '민간', '소량 주문', '2016-03-13', '고객 요청 사항 반영', 985613, 36, 'sales14-2016-2', '2016-02-17', 887051.7, 'Y', 98561.3, '10%', 5),
    ( NOW(), NOW(), '해외', '대량 주문', '2016-08-25', '배송 일정 조율 필요', 836914, 33, 'sales15-2016-8', '2016-08-02', 753222.6, 'N', 0, '0%', 4),
    ( NOW(), NOW(), '기업', '정기 주문', '2016-07-25', '고객 요청 사항 반영', 830942, 33, 'sales16-2016-6', '2016-06-28', 747847.8, 'Y', 83094.20000000001, '10%', 4),
    ( NOW(), NOW(), '해외', '정기 주문', '2016-12-06', '정기 배송 필요', 1035389, 10, 'sales17-2016-11', '2016-11-27', 931850.1, 'Y', 103538.90000000001, '10%', 2),
    ( NOW(), NOW(), '공공', '소량 주문', '2016-10-14', '배송 일정 조율 필요', 621253, 6, 'sales18-2016-9', '2016-09-20', 559127.7, 'N', 0, '0%', 2),
    ( NOW(), NOW(), '해외', '대량 주문', '2017-01-20', '정기 배송 필요', 960133, 39, 'sales19-2016-12', '2016-12-26', 864119.7, 'N', 0, '0%', 4),
    ( NOW(), NOW(), '기업', '소량 주문', '2016-05-25', '특별 가격 협상 완료', 834789, 21, 'sales20-2016-5', '2016-05-11', 751310.1, 'Y', 83478.90000000001, '10%', 1),
    ( NOW(), NOW(), '기업', '대량 주문', '2017-01-12', '고객 요청 사항 반영', 748358, 38, 'sales21-2016-12', '2016-12-26', 673522.2, 'N', 0, '0%', 4),
    ( NOW(), NOW(), '해외', '정기 주문', '2016-04-26', '특별 가격 협상 완료', 640687, 28, 'sales22-2016-4', '2016-04-10', 576618.3, 'Y', 64068.700000000004, '10%', 5),
    ( NOW(), NOW(), '민간', '소량 주문', '2016-01-29', '정기 배송 필요', 1076190, 1, 'sales23-2016-1', '2016-01-10', 968571.0, 'N', 0, '0%', 4),
    ( NOW(), NOW(), '기업', '일반 판매', '2017-01-04', '특별 가격 협상 완료', 873976, 17, 'sales24-2016-12', '2016-12-05', 786578.4, 'Y', 87397.6, '10%', 2),
    ( NOW(), NOW(), '공공', '대량 주문', '2016-08-27', '배송 일정 조율 필요', 1049039, 38, 'sales25-2016-8', '2016-08-11', 944135.1, 'N', 0, '0%', 4),
    ( NOW(), NOW(), '공공', '정기 주문', '2016-07-06', '특별 가격 협상 완료', 979169, 6, 'sales26-2016-6', '2016-06-10', 881252.1, 'N', 0, '0%', 3),
    ( NOW(), NOW(), '해외', '일반 판매', '2016-10-16', '정기 배송 필요', 809384, 11, 'sales27-2016-9', '2016-09-23', 728445.6, 'N', 0, '0%', 4),
    ( NOW(), NOW(), '기업', '소량 주문', '2016-09-11', '배송 일정 조율 필요', 908171, 49, 'sales28-2016-8', '2016-08-25', 817353.9, 'N', 0, '0%', 4),
    ( NOW(), NOW(), '해외', '정기 주문', '2016-12-21', '고객 피드백 반영 필요', 910774, 36, 'sales29-2016-11', '2016-11-24', 819696.6, 'N', 0, '0%', 2),
    ( NOW(), NOW(), '민간', '소량 주문', '2016-02-17', '고객 피드백 반영 필요', 1066367, 36, 'sales30-2016-1', '2016-01-20', 959730.3, 'N', 0, '0%', 1),
    ( NOW(), NOW(), '공공', '정기 주문', '2017-12-05', '특별 가격 협상 완료', 935535, 27, 'sales1-2017-11', '2017-11-10', 841981.5, 'Y', 93553.5, '10%', 4),
    ( NOW(), NOW(), '해외', '정기 주문', '2017-12-30', '고객 피드백 반영 필요', 873754, 16, 'sales2-2017-12', '2017-12-15', 786378.6, 'N', 0, '0%', 4),
    ( NOW(), NOW(), '민간', '대량 주문', '2017-05-08', '고객 피드백 반영 필요', 1035667, 44, 'sales3-2017-4', '2017-04-11', 932100.3, 'N', 0, '0%', 1),
    ( NOW(), NOW(), '해외', '소량 주문', '2017-05-14', '고객 피드백 반영 필요', 953756, 18, 'sales4-2017-5', '2017-05-08', 858380.4, 'Y', 95375.6, '10%', 1),
    ( NOW(), NOW(), '해외', '대량 주문', '2017-01-23', '특별 가격 협상 완료', 1181151, 37, 'sales5-2017-1', '2017-01-05', 1063035.9, 'Y', 118115.1, '10%', 4),
    ( NOW(), NOW(), '공공', '정기 주문', '2017-12-05', '정기 배송 필요', 1257605, 36, 'sales6-2017-11', '2017-11-16', 1131844.5, 'N', 0, '0%', 1),
    ( NOW(), NOW(), '민간', '일반 판매', '2017-02-25', '고객 요청 사항 반영', 889008, 19, 'sales7-2017-2', '2017-02-10', 800107.2, 'N', 0, '0%', 1),
    ( NOW(), NOW(), '민간', '소량 주문', '2017-09-24', '고객 피드백 반영 필요', 1110529, 38, 'sales8-2017-9', '2017-09-18', 999476.1, 'Y', 111052.90000000001, '10%', 2),
    ( NOW(), NOW(), '민간', '소량 주문', '2017-12-22', '특별 가격 협상 완료', 1046398, 47, 'sales9-2017-12', '2017-12-13', 941758.2, 'Y', 104639.8, '10%', 1),
    ( NOW(), NOW(), '민간', '정기 주문', '2017-04-12', '고객 피드백 반영 필요', 779838, 10, 'sales10-2017-3', '2017-03-23', 701854.2, 'N', 0, '0%', 1),
    ( NOW(), NOW(), '기업', '소량 주문', '2017-04-17', '정기 배송 필요', 1281494, 11, 'sales11-2017-3', '2017-03-23', 1153344.6, 'N', 0, '0%', 3),
    ( NOW(), NOW(), '공공', '대량 주문', '2017-09-24', '고객 요청 사항 반영', 993967, 43, 'sales12-2017-9', '2017-09-13', 894570.3, 'N', 0, '0%', 5),
    ( NOW(), NOW(), '민간', '정기 주문', '2017-10-23', '고객 피드백 반영 필요', 1259590, 3, 'sales13-2017-10', '2017-10-05', 1133631.0, 'N', 0, '0%', 5),
    ( NOW(), NOW(), '기업', '소량 주문', '2017-12-09', '정기 배송 필요', 1283260, 10, 'sales14-2017-11', '2017-11-12', 1154934.0, 'N', 0, '0%', 2),
    ( NOW(), NOW(), '해외', '대량 주문', '2017-10-18', '고객 요청 사항 반영', 1076541, 10, 'sales15-2017-9', '2017-09-18', 968886.9, 'N', 0, '0%', 3),
    ( NOW(), NOW(), '해외', '대량 주문', '2017-09-03', '고객 피드백 반영 필요', 1288849, 17, 'sales16-2017-8', '2017-08-11', 1159964.1, 'Y', 128884.90000000001, '10%', 1),
    ( NOW(), NOW(), '기업', '소량 주문', '2017-04-29', '배송 일정 조율 필요', 809282, 48, 'sales17-2017-4', '2017-04-19', 728353.8, 'N', 0, '0%', 3),
    ( NOW(), NOW(), '민간', '정기 주문', '2017-09-24', '고객 요청 사항 반영', 892197, 46, 'sales18-2017-9', '2017-09-18', 802977.3, 'N', 0, '0%', 5),
    ( NOW(), NOW(), '기업', '대량 주문', '2017-03-12', '특별 가격 협상 완료', 1324398, 16, 'sales19-2017-2', '2017-02-27', 1191958.2, 'Y', 132439.80000000002, '10%', 5),
    ( NOW(), NOW(), '공공', '정기 주문', '2017-08-26', '정기 배송 필요', 899353, 15, 'sales20-2017-8', '2017-08-08', 809417.7, 'Y', 89935.3, '10%', 1),
    ( NOW(), NOW(), '해외', '대량 주문', '2017-05-18', '배송 일정 조율 필요', 962287, 41, 'sales21-2017-4', '2017-04-25', 866058.3, 'N', 0, '0%', 5),
    ( NOW(), NOW(), '공공', '소량 주문', '2017-01-27', '고객 피드백 반영 필요', 707937, 27, 'sales22-2017-1', '2017-01-12', 637143.3, 'Y', 70793.7, '10%', 4),
    ( NOW(), NOW(), '기업', '일반 판매', '2017-03-27', '정기 배송 필요', 1271962, 42, 'sales23-2017-3', '2017-03-20', 1144765.8, 'N', 0, '0%', 1),
    ( NOW(), NOW(), '해외', '정기 주문', '2017-03-04', '고객 피드백 반영 필요', 779636, 1, 'sales24-2017-2', '2017-02-25', 701672.4, 'N', 0, '0%', 5),
    ( NOW(), NOW(), '민간', '소량 주문', '2017-07-25', '정기 배송 필요', 1126857, 6, 'sales25-2017-7', '2017-07-20', 1014171.3, 'Y', 112685.70000000001, '10%', 1),
    ( NOW(), NOW(), '해외', '일반 판매', '2017-04-29', '정기 배송 필요', 1136960, 31, 'sales26-2017-4', '2017-04-22', 1023264.0, 'N', 0, '0%', 5),
    ( NOW(), NOW(), '민간', '대량 주문', '2017-04-07', '배송 일정 조율 필요', 938910, 21, 'sales27-2017-3', '2017-03-18', 845019.0, 'Y', 93891.0, '10%', 3),
    ( NOW(), NOW(), '해외', '정기 주문', '2017-02-03', '고객 피드백 반영 필요', 847998, 16, 'sales28-2017-1', '2017-01-28', 763198.2, 'N', 0, '0%', 2),
    ( NOW(), NOW(), '해외', '대량 주문', '2017-09-13', '배송 일정 조율 필요', 720504, 15, 'sales29-2017-9', '2017-09-06', 648453.6, 'Y', 72050.40000000001, '10%', 2),
    ( NOW(), NOW(), '기업', '대량 주문', '2017-01-25', '고객 요청 사항 반영', 1287146, 45, 'sales30-2017-1', '2017-01-05', 1158431.4, 'Y', 128714.6, '10%', 2),
    ( NOW(), NOW(), '민간', '대량 주문', '2018-12-28', '고객 피드백 반영 필요', 1069322, 36, 'sales1-2018-12', '2018-12-21', 962389.8, 'Y', 106932.20000000001, '10%', 3),
    ( NOW(), NOW(), '공공', '일반 판매', '2018-11-27', '정기 배송 필요', 1112060, 22, 'sales2-2018-11', '2018-11-20', 1000854.0, 'N', 0, '0%', 1),
    ( NOW(), NOW(), '민간', '대량 주문', '2018-02-06', '정기 배송 필요', 1161757, 23, 'sales3-2018-1', '2018-01-07', 1045581.3, 'N', 0, '0%', 2),
    ( NOW(), NOW(), '민간', '소량 주문', '2018-07-09', '고객 피드백 반영 필요', 1448922, 21, 'sales4-2018-6', '2018-06-15', 1304029.8, 'N', 0, '0%', 1),
    ( NOW(), NOW(), '민간', '대량 주문', '2018-11-07', '고객 피드백 반영 필요', 1264779, 48, 'sales5-2018-10', '2018-10-13', 1138301.1, 'Y', 126477.90000000001, '10%', 2),
    ( NOW(), NOW(), '기업', '대량 주문', '2018-06-14', '고객 요청 사항 반영', 1594822, 1, 'sales6-2018-6', '2018-06-07', 1435339.8, 'Y', 159482.2, '10%', 4),
    ( NOW(), NOW(), '해외', '대량 주문', '2018-07-17', '배송 일정 조율 필요', 846756, 35, 'sales7-2018-7', '2018-07-05', 762080.4, 'Y', 84675.6, '10%', 1),
    ( NOW(), NOW(), '공공', '소량 주문', '2018-09-02', '특별 가격 협상 완료', 1325145, 25, 'sales8-2018-8', '2018-08-27', 1192630.5, 'Y', 132514.5, '10%', 1),
    ( NOW(), NOW(), '해외', '대량 주문', '2018-05-03', '고객 피드백 반영 필요', 1071266, 20, 'sales9-2018-4', '2018-04-23', 964139.4, 'N', 0, '0%', 3),
    ( NOW(), NOW(), '기업', '정기 주문', '2018-11-29', '배송 일정 조율 필요', 1456920, 28, 'sales10-2018-11', '2018-11-05', 1311228.0, 'Y', 145692.0, '10%', 1),
    ( NOW(), NOW(), '공공', '정기 주문', '2018-03-07', '고객 요청 사항 반영', 1157734, 5, 'sales11-2018-2', '2018-02-10', 1041960.6, 'Y', 115773.40000000001, '10%', 5),
    ( NOW(), NOW(), '민간', '정기 주문', '2018-08-26', '정기 배송 필요', 1044760, 39, 'sales12-2018-8', '2018-08-03', 940284.0, 'Y', 104476.0, '10%', 5),
    ( NOW(), NOW(), '기업', '소량 주문', '2018-12-31', '고객 피드백 반영 필요', 1121826, 48, 'sales13-2018-12', '2018-12-18', 1009643.4, 'Y', 112182.6, '10%', 5),
    ( NOW(), NOW(), '기업', '대량 주문', '2018-10-30', '고객 피드백 반영 필요', 1097580, 20, 'sales14-2018-10', '2018-10-06', 987822.0, 'N', 0, '0%', 5),
    ( NOW(), NOW(), '민간', '일반 판매', '2018-08-06', '고객 요청 사항 반영', 1274901, 25, 'sales15-2018-7', '2018-07-15', 1147410.9, 'N', 0, '0%', 4),
    ( NOW(), NOW(), '해외', '정기 주문', '2018-07-13', '정기 배송 필요', 1000771, 4, 'sales16-2018-7', '2018-07-03', 900693.9, 'Y', 100077.1, '10%', 4),
    ( NOW(), NOW(), '공공', '일반 판매', '2019-01-08', '고객 피드백 반영 필요', 921478, 24, 'sales17-2018-12', '2018-12-16', 829330.2, 'N', 0, '0%', 5),
    ( NOW(), NOW(), '공공', '대량 주문', '2018-09-15', '고객 피드백 반영 필요', 1432154, 10, 'sales18-2018-8', '2018-08-20', 1288938.6, 'N', 0, '0%', 3),
    ( NOW(), NOW(), '해외', '대량 주문', '2018-02-10', '고객 피드백 반영 필요', 1301861, 11, 'sales19-2018-1', '2018-01-18', 1171674.9, 'Y', 130186.1, '10%', 4),
    ( NOW(), NOW(), '민간', '소량 주문', '2018-11-08', '정기 배송 필요', 811375, 37, 'sales20-2018-10', '2018-10-27', 730237.5, 'Y', 81137.5, '10%', 3),
    ( NOW(), NOW(), '민간', '소량 주문', '2018-06-13', '고객 피드백 반영 필요', 1534734, 48, 'sales21-2018-5', '2018-05-18', 1381260.6, 'N', 0, '0%', 2),
    ( NOW(), NOW(), '해외', '대량 주문', '2018-03-01', '고객 피드백 반영 필요', 1204292, 22, 'sales22-2018-2', '2018-02-09', 1083862.8, 'N', 0, '0%', 5),
    ( NOW(), NOW(), '기업', '소량 주문', '2018-10-02', '고객 피드백 반영 필요', 972175, 31, 'sales23-2018-9', '2018-09-25', 874957.5, 'N', 0, '0%', 1),
    ( NOW(), NOW(), '민간', '일반 판매', '2019-01-16', '고객 요청 사항 반영', 1422410, 31, 'sales24-2018-12', '2018-12-26', 1280169.0, 'Y', 142241.0, '10%', 2),
    ( NOW(), NOW(), '해외', '일반 판매', '2018-04-01', '고객 피드백 반영 필요', 801002, 41, 'sales25-2018-3', '2018-03-19', 720901.8, 'N', 0, '0%', 2),
    ( NOW(), NOW(), '해외', '일반 판매', '2018-09-02', '배송 일정 조율 필요', 1305085, 25, 'sales26-2018-8', '2018-08-27', 1174576.5, 'Y', 130508.5, '10%', 1),
    ( NOW(), NOW(), '공공', '일반 판매', '2018-06-06', '특별 가격 협상 완료', 1353012, 44, 'sales27-2018-6', '2018-06-01', 1217710.8, 'N', 0, '0%', 1),
    ( NOW(), NOW(), '공공', '정기 주문', '2018-05-29', '고객 요청 사항 반영', 1409270, 36, 'sales28-2018-5', '2018-05-05', 1268343.0, 'Y', 140927.0, '10%', 4),
    ( NOW(), NOW(), '기업', '소량 주문', '2018-08-27', '특별 가격 협상 완료', 1193340, 9, 'sales29-2018-8', '2018-08-20', 1074006.0, 'N', 0, '0%', 2),
    ( NOW(), NOW(), '공공', '대량 주문', '2018-07-13', '정기 배송 필요', 1235445, 4, 'sales30-2018-6', '2018-06-23', 1111900.5, 'Y', 123544.5, '10%', 3),
    ( NOW(), NOW(), '해외', '일반 판매', '2019-06-30', '정기 배송 필요', 1442219, 42, 'sales1-2019-6', '2019-06-01', 1297997.1, 'Y', 144221.9, '10%', 5),
    ( NOW(), NOW(), '기업', '소량 주문', '2019-05-23', '배송 일정 조율 필요', 1492705, 24, 'sales2-2019-4', '2019-04-25', 1343434.5, 'Y', 149270.5, '10%', 5),
    ( NOW(), NOW(), '해외', '대량 주문', '2019-08-23', '고객 요청 사항 반영', 1085678, 13, 'sales3-2019-8', '2019-08-03', 977110.2, 'N', 0, '0%', 1),
    ( NOW(), NOW(), '민간', '일반 판매', '2019-01-24', '정기 배송 필요', 1406336, 4, 'sales4-2019-1', '2019-01-14', 1265702.4, 'Y', 140633.6, '10%', 5),
    ( NOW(), NOW(), '민간', '일반 판매', '2019-07-29', '고객 요청 사항 반영', 1321526, 31, 'sales5-2019-7', '2019-07-08', 1189373.4, 'Y', 132152.6, '10%', 4),
    ( NOW(), NOW(), '기업', '대량 주문', '2019-06-21', '고객 피드백 반영 필요', 1258748, 35, 'sales6-2019-6', '2019-06-13', 1132873.2, 'Y', 125874.8, '10%', 4),
    ( NOW(), NOW(), '민간', '소량 주문', '2019-05-31', '배송 일정 조율 필요', 1351820, 42, 'sales7-2019-5', '2019-05-18', 1216638.0, 'N', 0, '0%', 3),
    ( NOW(), NOW(), '해외', '소량 주문', '2019-02-27', '정기 배송 필요', 984285, 28, 'sales8-2019-2', '2019-02-11', 885856.5, 'N', 0, '0%', 4),
    ( NOW(), NOW(), '해외', '정기 주문', '2019-12-07', '고객 요청 사항 반영', 1350616, 26, 'sales9-2019-11', '2019-11-11', 1215554.4, 'Y', 135061.6, '10%', 3),
    ( NOW(), NOW(), '해외', '정기 주문', '2019-06-13', '배송 일정 조율 필요', 1489359, 1, 'sales10-2019-5', '2019-05-27', 1340423.1, 'N', 0, '0%', 2),
    ( NOW(), NOW(), '기업', '일반 판매', '2020-01-06', '고객 피드백 반영 필요', 900091, 5, 'sales11-2019-12', '2019-12-23', 810081.9, 'N', 0, '0%', 5),
    ( NOW(), NOW(), '민간', '대량 주문', '2019-05-21', '고객 요청 사항 반영', 1308781, 46, 'sales12-2019-5', '2019-05-06', 1177902.9, 'Y', 130878.1, '10%', 4),
    ( NOW(), NOW(), '민간', '일반 판매', '2019-02-22', '배송 일정 조율 필요', 1780682, 14, 'sales13-2019-2', '2019-02-12', 1602613.8, 'N', 0, '0%', 5),
    ( NOW(), NOW(), '기업', '대량 주문', '2019-06-01', '특별 가격 협상 완료', 1601780, 18, 'sales14-2019-5', '2019-05-16', 1441602.0, 'N', 0, '0%', 5),
    ( NOW(), NOW(), '해외', '일반 판매', '2019-11-01', '특별 가격 협상 완료', 1027811, 43, 'sales15-2019-10', '2019-10-02', 925029.9, 'Y', 102781.1, '10%', 4),
    ( NOW(), NOW(), '해외', '일반 판매', '2019-04-17', '특별 가격 협상 완료', 1269358, 29, 'sales16-2019-3', '2019-03-19', 1142422.2, 'N', 0, '0%', 3),
    ( NOW(), NOW(), '해외', '정기 주문', '2019-08-11', '고객 피드백 반영 필요', 941866, 22, 'sales17-2019-7', '2019-07-24', 847679.4, 'N', 0, '0%', 3),
    ( NOW(), NOW(), '기업', '정기 주문', '2019-03-09', '배송 일정 조율 필요', 1646881, 8, 'sales18-2019-2', '2019-02-09', 1482192.9, 'Y', 164688.1, '10%', 5),
    ( NOW(), NOW(), '해외', '정기 주문', '2019-11-04', '특별 가격 협상 완료', 1114736, 15, 'sales19-2019-10', '2019-10-11', 1003262.4, 'Y', 111473.6, '10%', 2),
    ( NOW(), NOW(), '기업', '일반 판매', '2019-05-05', '정기 배송 필요', 1313040, 36, 'sales20-2019-4', '2019-04-26', 1181736.0, 'Y', 131304.0, '10%', 2),
    ( NOW(), NOW(), '민간', '대량 주문', '2019-09-29', '정기 배송 필요', 1603104, 8, 'sales21-2019-9', '2019-09-19', 1442793.6, 'N', 0, '0%', 1),
    ( NOW(), NOW(), '해외', '정기 주문', '2019-07-17', '고객 피드백 반영 필요', 1025613, 37, 'sales22-2019-7', '2019-07-06', 923051.7, 'Y', 102561.3, '10%', 1),
    ( NOW(), NOW(), '기업', '정기 주문', '2019-05-09', '특별 가격 협상 완료', 1687706, 6, 'sales23-2019-4', '2019-04-27', 1518935.4, 'Y', 168770.6, '10%', 4),
    ( NOW(), NOW(), '기업', '일반 판매', '2019-12-02', '정기 배송 필요', 1211154, 22, 'sales24-2019-11', '2019-11-27', 1090038.6, 'N', 0, '0%', 2),
    ( NOW(), NOW(), '해외', '소량 주문', '2019-03-07', '고객 요청 사항 반영', 1358012, 16, 'sales25-2019-2', '2019-02-28', 1222210.8, 'Y', 135801.2, '10%', 2),
    ( NOW(), NOW(), '공공', '소량 주문', '2019-11-06', '배송 일정 조율 필요', 970257, 9, 'sales26-2019-10', '2019-10-21', 873231.3, 'N', 0, '0%', 2),
    ( NOW(), NOW(), '민간', '소량 주문', '2019-05-22', '특별 가격 협상 완료', 1619115, 31, 'sales27-2019-5', '2019-05-02', 1457203.5, 'Y', 161911.5, '10%', 5),
    ( NOW(), NOW(), '민간', '대량 주문', '2019-05-04', '정기 배송 필요', 1327189, 16, 'sales28-2019-4', '2019-04-10', 1194470.1, 'Y', 132718.9, '10%', 1),
    ( NOW(), NOW(), '공공', '소량 주문', '2019-05-16', '고객 요청 사항 반영', 1184781, 50, 'sales29-2019-4', '2019-04-16', 1066302.9, 'Y', 118478.1, '10%', 2),
    ( NOW(), NOW(), '기업', '소량 주문', '2019-07-20', '고객 요청 사항 반영', 1603827, 27, 'sales30-2019-7', '2019-07-04', 1443444.3, 'N', 0, '0%', 2),
    ( NOW(), NOW(), '공공', '대량 주문', '2020-02-01', '고객 피드백 반영 필요', 1373868, 40, 'sales1-2020-1', '2020-01-08', 1236481.2, 'N', 0, '0%', 4),
    ( NOW(), NOW(), '민간', '정기 주문', '2020-04-05', '특별 가격 협상 완료', 1841107, 14, 'sales2-2020-3', '2020-03-23', 1656996.3, 'Y', 184110.7, '10%', 2),
    ( NOW(), NOW(), '해외', '대량 주문', '2020-11-03', '특별 가격 협상 완료', 1811815, 6, 'sales3-2020-10', '2020-10-14', 1630633.5, 'Y', 181181.5, '10%', 4),
    ( NOW(), NOW(), '민간', '대량 주문', '2020-02-18', '배송 일정 조율 필요', 1570586, 46, 'sales4-2020-2', '2020-02-06', 1413527.4, 'N', 0, '0%', 3),
    ( NOW(), NOW(), '공공', '소량 주문', '2020-12-10', '정기 배송 필요', 1591919, 13, 'sales5-2020-11', '2020-11-17', 1432727.1, 'Y', 159191.90000000002, '10%', 2),
    ( NOW(), NOW(), '해외', '소량 주문', '2020-01-18', '고객 피드백 반영 필요', 1775448, 33, 'sales6-2020-1', '2020-01-08', 1597903.2, 'N', 0, '0%', 4),
    ( NOW(), NOW(), '기업', '대량 주문', '2020-01-25', '특별 가격 협상 완료', 1637447, 29, 'sales7-2020-1', '2020-01-15', 1473702.3, 'Y', 163744.7, '10%', 5),
    ( NOW(), NOW(), '기업', '소량 주문', '2020-05-22', '고객 요청 사항 반영', 1987053, 39, 'sales8-2020-4', '2020-04-24', 1788347.7, 'Y', 198705.30000000002, '10%', 4),
    ( NOW(), NOW(), '공공', '대량 주문', '2020-01-09', '특별 가격 협상 완료', 1927913, 37, 'sales9-2020-1', '2020-01-02', 1735121.7, 'N', 0, '0%', 2),
    ( NOW(), NOW(), '공공', '일반 판매', '2020-05-18', '고객 피드백 반영 필요', 1895496, 23, 'sales10-2020-4', '2020-04-22', 1705946.4, 'N', 0, '0%', 1),
    ( NOW(), NOW(), '해외', '소량 주문', '2020-07-22', '고객 피드백 반영 필요', 1146942, 15, 'sales11-2020-7', '2020-07-13', 1032247.8, 'Y', 114694.20000000001, '10%', 2),
    ( NOW(), NOW(), '기업', '정기 주문', '2020-09-19', '고객 피드백 반영 필요', 1589074, 47, 'sales12-2020-9', '2020-09-01', 1430166.6, 'N', 0, '0%', 5),
    ( NOW(), NOW(), '민간', '소량 주문', '2020-12-27', '정기 배송 필요', 1359775, 25, 'sales13-2020-12', '2020-12-02', 1223797.5, 'N', 0, '0%', 3),
    ( NOW(), NOW(), '공공', '정기 주문', '2020-01-28', '고객 요청 사항 반영', 1707186, 22, 'sales14-2020-1', '2020-01-10', 1536467.4, 'Y', 170718.6, '10%', 2),
    ( NOW(), NOW(), '민간', '소량 주문', '2021-01-01', '고객 피드백 반영 필요', 1261292, 32, 'sales15-2020-12', '2020-12-05', 1135162.8, 'Y', 126129.20000000001, '10%', 3),
    ( NOW(), NOW(), '민간', '정기 주문', '2020-11-29', '배송 일정 조율 필요', 1274473, 46, 'sales16-2020-11', '2020-11-18', 1147025.7, 'Y', 127447.3, '10%', 4),
    ( NOW(), NOW(), '공공', '일반 판매', '2020-02-16', '특별 가격 협상 완료', 1328876, 8, 'sales17-2020-2', '2020-02-05', 1195988.4, 'Y', 132887.6, '10%', 4),
    ( NOW(), NOW(), '해외', '일반 판매', '2020-03-24', '고객 요청 사항 반영', 1602881, 19, 'sales18-2020-2', '2020-02-23', 1442592.9, 'Y', 160288.1, '10%', 1),
    ( NOW(), NOW(), '공공', '소량 주문', '2020-05-26', '고객 요청 사항 반영', 1829753, 33, 'sales19-2020-4', '2020-04-28', 1646777.7, 'N', 0, '0%', 1),
    ( NOW(), NOW(), '공공', '소량 주문', '2020-10-28', '특별 가격 협상 완료', 1922286, 35, 'sales20-2020-10', '2020-10-21', 1730057.4, 'Y', 192228.6, '10%', 2),
    ( NOW(), NOW(), '기업', '대량 주문', '2020-08-06', '고객 피드백 반영 필요', 1860557, 42, 'sales21-2020-7', '2020-07-15', 1674501.3, 'Y', 186055.7, '10%', 4),
    ( NOW(), NOW(), '공공', '정기 주문', '2020-05-21', '배송 일정 조율 필요', 1954148, 41, 'sales22-2020-4', '2020-04-27', 1758733.2, 'N', 0, '0%', 1),
    ( NOW(), NOW(), '해외', '정기 주문', '2020-02-25', '고객 요청 사항 반영', 1325475, 46, 'sales23-2020-2', '2020-02-18', 1192927.5, 'Y', 132547.5, '10%', 4),
    ( NOW(), NOW(), '민간', '일반 판매', '2021-01-02', '정기 배송 필요', 1024290, 15, 'sales24-2020-12', '2020-12-05', 921861.0, 'N', 0, '0%', 4),
    ( NOW(), NOW(), '공공', '대량 주문', '2020-05-09', '고객 요청 사항 반영', 1043542, 38, 'sales25-2020-4', '2020-04-19', 939187.8, 'Y', 104354.20000000001, '10%', 3),
    ( NOW(), NOW(), '기업', '정기 주문', '2020-10-16', '특별 가격 협상 완료', 1928483, 16, 'sales26-2020-10', '2020-10-10', 1735634.7, 'N', 0, '0%', 3),
    ( NOW(), NOW(), '공공', '정기 주문', '2020-10-31', '고객 요청 사항 반영', 1079828, 28, 'sales27-2020-10', '2020-10-05', 971845.2, 'N', 0, '0%', 5),
    ( NOW(), NOW(), '해외', '정기 주문', '2020-10-10', '고객 피드백 반영 필요', 1424360, 46, 'sales28-2020-10', '2020-10-04', 1281924.0, 'N', 0, '0%', 2),
    ( NOW(), NOW(), '민간', '일반 판매', '2020-12-24', '정기 배송 필요', 1696198, 5, 'sales29-2020-12', '2020-12-16', 1526578.2, 'Y', 169619.80000000002, '10%', 4),
    ( NOW(), NOW(), '공공', '일반 판매', '2020-09-19', '배송 일정 조율 필요', 1546707, 40, 'sales30-2020-9', '2020-09-02', 1392036.3, 'Y', 154670.7, '10%', 1),
    ( NOW(), NOW(), '민간', '소량 주문', '2021-11-08', '특별 가격 협상 완료', 1966710, 11, 'sales1-2021-10', '2021-10-21', 1770039.0, 'Y', 196671.0, '10%', 4),
    ( NOW(), NOW(), '민간', '일반 판매', '2021-08-18', '배송 일정 조율 필요', 1380116, 41, 'sales2-2021-8', '2021-08-06', 1242104.4, 'Y', 138011.6, '10%', 1),
    ( NOW(), NOW(), '민간', '소량 주문', '2022-01-04', '고객 요청 사항 반영', 2316763, 14, 'sales3-2021-12', '2021-12-07', 2085086.7, 'N', 0, '0%', 4),
    ( NOW(), NOW(), '민간', '소량 주문', '2021-05-26', '배송 일정 조율 필요', 1868358, 4, 'sales4-2021-5', '2021-05-04', 1681522.2, 'Y', 186835.80000000002, '10%', 5),
    ( NOW(), NOW(), '공공', '소량 주문', '2021-03-08', '고객 피드백 반영 필요', 2049792, 14, 'sales5-2021-2', '2021-02-25', 1844812.8, 'N', 0, '0%', 3),
    ( NOW(), NOW(), '공공', '일반 판매', '2021-01-31', '정기 배송 필요', 1369946, 39, 'sales6-2021-1', '2021-01-04', 1232951.4, 'Y', 136994.6, '10%', 4),
    ( NOW(), NOW(), '공공', '대량 주문', '2022-01-03', '배송 일정 조율 필요', 2133122, 1, 'sales7-2021-12', '2021-12-27', 1919809.8, 'N', 0, '0%', 2),
    ( NOW(), NOW(), '민간', '대량 주문', '2021-04-18', '정기 배송 필요', 2184144, 41, 'sales8-2021-4', '2021-04-13', 1965729.6, 'N', 0, '0%', 4),
    ( NOW(), NOW(), '민간', '일반 판매', '2021-04-17', '정기 배송 필요', 1864173, 33, 'sales9-2021-3', '2021-03-18', 1677755.7, 'N', 0, '0%', 1),
    ( NOW(), NOW(), '공공', '소량 주문', '2021-06-27', '특별 가격 협상 완료', 2135866, 19, 'sales10-2021-6', '2021-06-10', 1922279.4, 'Y', 213586.6, '10%', 2),
    ( NOW(), NOW(), '공공', '대량 주문', '2021-03-05', '고객 요청 사항 반영', 2241402, 29, 'sales11-2021-2', '2021-02-28', 2017261.8, 'N', 0, '0%', 2),
    ( NOW(), NOW(), '민간', '일반 판매', '2021-03-17', '배송 일정 조율 필요', 1221453, 43, 'sales12-2021-2', '2021-02-19', 1099307.7, 'N', 0, '0%', 5),
    ( NOW(), NOW(), '민간', '일반 판매', '2021-12-09', '정기 배송 필요', 2057708, 12, 'sales13-2021-11', '2021-11-22', 1851937.2, 'N', 0, '0%', 2),
    ( NOW(), NOW(), '기업', '정기 주문', '2021-12-29', '고객 요청 사항 반영', 1191562, 22, 'sales14-2021-12', '2021-12-06', 1072405.8, 'N', 0, '0%', 5),
    ( NOW(), NOW(), '해외', '일반 판매', '2021-09-11', '특별 가격 협상 완료', 2055493, 30, 'sales15-2021-8', '2021-08-26', 1849943.7, 'Y', 205549.30000000002, '10%', 5),
    ( NOW(), NOW(), '민간', '대량 주문', '2021-10-05', '배송 일정 조율 필요', 2138023, 9, 'sales16-2021-9', '2021-09-23', 1924220.7, 'Y', 213802.30000000002, '10%', 2),
    ( NOW(), NOW(), '해외', '일반 판매', '2021-09-13', '특별 가격 협상 완료', 1879111, 2, 'sales17-2021-9', '2021-09-08', 1691199.9, 'N', 0, '0%', 2),
    ( NOW(), NOW(), '해외', '소량 주문', '2021-02-16', '고객 요청 사항 반영', 2126006, 5, 'sales18-2021-1', '2021-01-23', 1913405.4, 'N', 0, '0%', 1),
    ( NOW(), NOW(), '민간', '소량 주문', '2021-11-26', '고객 피드백 반영 필요', 2337716, 25, 'sales19-2021-11', '2021-11-09', 2103944.4, 'Y', 233771.6, '10%', 4),
    ( NOW(), NOW(), '공공', '정기 주문', '2022-01-04', '고객 피드백 반영 필요', 1185936, 13, 'sales20-2021-12', '2021-12-24', 1067342.4, 'Y', 118593.6, '10%', 3),
    ( NOW(), NOW(), '공공', '정기 주문', '2021-05-15', '특별 가격 협상 완료', 2339683, 17, 'sales21-2021-5', '2021-05-10', 2105714.7, 'Y', 233968.30000000002, '10%', 2),
    ( NOW(), NOW(), '기업', '대량 주문', '2021-05-05', '고객 요청 사항 반영', 2159868, 40, 'sales22-2021-4', '2021-04-17', 1943881.2, 'Y', 215986.80000000002, '10%', 5),
    ( NOW(), NOW(), '기업', '대량 주문', '2021-07-07', '고객 피드백 반영 필요', 1148769, 15, 'sales23-2021-6', '2021-06-10', 1033892.1, 'N', 0, '0%', 5),
    ( NOW(), NOW(), '민간', '일반 판매', '2021-06-03', '정기 배송 필요', 2114132, 20, 'sales24-2021-5', '2021-05-14', 1902718.8, 'Y', 211413.2, '10%', 1),
    ( NOW(), NOW(), '공공', '일반 판매', '2021-12-25', '특별 가격 협상 완료', 1294103, 7, 'sales25-2021-12', '2021-12-03', 1164692.7, 'Y', 129410.3, '10%', 3),
    ( NOW(), NOW(), '기업', '정기 주문', '2021-11-27', '고객 피드백 반영 필요', 2390059, 17, 'sales26-2021-11', '2021-11-10', 2151053.1, 'N', 0, '0%', 3),
    ( NOW(), NOW(), '기업', '대량 주문', '2021-07-11', '특별 가격 협상 완료', 1886555, 35, 'sales27-2021-6', '2021-06-19', 1697899.5, 'N', 0, '0%', 1),
    ( NOW(), NOW(), '민간', '소량 주문', '2021-02-18', '고객 요청 사항 반영', 2194932, 43, 'sales28-2021-2', '2021-02-04', 1975438.8, 'N', 0, '0%', 2),
    ( NOW(), NOW(), '기업', '대량 주문', '2021-09-30', '고객 요청 사항 반영', 1839245, 20, 'sales29-2021-9', '2021-09-22', 1655320.5, 'N', 0, '0%', 1),
    ( NOW(), NOW(), '해외', '소량 주문', '2021-02-15', '고객 피드백 반영 필요', 1208169, 40, 'sales30-2021-2', '2021-02-10', 1087352.1, 'N', 0, '0%', 4),
    ( NOW(), NOW(), '공공', '정기 주문', '2023-01-01', '고객 피드백 반영 필요', 2679957, 13, 'sales1-2022-12', '2022-12-13', 2411961.3, 'Y', 267995.7, '10%', 1),
    ( NOW(), NOW(), '기업', '대량 주문', '2022-06-27', '고객 요청 사항 반영', 1261071, 49, 'sales2-2022-6', '2022-06-21', 1134963.9, 'Y', 126107.1, '10%', 4),
    ( NOW(), NOW(), '민간', '대량 주문', '2022-03-09', '정기 배송 필요', 2579076, 30, 'sales3-2022-2', '2022-02-20', 2321168.4, 'Y', 257907.6, '10%', 4),
    ( NOW(), NOW(), '민간', '일반 판매', '2022-09-03', '특별 가격 협상 완료', 1343953, 15, 'sales4-2022-8', '2022-08-19', 1209557.7, 'Y', 134395.30000000002, '10%', 1),
    ( NOW(), NOW(), '기업', '일반 판매', '2022-03-01', '고객 요청 사항 반영', 2482693, 24, 'sales5-2022-2', '2022-02-10', 2234423.7, 'N', 0, '0%', 2),
    ( NOW(), NOW(), '해외', '대량 주문', '2022-11-06', '고객 요청 사항 반영', 1617301, 25, 'sales6-2022-10', '2022-10-16', 1455570.9, 'N', 0, '0%', 3),
    ( NOW(), NOW(), '민간', '일반 판매', '2022-03-14', '정기 배송 필요', 2235885, 20, 'sales7-2022-3', '2022-03-01', 2012296.5, 'N', 0, '0%', 5),
    ( NOW(), NOW(), '공공', '소량 주문', '2022-02-25', '고객 요청 사항 반영', 2349652, 3, 'sales8-2022-2', '2022-02-19', 2114686.8, 'N', 0, '0%', 4),
    ( NOW(), NOW(), '해외', '일반 판매', '2022-05-16', '배송 일정 조율 필요', 1326513, 1, 'sales9-2022-5', '2022-05-07', 1193861.7, 'Y', 132651.30000000002, '10%', 4),
    ( NOW(), NOW(), '공공', '대량 주문', '2022-07-24', '고객 피드백 반영 필요', 1969730, 21, 'sales10-2022-7', '2022-07-04', 1772757.0, 'N', 0, '0%', 4),
    ( NOW(), NOW(), '민간', '일반 판매', '2022-02-03', '배송 일정 조율 필요', 2590296, 36, 'sales11-2022-1', '2022-01-08', 2331266.4, 'Y', 259029.6, '10%', 3),
    ( NOW(), NOW(), '기업', '대량 주문', '2022-10-09', '정기 배송 필요', 2372717, 1, 'sales12-2022-9', '2022-09-24', 2135445.3, 'Y', 237271.7, '10%', 1),
    ( NOW(), NOW(), '해외', '대량 주문', '2022-12-21', '고객 피드백 반영 필요', 2607128, 28, 'sales13-2022-12', '2022-12-04', 2346415.2, 'Y', 260712.80000000002, '10%', 3),
    ( NOW(), NOW(), '공공', '소량 주문', '2022-03-25', '고객 요청 사항 반영', 1344638, 1, 'sales14-2022-3', '2022-03-17', 1210174.2, 'N', 0, '0%', 2),
    ( NOW(), NOW(), '민간', '소량 주문', '2022-08-28', '정기 배송 필요', 1264220, 50, 'sales15-2022-8', '2022-08-05', 1137798.0, 'Y', 126422.0, '10%', 3),
    ( NOW(), NOW(), '기업', '대량 주문', '2022-03-22', '특별 가격 협상 완료', 2531893, 43, 'sales16-2022-3', '2022-03-10', 2278703.7, 'N', 0, '0%', 5),
    ( NOW(), NOW(), '공공', '정기 주문', '2023-01-15', '배송 일정 조율 필요', 2046497, 9, 'sales17-2022-12', '2022-12-16', 1841847.3, 'Y', 204649.7, '10%', 5),
    ( NOW(), NOW(), '공공', '정기 주문', '2022-09-09', '고객 요청 사항 반영', 1568570, 3, 'sales18-2022-8', '2022-08-11', 1411713.0, 'Y', 156857.0, '10%', 4),
    ( NOW(), NOW(), '기업', '대량 주문', '2022-11-10', '특별 가격 협상 완료', 1739859, 40, 'sales19-2022-10', '2022-10-24', 1565873.1, 'N', 0, '0%', 2),
    ( NOW(), NOW(), '민간', '일반 판매', '2022-07-30', '고객 요청 사항 반영', 1405905, 13, 'sales20-2022-7', '2022-07-02', 1265314.5, 'Y', 140590.5, '10%', 2),
    ( NOW(), NOW(), '해외', '일반 판매', '2023-01-09', '특별 가격 협상 완료', 2017970, 50, 'sales21-2022-12', '2022-12-28', 1816173.0, 'Y', 201797.0, '10%', 2),
    ( NOW(), NOW(), '민간', '소량 주문', '2022-01-14', '특별 가격 협상 완료', 1645936, 38, 'sales22-2022-1', '2022-01-06', 1481342.4, 'Y', 164593.6, '10%', 3),
    ( NOW(), NOW(), '해외', '대량 주문', '2022-11-06', '고객 피드백 반영 필요', 1860353, 14, 'sales23-2022-10', '2022-10-16', 1674317.7, 'Y', 186035.30000000002, '10%', 1),
    ( NOW(), NOW(), '해외', '대량 주문', '2022-07-23', '정기 배송 필요', 1989041, 26, 'sales24-2022-6', '2022-06-27', 1790136.9, 'Y', 198904.1, '10%', 3),
    ( NOW(), NOW(), '해외', '대량 주문', '2022-08-27', '배송 일정 조율 필요', 1951359, 24, 'sales25-2022-8', '2022-08-20', 1756223.1, 'N', 0, '0%', 1),
    ( NOW(), NOW(), '기업', '정기 주문', '2022-07-27', '고객 피드백 반영 필요', 2489681, 9, 'sales26-2022-7', '2022-07-20', 2240712.9, 'N', 0, '0%', 3),
    ( NOW(), NOW(), '해외', '정기 주문', '2022-03-09', '고객 피드백 반영 필요', 2417262, 50, 'sales27-2022-2', '2022-02-24', 2175535.8, 'Y', 241726.2, '10%', 3),
    ( NOW(), NOW(), '기업', '정기 주문', '2022-01-16', '고객 요청 사항 반영', 1763964, 23, 'sales28-2022-1', '2022-01-09', 1587567.6, 'Y', 176396.40000000002, '10%', 2),
    ( NOW(), NOW(), '민간', '일반 판매', '2022-04-16', '고객 요청 사항 반영', 2360534, 1, 'sales29-2022-3', '2022-03-17', 2124480.6, 'Y', 236053.40000000002, '10%', 3),
    ( NOW(), NOW(), '기업', '소량 주문', '2022-07-03', '특별 가격 협상 완료', 1499029, 36, 'sales30-2022-6', '2022-06-12', 1349126.1, 'N', 0, '0%', 1),
    ( NOW(), NOW(), '기업', '일반 판매', '2023-01-16', '정기 배송 필요', 3252179, 43, 'sales1-2023-12', '2023-12-19', 2926961.1, 'N', 0, '0%', 3),
    ( NOW(), NOW(), '기업', '대량 주문', '2023-04-07', '정기 배송 필요', 3520470, 33, 'sales2-2023-3', '2023-03-18', 3168423.0, 'N', 0, '0%', 2),
    ( NOW(), NOW(), '공공', '대량 주문', '2023-03-27', '고객 피드백 반영 필요', 1686240, 31, 'sales3-2023-3', '2023-03-18', 1517616.0, 'Y', 168624.0, '10%', 5),
    ( NOW(), NOW(), '기업', '정기 주문', '2023-06-08', '배송 일정 조율 필요', 3238130, 48, 'sales4-2023-5', '2023-05-23', 2914317.0, 'N', 0, '0%', 3),
    ( NOW(), NOW(), '공공', '소량 주문', '2023-12-01', '배송 일정 조율 필요', 1992946, 1, 'sales5-2023-11', '2023-11-12', 1793651.4, 'N', 0, '0%', 1),
    ( NOW(), NOW(), '기업', '일반 판매', '2023-05-25', '특별 가격 협상 완료', 2812379, 42, 'sales6-2023-5', '2023-05-09', 2531141.1, 'N', 0, '0%', 3),
    ( NOW(), NOW(), '공공', '대량 주문', '2023-07-28', '고객 요청 사항 반영', 1377401, 30, 'sales7-2023-7', '2023-07-05', 1239660.9, 'Y', 137740.1, '10%', 5),
    ( NOW(), NOW(), '해외', '일반 판매', '2023-12-29', '배송 일정 조율 필요', 1358409, 23, 'sales8-2023-12', '2023-12-24', 1222568.1, 'N', 0, '0%', 3),
    ( NOW(), NOW(), '기업', '정기 주문', '2023-12-08', '고객 요청 사항 반영', 3508905, 22, 'sales9-2023-11', '2023-11-15', 3158014.5, 'Y', 350890.5, '10%', 4),
    ( NOW(), NOW(), '해외', '대량 주문', '2023-05-30', '특별 가격 협상 완료', 3340823, 11, 'sales10-2023-5', '2023-05-12', 3006740.7, 'Y', 334082.30000000005, '10%', 1),
    ( NOW(), NOW(), '기업', '소량 주문', '2023-04-12', '배송 일정 조율 필요', 1978125, 11, 'sales11-2023-4', '2023-04-04', 1780312.5, 'Y', 197812.5, '10%', 3),
    ( NOW(), NOW(), '민간', '일반 판매', '2023-11-04', '배송 일정 조율 필요', 3610902, 30, 'sales12-2023-10', '2023-10-10', 3249811.8, 'N', 0, '0%', 5),
    ( NOW(), NOW(), '민간', '정기 주문', '2023-03-04', '배송 일정 조율 필요', 1697815, 4, 'sales13-2023-2', '2023-02-11', 1528033.5, 'Y', 169781.5, '10%', 4),
    ( NOW(), NOW(), '민간', '대량 주문', '2023-02-12', '고객 요청 사항 반영', 3803158, 39, 'sales14-2023-2', '2023-02-05', 3422842.2, 'Y', 380315.80000000005, '10%', 5),
    ( NOW(), NOW(), '민간', '소량 주문', '2023-02-05', '고객 피드백 반영 필요', 2474226, 39, 'sales15-2023-1', '2023-01-25', 2226803.4, 'N', 0, '0%', 2),
    ( NOW(), NOW(), '공공', '대량 주문', '2023-01-04', '고객 피드백 반영 필요', 2996122, 43, 'sales16-2023-12', '2023-12-06', 2696509.8, 'N', 0, '0%', 3),
    ( NOW(), NOW(), '기업', '정기 주문', '2023-11-12', '고객 피드백 반영 필요', 3959339, 7, 'sales17-2023-10', '2023-10-28', 3563405.1, 'Y', 395933.9, '10%', 2),
    ( NOW(), NOW(), '해외', '정기 주문', '2023-02-06', '배송 일정 조율 필요', 3583636, 24, 'sales18-2023-1', '2023-01-24', 3225272.4, 'N', 0, '0%', 2),
    ( NOW(), NOW(), '공공', '정기 주문', '2023-08-14', '배송 일정 조율 필요', 3088490, 30, 'sales19-2023-7', '2023-07-21', 2779641.0, 'Y', 308849.0, '10%', 4),
    ( NOW(), NOW(), '기업', '소량 주문', '2023-06-28', '고객 요청 사항 반영', 2670183, 20, 'sales20-2023-6', '2023-06-12', 2403164.7, 'N', 0, '0%', 1),
    ( NOW(), NOW(), '민간', '정기 주문', '2023-06-16', '특별 가격 협상 완료', 2358876, 38, 'sales21-2023-5', '2023-05-22', 2122988.4, 'N', 0, '0%', 3),
    ( NOW(), NOW(), '기업', '일반 판매', '2023-05-28', '특별 가격 협상 완료', 3143893, 37, 'sales22-2023-5', '2023-05-23', 2829503.7, 'N', 0, '0%', 3),
    ( NOW(), NOW(), '해외', '정기 주문', '2023-09-16', '배송 일정 조율 필요', 2048552, 5, 'sales23-2023-8', '2023-08-20', 1843696.8, 'N', 0, '0%', 5),
    ( NOW(), NOW(), '해외', '대량 주문', '2023-12-24', '배송 일정 조율 필요', 2334091, 11, 'sales24-2023-12', '2023-12-11', 2100681.9, 'N', 0, '0%', 5),
    ( NOW(), NOW(), '기업', '정기 주문', '2023-09-10', '고객 피드백 반영 필요', 2200389, 31, 'sales25-2023-8', '2023-08-22', 1980350.1, 'Y', 220038.90000000002, '10%', 2),
    ( NOW(), NOW(), '민간', '대량 주문', '2024-01-10', '고객 요청 사항 반영', 1209313, 47, 'sales26-2023-12', '2023-12-24', 1088381.7, 'N', 0, '0%', 4),
    ( NOW(), NOW(), '해외', '정기 주문', '2023-02-28', '정기 배송 필요', 3243820, 14, 'sales27-2023-2', '2023-02-09', 2919438.0, 'Y', 324382.0, '10%', 4),
    ( NOW(), NOW(), '해외', '일반 판매', '2023-04-22', '정기 배송 필요', 2091829, 8, 'sales28-2023-4', '2023-04-09', 1882646.1, 'Y', 209182.90000000002, '10%', 2),
    ( NOW(), NOW(), '해외', '소량 주문', '2023-08-06', '특별 가격 협상 완료', 1915535, 47, 'sales29-2023-7', '2023-07-17', 1723981.5, 'N', 0, '0%', 1),
    ( NOW(), NOW(), '민간', '소량 주문', '2023-10-16', '고객 피드백 반영 필요', 3056513, 44, 'sales30-2023-10', '2023-10-10', 2750861.7, 'Y', 305651.3, '10%', 3);

-- 2024년도 테스트만 존재
INSERT INTO tb_target_sale (month, month_target, year, created_at, product_no, target_sale_no, updated_at, user_no)
VALUES
(1, 5000, 2024, NOW(), 1, 1, NOW(), 1),
(2, 5000, 2024, NOW(), 1, 2, NOW(), 1),
(3, 5000, 2024, NOW(), 1, 3, NOW(), 1),
(4, 5000, 2024, NOW(), 1, 4, NOW(), 1),
(5, 5000, 2024, NOW(), 1, 5, NOW(), 1),
(6, 5000, 2024, NOW(), 1, 6, NOW(), 1),
(7, 5000, 2024, NOW(), 1, 7, NOW(), 1),
(8, 5000, 2024, NOW(), 1, 8, NOW(), 1),
(9, 5000, 2024, NOW(), 1, 9, NOW(), 1),
(10, 5000, 2024, NOW(), 1, 10, NOW(), 1),
(11, 5000, 2024, NOW(), 1, 11, NOW(), 1),
(12, 5000, 2024, NOW(), 1, 12, NOW(), 1),

(1, 5000, 2024, NOW(), 2, 13, NOW(), 1),
(2, 5000, 2024, NOW(), 2, 14, NOW(), 1),
(3, 5000, 2024, NOW(), 2, 15, NOW(), 1),
(4, 5000, 2024, NOW(), 2, 16, NOW(), 1),
(5, 5000, 2024, NOW(), 2, 17, NOW(), 1),
(6, 5000, 2024, NOW(), 2, 18, NOW(), 1),
(7, 5000, 2024, NOW(), 2, 19, NOW(), 1),
(8, 5000, 2024, NOW(), 2, 20, NOW(), 1),
(9, 5000, 2024, NOW(), 2, 21, NOW(), 1),
(10, 5000, 2024, NOW(), 2, 22, NOW(), 1),
(11, 5000, 2024, NOW(), 2, 23, NOW(), 1),
(12, 5000, 2024, NOW(), 2, 24, NOW(), 1),

(1, 5000, 2024, NOW(), 3, 25, NOW(), 1),
(2, 5000, 2024, NOW(), 3, 26, NOW(), 1),
(3, 5000, 2024, NOW(), 3, 27, NOW(), 1),
(4, 5000, 2024, NOW(), 3, 28, NOW(), 1),
(5, 5000, 2024, NOW(), 3, 29, NOW(), 1),
(6, 5000, 2024, NOW(), 3, 30, NOW(), 1),
(7, 5000, 2024, NOW(), 3, 31, NOW(), 1),
(8, 5000, 2024, NOW(), 3, 32, NOW(), 1),
(9, 5000, 2024, NOW(), 3, 33, NOW(), 1),
(10, 5000, 2024, NOW(), 3, 34, NOW(), 1),
(11, 5000, 2024, NOW(), 3, 35, NOW(), 1),
(12, 5000, 2024, NOW(), 3, 36, NOW(), 1),

(1, 5000, 2024, NOW(), 4, 37, NOW(), 1),
(2, 5000, 2024, NOW(), 4, 38, NOW(), 1),
(3, 5000, 2024, NOW(), 4, 39, NOW(), 1),
(4, 5000, 2024, NOW(), 4, 40, NOW(), 1),
(5, 5000, 2024, NOW(), 4, 41, NOW(), 1),
(6, 5000, 2024, NOW(), 4, 42, NOW(), 1),
(7, 5000, 2022, NOW(), 4, 43, NOW(), 1),
(8, 5000, 2024, NOW(), 4, 44, NOW(), 1),
(9, 5000, 2024, NOW(), 4, 45, NOW(), 1),
(10, 5000, 2024, NOW(), 4, 46, NOW(), 1),
(11, 5000, 2024, NOW(), 4, 47, NOW(), 1),
(12, 5000, 2024, NOW(), 4, 48, NOW(), 1),


(1, 5000, 2024, NOW(), 1, 61, NOW(), 2),
(2, 5000, 2024, NOW(), 1, 62, NOW(), 2),
(3, 5000, 2024, NOW(), 1, 63, NOW(), 2),
(4, 5000, 2024, NOW(), 1, 64, NOW(), 2),
(5, 5000, 2024, NOW(), 1, 65, NOW(), 2),
(6, 5000, 2024, NOW(), 1, 66, NOW(), 2),
(7, 5000, 2024, NOW(), 1, 67, NOW(), 2),
(8, 5000, 2024, NOW(), 1, 68, NOW(), 2),
(9, 5000, 2024, NOW(), 1, 69, NOW(), 2),
(10, 5000, 2024, NOW(), 1, 70, NOW(), 2),
(11, 5000, 2024, NOW(), 1, 71, NOW(), 2),
(12, 5000, 2024, NOW(), 1, 72, NOW(), 2);
