-- tb_department, tb_customer는 데이터 있으므로 추가x

INSERT INTO tb_user (user_no, email, employee_id, join_date, name, password, role, dept_id, created_at, updated_at)
VALUES
    (4, 'user3@example.com', 'EMP004', '2024-04-10', '최미진', 'password123', 'USER', 4, NOW(), NOW()),
    (5, 'user4@example.com', 'EMP005', '2024-05-15', '정우진', 'password123', 'USER', 5, NOW(), NOW());

# INSERT INTO tb_calendar (no, user_no,created_at, updated_at) VALUES (1, 3, now(), now()),(2, 2, now(), now()),(3, 1, now(), now());

INSERT INTO tb_process(process_no, process_name, is_default, DESCRIPTION, created_at, updated_at, expected_duration)
VALUES (1, '기본영업프로세스', 1, '기회인지-상담-제안-협상-계약', CURDATE(), CURDATE(), 45),
       (2, '커피머신 영업 프로세스', 0, '제안-협상-계약', CURDATE(), CURDATE(), 30);

INSERT INTO tb_sub_process(sub_process_no, sub_process_name, progress_step, success_rate, ACTION, expected_duration, created_at, updated_at, process_no)
VALUES (1, '기회인지', '인지', 0, '인지', 5, CURDATE(), CURDATE(), 1),
       (2, '상담', '제안', 10, '제안', 10, CURDATE(), CURDATE(), 1),
       (3, '제안', '제안', 20, '제안', 5, CURDATE(), CURDATE(), 1),
       (4, '협상', '협상', 60, '견적', 5, CURDATE(), CURDATE(), 1),
       (5, '계약', '계약', 100, '계약', 20, CURDATE(), CURDATE(), 1),
       (6, '제안', '제안', 20, '제안', 5, CURDATE(), CURDATE(), 2),
       (7, '협상', '협상', 30, '견적', 5, CURDATE(), CURDATE(), 2),
       (8, '계약', '계약', 100, '계약', 20, CURDATE(), CURDATE(), 2);

# INSERT INTO tb_lead (created_at, updated_at, start_date, end_date, exp_margin, exp_profit, exp_sales, name, note, process, status, sub_process, sucess_per, customer_no)
# VALUES (CURDATE(), CURDATE(), '2024-03-01', '2024-04-11', 20, 2000, 10000, '고객 A 영업', 'A에 대한 활동 메모', 1, 'SUCCESS', 5, 100, 1),
#        (CURDATE(), CURDATE(), '2024-05-01', '2024-06-11', 10, 800, 8000, '고객 B 영업', 'B에 대한 활동 메모', 1, 'SUCCESS', 5, 100,2),
#        (CURDATE(), CURDATE(), '2024-07-01', '2024-08-11', 20, 1000, 5000, '고객 C 영업', 'C에 대한 활동 메모', 1, 'SUCCESS', 5, 100, 3),
#        (CURDATE(), CURDATE(), '2024-09-01', '2024-10-11', 30, 1800, 6000, '고객 D 영업', 'D에 대한 활동 메모', 1, 'SUCCESS', 5, 100, 4),
#        (CURDATE(), CURDATE(), '2024-10-01', '2024-11-11', 30, 1800, 6000, '고객 E 영업', 'E에 대한 활동 메모', 1, 'SUCCESS', 3, 100, 5);

INSERT INTO tb_step(step_no, complete_yn, complete_date, LEVEL, lead_no, sub_process_no)
VALUES (1, 'Y', '2024-03-01', 0, 1, 1) ,
       (2, 'Y', '2024-03-11', 1, 1, 2) ,
       (3, 'Y', '2024-03-16', 2, 1, 3) ,
       (4, 'Y', '2024-03-21', 3, 1, 4) ,
       (5, 'Y', '2024-04-11', 4, 1, 5) ,
       (6, 'Y', '2024-05-01', 0, 2, 1) ,
       (7, 'Y', '2024-05-11', 1, 2, 2) ,
       (8, 'Y', '2024-05-16', 2, 2, 3) ,
       (9, 'Y', '2024-05-21', 3, 2, 4) ,
       (10, 'Y', '2024-06-11', 4, 2, 5) ,
       (11, 'Y', '2024-07-01', 0, 3, 1) ,
       (12, 'Y', '2024-07-11', 1, 3, 2) ,
       (13, 'Y', '2024-07-16', 2, 3, 3) ,
       (14, 'Y', '2024-07-21', 3, 3, 4) ,
       (15, 'Y', '2024-08-11', 4, 3, 5) ,
       (16, 'Y', '2024-09-01', 0, 4, 1) ,
       (17, 'Y', '2024-09-11', 1, 4, 2) ,
       (18, 'Y', '2024-09-16', 2, 4, 3) ,
       (19, 'Y', '2024-09-21', 3, 4, 4) ,
       (20, 'Y', '2024-10-11', 4, 4, 5) ,
       (21, 'Y', '2024-10-01', 0, 5, 1) ,
       (22, 'Y', '2024-10-11', 1, 5, 2) ,
       (23, 'Y', '2024-10-16', 2, 5, 3) ,
       (24, 'Y', '2024-10-21', 3, 5, 4) ,
       (25, 'Y', '2024-11-11', 4, 5, 5);

# INSERT INTO tb_act (created_at, updated_at, no, act_cont, act_date, cls, complete_yn, end_time, name, plan_cont, purpose, start_time, calendar_no, lead_no)
# VALUES
#     (NOW(), NOW(), 1, '화상 회의 플랫폼 논의', '2024-11-11', 'ONLINE', 'N', '15:00', '프로젝트 회의 준비', '신규 회의 준비', '프로젝트 논의', '13:00', 1, 1),
#     (NOW(), NOW(), 2, '거래처 방문', '2024-10-20', 'VISIT', 'Y', '17:00', '거래처 미팅', '계약 관련 회의', '상담 및 계약 체결', '15:00', 1, 2),
#     (NOW(), NOW(), 3, '전화 문의 응대', '2024-11-15', 'PHONE', 'N', '11:30', '문의사항 해결', '고객 문의 사항 응대', '고객 응대', '10:00', 1, 3),
#     (NOW(), NOW(), 4, '이메일 발송', '2024-11-07', 'EMAIL', 'Y', '14:00', '정보 이메일 발송', '상품 정보 제공', '상품 홍보 및 고객 안내', '13:00', 1, 4),
#     (NOW(), NOW(), 5, '온라인 미팅 준비', '2024-10-21', 'OTHER', 'N', '16:00', '프로젝트 미팅', '프로젝트 논의', '프로젝트 진행 상황 점검', '14:00', 1, 5);
#
#
# INSERT INTO tb_act (created_at, updated_at, act_cont, act_date, cls, complete_yn, end_time, name, plan_cont, purpose, start_time, calendar_no, lead_no)
# VALUES (NOW(), NOW(),'고객 상담', '2024-01-15', 'VISIT', 'Y', '12:30', '방문 상담', '계획된 고객 방문', '고객 요구 분석', '10:00', 1, 1),
#        (NOW(), NOW(),'전화 문의 응대', '2024-01-20', 'PHONE', 'N', '16:00', '전화 상담', '문의 응대 준비', '상품 설명', '15:00', 1, 2),
#        (NOW(), NOW(),'이메일 전송', '2024-03-05', 'EMAIL', 'Y', '11:30', '이메일 발송', '상품 정보 전송', '세부 정보 제공', '11:00', 1, 3),
#        (NOW(), NOW(),'온라인 미팅', '2024-04-12', 'ONLINE', 'Y', '14:00', '온라인 회의', '클라이언트 요구 분석', '서비스 논의', '13:00', 1, 4),
#        (NOW(), NOW(),'온라인 미팅', '2024-04-15', 'ONLINE', 'Y', '14:00', '온라인 회의', '클라이언트 요구 분석', '서비스 논의', '13:00', 1, 4),
#        (NOW(), NOW(),'온라인 미팅', '2024-04-16', 'ONLINE', 'Y', '14:00', '온라인 회의', '클라이언트 요구 분석', '서비스 논의', '13:00', 1, 4),
#        (NOW(), NOW(),'온라인 미팅', '2024-04-17', 'ONLINE', 'Y', '14:00', '온라인 회의', '클라이언트 요구 분석', '서비스 논의', '13:00', 1, 4),
#        (NOW(), NOW(),'현장 방문', '2024-07-18', 'VISIT', 'N', '13:00', '현장 점검', '시설 점검 및 회의', '프로젝트 관리', '10:30', 1, 5),
#        (NOW(), NOW(),'고객 방문', '2024-07-22', 'VISIT', 'Y', '17:00', '고객 미팅', '계약 논의', '제품 설명', '15:00', 1, 1),
#        (NOW(), NOW(),'전화 상담', '2024-07-10', 'PHONE', 'Y', '11:00', '전화 응대', '고객 불만 처리', '해결 방안 제시', '10:30', 1, 2),
#        (NOW(), NOW(),'이메일 회신', '2024-09-19', 'EMAIL', 'Y', '15:30', '이메일 답변', '기술 지원 제공', '제품 사용법 안내', '15:00', 1, 3),
#        (NOW(), NOW(),'온라인 회의', '2024-09-03', 'ONLINE', 'N', '16:00', '줌 미팅', '프로젝트 진행 상황 점검', '향후 일정 논의', '15:00', 1, 4),
#        (NOW(), NOW(),'고객 방문', '2024-10-11', 'VISIT', 'Y', '12:30', '고객 상담', '서비스 업그레이드 제안', '상세 요구 분석', '10:30', 1, 5),
#        (NOW(), NOW(),'고객 방문', '2024-10-12', 'VISIT', 'Y', '12:30', '고객 상담', '서비스 업그레이드 제안', '상세 요구 분석', '10:30', 1, 5),
#        (NOW(), NOW(),'전화 응대', '2024-10-23', 'PHONE', 'N', '10:00', '고객 전화 응대', '문제 해결 방안 제공', '이슈 처리', '09:30', 1, 1),
#        (NOW(), NOW(),'이메일 발송', '2024-12-30', 'EMAIL', 'Y', '13:00', '프로모션 이메일', '할인 행사 안내', '홍보 전략 수립', '12:30', 1, 2),
#        (NOW(), NOW(),'온라인 상담', '2022-01-18', 'ONLINE', 'Y', '17:30', '온라인 고객 상담', '기술 지원', '제품 문제 해결', '16:30', 1, 3),
#        (NOW(), NOW(),'고객 미팅', '2022-02-27', 'VISIT', 'N', '11:00', '고객 방문 회의', '계약 협상', '비용 산정', '10:00', 1, 4),
#        (NOW(), NOW(),'전화 상담', '2022-03-15', 'PHONE', 'Y', '15:30', '전화 고객 상담', '서비스 안내', '상품 설명', '15:00', 1, 5),
#        (NOW(), NOW(),'전화 응대', '2024-11-23', 'PHONE', 'N', '10:00', '고객 전화 응대', '문제 해결 방안 제공', '이슈 처리', '09:30', 2, 1),
#        (NOW(), NOW(),'이메일 발송', '2024-12-30', 'EMAIL', 'Y', '13:00', '프로모션 이메일', '할인 행사 안내', '홍보 전략 수립', '12:30', 2, 2),
#        (NOW(), NOW(),'온라인 상담', '2022-01-18', 'ONLINE', 'Y', '17:30', '온라인 고객 상담', '기술 지원', '제품 문제 해결', '16:30', 2, 3),
#        (NOW(), NOW(),'고객 미팅', '2022-02-27', 'VISIT', 'N', '11:00', '고객 방문 회의', '계약 협상', '비용 산정', '10:00', 2, 4),
#        (NOW(), NOW(),'전화 상담', '2022-03-15', 'PHONE', 'Y', '15:30', '전화 고객 상담', '서비스 안내', '상품 설명', '15:00', 2, 5),
#        (NOW(), NOW(),'이메일 발송', '2024-12-30', 'EMAIL', 'Y', '13:00', '프로모션 이메일', '할인 행사 안내', '홍보 전략 수립', '12:30', 3, 2),
#        (NOW(), NOW(),'온라인 상담', '2022-01-18', 'ONLINE', 'Y', '17:30', '온라인 고객 상담', '기술 지원', '제품 문제 해결', '16:30', 3, 3),
#        (NOW(), NOW(),'고객 미팅', '2022-02-27', 'VISIT', 'N', '11:00', '고객 방문 회의', '계약 협상', '비용 산정', '10:00', 3, 4),
#        (NOW(), NOW(),'전화 상담', '2022-03-15', 'PHONE', 'Y', '15:30', '전화 고객 상담', '서비스 안내', '상품 설명', '15:00', 3, 5),
#        (NOW(), NOW(),'전화 상담', '2022-03-15', 'PHONE', 'Y', '15:30', '전화 고객 상담', '서비스 안내', '상품 설명', '15:00', 3, 5);
#
# INSERT INTO tb_plan (no, created_at, updated_at, content, end_time, personal_yn, plan_cls, plan_date, start_time, title, calendar_no)
# VALUES
#     (1, NOW(), NOW(), '팀원 전체 회의', '10:00', 'N', 'COMPANY', '2024-11-02', '09:00', '회의 일정', 1),
#     (2, NOW(), NOW(), '신규 계약 검토', '15:00', 'Y', 'CONTRACT', '2024-11-17', '13:00', '계약 검토', 1),
#     (3, NOW(), NOW(), '개인 개발 공부', '22:00', 'Y', 'PERSONAL', '2024-11-21', '20:00', '개인 학습', 1),
#     (4, NOW(), NOW(), '견적서 작성', '17:00', 'N', 'ESTIMATE', '2024-11-11', '15:00', '견적서 작업', 1),
#     (5, NOW(), NOW(), '영업 전략 회의', '16:00', 'N', 'SALES', '2024-11-03', '14:00', '영업 전략 논의', 1),
#     (6, NOW(), NOW(), '제안서 서식 정리', '22:00', 'Y', 'PROPOSAL', '2024-11-24', '10:00', '제안서 서식', 1),
#     (7, NOW(), NOW(), 'OJT', '17:00', 'N', 'COMPANY', '2024-11-27', '15:00', '신입사원 OJT', 1),
#     (8, NOW(), NOW(), '주간 업무 리뷰', '11:00', 'N', 'COMPANY', '2024-11-05', '10:00', '업무 리뷰', 2),
#     (9, NOW(), NOW(), '부서별 프로젝트 검토', '17:00', 'Y', 'COMPANY', '2024-11-07', '15:00', '프로젝트 검토', 2),
#     (10, NOW(), NOW(), '팀 빌딩 워크샵 준비 회의', '16:00', 'N', 'COMPANY', '2024-11-09', '14:00', '워크샵 준비 회의', 2),
#     (11, NOW(), NOW(), '제품 개선 사항 검토', '12:00', 'Y', 'COMPANY', '2024-11-10', '10:00', '제품 검토', 3),
#     (12, NOW(), NOW(), '연말 보고서 작성 회의', '11:00', 'N', 'COMPANY', '2024-11-12', '09:00', '보고서 작성 회의', 3),
#     (13, NOW(), NOW(), 'PT', '17:00', 'N', 'PERSONAL', '2024-10-31', '15:00', 'PT 연습', 1),
#     (14, NOW(), NOW(), '제안서 작성', '22:00', 'Y', 'PROPOSAL', '2024-11-13', '10:00', '제안 작성', 1);
#
#
# INSERT INTO tb_todo (todo_no, created_at, updated_at, content, due_date, priority, private_yn, status, title, todo_cls, calendar_no)
# VALUES
#     (1, NOW(), NOW(), '고객사 자료 준비', '2024-11-10', 'HIGH', 'N', 'TODO', '자료 준비', 'SALES', 1),
#     (2, NOW(), NOW(), '팀 회의 참석', '2024-11-23', 'MEDIUM', 'N', 'INPROGRESS', '회의 참여', 'COMPANY', 1),
#     (3, NOW(), NOW(), '개인 일정 조율', '2024-11-29', 'LOW', 'Y', 'DONE', '일정 조율', 'PERSONAL', 1),
#     (4, NOW(), NOW(), '계약서 내용 확인', '2024-11-25', 'HIGH', 'N', 'TODO', '계약서 검토', 'CONTRACT', 1),
#     (5, NOW(), NOW(), '이메일 답변 작성', '2024-11-30', 'MEDIUM', 'N', 'TODO', '이메일 답변', 'EMAIL', 1);

INSERT INTO tb_poetntial_customer (p_cust_no, created_at, updated_at, addr, cls, company, dept, email, fax, grade, modify_date, name, note, phone, position, register_date,tel,user_no,contact_status)
VALUES
    (1, NOW(), NOW(), '서울시 강남구', 'B2B', 'POC 회사', '영업부', 'poc1@poc.com', '02-111-2222', 'A', NOW(), '홍길동', '잠재 고객 관리 필요', '010-8888-9999', '과장', NOW(), '02-999-8888',1,'TRY_CONTACT'),
    (2, NOW(), NOW(), '서울시 서초구', 'B2C', 'POC2 회사', '개발부', 'poc2@poc.com', '02-222-3333', 'B', NOW(), '이순신', '기술 문의 진행 중', '010-7777-6666', '팀장', NOW(),'02-888-7777',2,'CONTACTING'),
    (3, NOW(), NOW(), '서울시 종로구', 'B2B', 'POC3 회사', '기획부', 'poc3@poc.com', '02-333-4444', 'C', NOW(), '박문수', '견적서 요청 예정', '010-5555-4444', '대리', NOW(),  '02-777-6666',3,'CONTACTING'),
    (4, NOW(), NOW(), '서울시 중구', 'B2C', 'POC4 회사', '인사부', 'poc4@poc.com', '02-444-5555', 'A', NOW(), '최영', '고객사 미팅 예정', '010-3333-2222', '사원', NOW(),'02-666-5555',4,'NO_CONTACT'),
    (5, NOW(), NOW(), '서울시 용산구', 'B2B', 'POC5 회사', '총무부', 'poc5@poc.com', '02-555-6666', 'S', NOW(), '정몽주', '계약 준비 중', '010-1111-0000', '부장', NOW(), '02-555-4444',5,'TRY_CONTACT');

INSERT INTO tb_contact_history (contact_history_no, created_at, updated_at, cls, contact_date, content, p_cust_no, user_no)
VALUES
    (1, NOW(), NOW(), 'CALL', '2024-07-01', '고객사 문의 전화 응대', 1, 1),
    (2, NOW(), NOW(), 'EMAIL', '2024-07-02', '계약 관련 이메일 발송', 2, 2),
    (3, NOW(), NOW(), 'VISIT', '2024-07-03', '거래처 방문 상담', 3, 3),
    (4, NOW(), NOW(), 'ONLINE_MEET', '2024-07-04', '온라인 미팅 진행', 4, 4),
    (5, NOW(), NOW(), 'CHANNEL_TALK', '2024-07-05', '고객 상담 채팅', 5, 5);

INSERT INTO tb_proposal (prop_no, created_at, updated_at, cont, end_date, name, note, pr_date, req_date, start_date, submit_date, lead_no)
VALUES
    (1, NOW(), NOW(), '제품 A 제안 내용', '2024-12-31', '제품 A 제안서', '제안서 작성 필요', '2024-07-01', '2024-06-25', '2024-06-01', '2024-06-30', 1),
    (2, NOW(), NOW(), '제품 B 제안 내용', '2024-11-30', '제품 B 제안서', '기술 지원 필요', '2024-08-01', '2024-07-20', '2024-07-01', '2024-07-31', 2),
    (3, NOW(), NOW(), '제품 C 제안 내용', '2024-10-31', '제품 C 제안서', '추가 설명 요청', '2024-09-01', '2024-08-25', '2024-08-01', '2024-08-31', 3),
    (4, NOW(), NOW(), '제품 D 제안 내용', '2024-09-30', '제품 D 제안서', '가격 협상 필요', '2024-10-01', '2024-09-20', '2024-09-01', '2024-09-30', 4),
    (5, NOW(), NOW(), '제품 E 제안 내용', '2024-08-31', '제품 E 제안서', '배송 관련 협의 필요', '2024-11-01', '2024-10-25', '2024-10-01', '2024-10-31', 5);


INSERT INTO tb_estimate (est_no, created_at, updated_at, est_date, name, note, prod_cnt, supply_price, surtax_yn, tax, tax_cls, total_price, prop_no)
VALUES
    (1, NOW(), NOW(), '2024-06-01', '견적서 A', '제품 A에 대한 견적', 10, 10000, 'Y', 1000, '10%', 11000, 1),
    (2, NOW(), NOW(), '2024-07-10', '견적서 B', '제품 B에 대한 견적', 5, 20000, 'N', 0, '0%', 20000, 2),
    (3, NOW(), NOW(), '2024-08-15', '견적서 C', '제품 C에 대한 견적', 8, 15000, 'Y', 1500, '10%', 16500, 3),
    (4, NOW(), NOW(), '2024-09-05', '견적서 D', '제품 D에 대한 견적', 12, 12000, 'N', 0, '0%', 12000, 4),
    (5, NOW(), NOW(), '2024-10-20', '견적서 E', '제품 E에 대한 견적', 6, 25000, 'Y', 2500, '10%', 27500, 5);


INSERT INTO tb_contract (contract_no, created_at, updated_at, arrival_noti_day, arrival_noti_yn, cls, cont_date, end_date, exp_arrival_date, name, note, payment_terms, prod_cnt, renewal_noti_day, renewal_noti_yn, start_date, supply_price, surtax_yn, tax, tax_cls, price, warrenty, est_no)
VALUES
    (1, NOW(), NOW(), '10', 'Y', 'SALES', '2024-06-01', '2024-12-01', '2024-06-15', '신규 계약 체결', '계약 세부 내용 확인 필요', '선불', 5, '30', 'Y', '2024-06-01', 10000, 'Y', 1000, '10%', 11000, 12, 1),
    (2, NOW(), NOW(), '15', 'N', 'ESTIMATE', '2024-07-01', '2024-12-31', '2024-07-15', '견적 계약 체결', '견적 관련 확인 필요', '후불', 3, '60', 'N', '2024-07-01', 15000, 'N', 0, '0%', 15000, 6, 2),
    (3, NOW(), NOW(), '5', 'Y', 'PROPOSAL', '2024-08-01', '2025-02-28', '2024-08-15', '제안 계약 체결', '제안 세부 사항 검토 중', '선불', 10, '20', 'Y', '2024-08-01', 20000, 'Y', 2000, '10%', 22000, 24, 3),
    (4, NOW(), NOW(), '20', 'N', 'CONTRACT', '2024-09-01', '2025-03-31', '2024-09-15', '계약 연장', '계약 연장 필요 사항 확인', '후불', 8, '90', 'N', '2024-09-01', 18000, 'N', 0, '0%', 18000, 12, 4),
    (5, NOW(), NOW(), '7', 'Y', 'SALES', '2024-10-01', '2025-04-30', '2024-10-20', '영업 계약 체결', '영업 전략 검토 완료', '선불', 12, '14', 'Y', '2024-10-01', 25000, 'Y', 2500, '10%', 27500, 18, 5);

INSERT INTO tb_product (prod_no, created_at, updated_at, abbr_name, dept_id, eng_name, field, name, price, prod_code, quantity, release_date, supply_price, tax_rate, unit, upp_group)
VALUES
    -- 커피 원두 제품
    (1, NOW(), NOW(), 'COFBRA001', 3, 'Rubia Dark Brown', '원두', '루비아 다크 브라운', 65000, 'BRA001', 100, '2024-05-01', 58670, 11, '봉지', '브라질 원두'),
    (2, NOW(), NOW(), 'COFCOL001', 3, 'Supremo Nariño', '원두', '수프레모 나리뇨', 46000, 'COL001', 90, '2024-07-01', 42779, 8, '봉지', '콜롬비아 원두'),
    (3, NOW(), NOW(), 'COFETH001', 3, 'Sidamo', '원두', '시다모', 45500, 'ETH001', 75, '2025-01-01', 40463, 	12, '봉지', '에티오피아 원두'),
    (4, NOW(), NOW(), 'COFETH001', 3, 'Yirgacheffe Abaya Geisha', '원두', '예가체프 아바야 게이샤', 65500, 'ETH001', 95, '2025-01-01', 57886, 13, '봉지', '에티오피아 원두'),
    (5, NOW(), NOW(), 'COFCOL001', 4, 'Melparai shouts', '원두', '멜파라이 소리치', 76000, 'COL001', 90, '2024-07-01', 71185, 7, '봉지', '콜롬비아 원두'),

    -- 커피 머신 제품
    (6, NOW(), NOW(), 'MCHESP001', 1, 'Espresso Groove Machine', '커피머신', '에스프레소 그루브 머신', 	1250000, 'ESP001', 20, '2024-06-01', 1181427, 6, '대', '에스프레소 머신'),
    (7, NOW(), NOW(), 'MCHDRP001', 1, 'Latte Twist Maker', '커피머신', '라떼 트위스트 메이커', 890000, 'DRP001', 15, '2024-07-01', 778981, 14, '대', '드립 커피 머신'),
    (8, NOW(), NOW(), 'MCHGRD001', 1, 'Divide Grinder', '그라인더', '갈려라 그라인더', 15000, 'GRD001', 30, '2024-08-01', 13566, 11, '대', '커피 그라인더'),

    -- 커피 관련 액세서리 제품
    (9, NOW(), NOW(), 'ACCFLT001', 4, 'Hang Coffee Filter', '액세서리', '걸려라 커피 필터', 12000, 'FLT001', 200, '2024-05-15', 10554, 14, '팩', '커피 필터'),
    (10, NOW(), NOW(), 'ACCTMB001', 4, 'Put It In Coffee Tumbler', '액세서리', '담아라 텀블러',	18000, 'TMB001', 50, '2024-09-01', 15754, 14, '개', '커피 텀블러');


INSERT INTO tb_est_prod (est_prod_no, created_at, updated_at, discount, qty, supply_price, tax_rate, tax, total_amt, unit_amt, unit_prop_amt, est_no, prod_no)
VALUES (1, NOW(), NOW(), 5, 10, 1000, 10, 100, 11000, 1000, 900, 1, 1),
       (2, NOW(), NOW(), 10, 5, 2000, 10, 200, 11000, 2000, 1800, 2, 2),
       (3, NOW(), NOW(), 15, 8, 1500, 10, 150, 13200, 1500, 1350, 3, 3),
       (4, NOW(), NOW(), 7, 12, 1200, 10, 120, 14400, 1200, 1100, 4, 4),
       (5, NOW(), NOW(), 20, 6, 2500, 10, 250, 16500, 2500, 2200, 5, 5);


INSERT INTO tb_sales (created_at, updated_at, busi_type, busi_type_detail, exp_arrival_date, note, price, prod_cnt, sales_name, sales_date, supply_price, surtax_yn, tax, tax_cls, contract_no)
VALUES
    ( NOW(), NOW(), '공공', '정기 주문', '2024-06-03', '특별 가격 협상 완료', 2577000, 25, 'C003S1-24523', '2024-05-23', 2319300, 'Y', 257700, '매출 면세', 3),
    ( NOW(), NOW(), '공공', '소량 주문', '2024-06-28', '배송 일정 조율 필요', 2058000, 33, 'C003S2-24615', '2024-06-15', 1852200, 'N', 0, '매출 과세', 3),
    ( NOW(), NOW(), '기업', '일반 판매', '2024-11-20', '정기 배송 필요', 3283000, 29, 'C005S3-241023', '2024-10-23', 2954700, 'Y', 328300, '매출 면세', 5),
    ( NOW(), NOW(), '해외', '소량 주문', '2024-06-14', '고객 피드백 반영 필요', 2161000, 11, 'C003S4-24520', '2024-05-20', 1944900, 'Y', 216100, '수출 영세', 3),
    ( NOW(), NOW(), '기업', '소량 주문', '2024-05-25', '특별 가격 협상 완료', 4338000, 11, 'C002S5-2454', '2024-05-04', 3904200, 'Y', 433800, '수출 영세', 2),
    ( NOW(), NOW(), '해외', '소량 주문', '2024-07-08', '고객 요청 사항 반영', 4235000, 35, 'C001S6-24617', '2024-06-17', 3811500, 'Y', 423500, '매출 면세', 1),
    ( NOW(), NOW(), '기업', '일반 판매', '2024-01-02', '배송 일정 조율 필요', 2061000, 33, 'C004S7-241219', '2024-12-19', 1854900, 'Y', 206100, '수출 영세', 4),
    ( NOW(), NOW(), '해외', '대량 주문', '2024-11-05', '특별 가격 협상 완료', 2478000, 13, 'C003S8-241021', '2024-10-21', 2230200, 'N', 0, '매출 과세', 3),
    ( NOW(), NOW(), '민간', '정기 주문', '2024-12-04', '정기 배송 필요', 2830000, 15, 'C002S9-241125', '2024-11-25', 2547000, 'Y', 283000, '매출 면세', 2),
    ( NOW(), NOW(), '공공', '정기 주문', '2024-10-31', '고객 피드백 반영 필요', 2883000, 32, 'C001S10-24108', '2024-10-08', 2594700, 'Y', 288300, '매출 면세', 1),
    ( NOW(), NOW(), '공공', '정기 주문', '2024-11-13', '정기 배송 필요', 2197000, 4, 'C005S11-241028', '2024-10-28', 1977300, 'Y', 219700, '매출 면세', 5),
    ( NOW(), NOW(), '기업', '소량 주문', '2024-03-23', '특별 가격 협상 완료', 3649000, 28, 'C003S12-24316', '2024-03-16', 3284100, 'Y', 364900, '수출 영세', 3),
    ( NOW(), NOW(), '공공', '대량 주문', '2024-09-16', '배송 일정 조율 필요', 2826000, 33, 'C001S13-24821', '2024-08-21', 2543400, 'N', 0, '매출 과세', 1),
    ( NOW(), NOW(), '기업', '정기 주문', '2024-07-01', '고객 요청 사항 반영', 3743000, 42, 'C004S14-24610', '2024-06-10', 3368700, 'N', 0, '매출 과세', 4),
    ( NOW(), NOW(), '해외', '일반 판매', '2024-05-22', '배송 일정 조율 필요', 4376000, 19, 'C001S15-24512', '2024-05-12', 3938400, 'N', 0, '매출 과세', 1),
    ( NOW(), NOW(), '기업', '일반 판매', '2024-12-27', '고객 요청 사항 반영', 3320000, 30, 'C001S16-24121', '2024-12-01', 2988000, 'Y', 332000, '매출 면세', 1),
    ( NOW(), NOW(), '공공', '일반 판매', '2024-06-14', '고객 요청 사항 반영', 3078000, 48, 'C005S17-24522', '2024-05-22', 2770200, 'Y', 307800, '수출 영세', 5),
    ( NOW(), NOW(), '공공', '일반 판매', '2024-02-19', '고객 요청 사항 반영', 3152000, 4, 'C002S18-24125', '2024-01-25', 2836800, 'N', 0, '매출 과세', 2),
    ( NOW(), NOW(), '기업', '정기 주문', '2024-06-14', '특별 가격 협상 완료', 3270000, 6, 'C005S19-2462', '2024-06-02', 2943000, 'Y', 327000, '매출 면세', 5),
    ( NOW(), NOW(), '공공', '대량 주문', '2024-11-18', '고객 요청 사항 반영', 2710000, 3, 'C002S20-241027', '2024-10-27', 2439000, 'N', 0, '매출 과세', 2),
    ( NOW(), NOW(), '공공', '대량 주문', '2024-02-12', '특별 가격 협상 완료', 3478000, 16, 'C005S21-2421', '2024-02-01', 3130200, 'N', 0, '매출 과세', 5),
    ( NOW(), NOW(), '기업', '일반 판매', '2024-04-13', '고객 피드백 반영 필요', 3896000, 9, 'C003S22-24326', '2024-03-26', 3506400, 'Y', 389600, '수출 영세', 3),
    ( NOW(), NOW(), '기업', '일반 판매', '2024-09-17', '특별 가격 협상 완료', 4059000, 17, 'C001S23-2491', '2024-09-01', 3653100, 'Y', 405900, '수출 영세', 1),
    ( NOW(), NOW(), '민간', '일반 판매', '2024-08-19', '고객 피드백 반영 필요', 2965000, 14, 'C001S24-2487', '2024-08-07', 2668500, 'Y', 296500, '수출 영세', 1),
    ( NOW(), NOW(), '공공', '일반 판매', '2024-03-24', '고객 요청 사항 반영', 2925000, 36, 'C001S25-24317', '2024-03-17', 2632500, 'N', 0, '매출 과세', 1),
    ( NOW(), NOW(), '기업', '일반 판매', '2024-09-09', '고객 피드백 반영 필요', 4379000, 14, 'C002S26-24810', '2024-08-10', 3941100, 'Y', 437900, '수출 영세', 2),
    ( NOW(), NOW(), '민간', '대량 주문', '2024-12-02', '고객 피드백 반영 필요', 2425000, 44, 'C001S27-241113', '2024-11-13', 2182500, 'N', 0, '매출 과세', 1),
    ( NOW(), NOW(), '해외', '소량 주문', '2024-01-04', '정기 배송 필요', 3015000, 44, 'C001S28-241228', '2024-12-28', 2713500, 'N', 0, '매출 과세', 1),
    ( NOW(), NOW(), '민간', '소량 주문', '2024-11-26', '정기 배송 필요', 4253000, 30, 'C001S29-241111', '2024-11-11', 3827700, 'Y', 425300, '수출 영세', 1),
    ( NOW(), NOW(), '기업', '일반 판매', '2024-04-13', '정기 배송 필요', 3264000, 6, 'C004S30-2441', '2024-04-01', 2937600, 'Y', 326400, '매출 면세', 4),
    ( NOW(), NOW(), '공공', '소량 주문', '2023-10-15', '고객 요청 사항 반영', 2899000, 48, 'C003S1-23924', '2023-09-24', 2609100, 'Y', 289900, '매출 면세', 3),
    ( NOW(), NOW(), '민간', '일반 판매', '2023-07-31', '고객 피드백 반영 필요', 1757000, 35, 'C002S2-2374', '2023-07-04', 1581300, 'Y', 175700, '수출 영세', 2),
    ( NOW(), NOW(), '공공', '일반 판매', '2023-03-27', '고객 요청 사항 반영', 1589000, 27, 'C005S3-23316', '2023-03-16', 1430100, 'Y', 158900, '수출 영세', 5),
    ( NOW(), NOW(), '민간', '소량 주문', '2023-12-26', '특별 가격 협상 완료', 1816000, 39, 'C002S4-231126', '2023-11-26', 1634400, 'Y', 181600, '수출 영세', 2),
    ( NOW(), NOW(), '해외', '일반 판매', '2023-02-22', '고객 요청 사항 반영', 1724000, 4, 'C003S5-2323', '2023-02-03', 1551600, 'Y', 172400, '수출 영세', 3),
    ( NOW(), NOW(), '민간', '소량 주문', '2023-04-18', '특별 가격 협상 완료', 3492000, 19, 'C005S6-23319', '2023-03-19', 3142800, 'Y', 349200, '매출 면세', 5),
    ( NOW(), NOW(), '기업', '대량 주문', '2023-06-11', '고객 요청 사항 반영', 1523000, 13, 'C003S7-2363', '2023-06-03', 1370700, 'Y', 152300, '수출 영세', 3),
    ( NOW(), NOW(), '민간', '정기 주문', '2023-10-25', '배송 일정 조율 필요', 2202000, 34, 'C001S8-23101', '2023-10-01', 1981800, 'N', 0, '매출 과세', 1),
    ( NOW(), NOW(), '해외', '대량 주문', '2023-06-07', '배송 일정 조율 필요', 3466000, 18, 'C005S9-23525', '2023-05-25', 3119400, 'Y', 346600, '수출 영세', 5),
    ( NOW(), NOW(), '해외', '정기 주문', '2023-08-06', '특별 가격 협상 완료', 2167000, 37, 'C002S10-23725', '2023-07-25', 1950300, 'Y', 216700, '매출 면세', 2),
    ( NOW(), NOW(), '기업', '소량 주문', '2023-08-07', '고객 요청 사항 반영', 2573000, 41, 'C004S11-23712', '2023-07-12', 2315700, 'N', 0, '매출 과세', 4),
    ( NOW(), NOW(), '공공', '일반 판매', '2023-10-05', '고객 요청 사항 반영', 3574000, 41, 'C002S12-2396', '2023-09-06', 3216600, 'N', 0, '매출 과세', 2),
    ( NOW(), NOW(), '기업', '정기 주문', '2023-03-06', '배송 일정 조율 필요', 3641000, 5, 'C001S13-23219', '2023-02-19', 3276900, 'N', 0, '매출 과세', 1),
    ( NOW(), NOW(), '해외', '대량 주문', '2023-05-14', '정기 배송 필요', 3565000, 8, 'C004S14-2356', '2023-05-06', 3208500, 'Y', 356500, '수출 영세', 4),
    ( NOW(), NOW(), '공공', '일반 판매', '2023-10-08', '배송 일정 조율 필요', 3332000, 15, 'C002S15-23927', '2023-09-27', 2998800, 'Y', 333200, '매출 면세', 2),
    ( NOW(), NOW(), '해외', '소량 주문', '2023-09-30', '정기 배송 필요', 3682000, 15, 'C004S16-2393', '2023-09-03', 3313800, 'N', 0, '매출 과세', 4),
    ( NOW(), NOW(), '기업', '대량 주문', '2023-12-25', '고객 요청 사항 반영', 2911000, 36, 'C001S17-231128', '2023-11-28', 2619900, 'Y', 291100, '수출 영세', 1),
    ( NOW(), NOW(), '민간', '정기 주문', '2023-03-21', '정기 배송 필요', 3332000, 41, 'C002S18-23227', '2023-02-27', 2998800, 'Y', 333200, '수출 영세', 2),
    ( NOW(), NOW(), '해외', '일반 판매', '2023-03-27', '특별 가격 협상 완료', 1686000, 18, 'C005S19-23320', '2023-03-20', 1517400, 'Y', 168600, '수출 영세', 5),
    ( NOW(), NOW(), '민간', '소량 주문', '2023-07-16', '배송 일정 조율 필요', 3085000, 3, 'C001S20-23620', '2023-06-20', 2776500, 'N', 0, '매출 과세', 1),
    ( NOW(), NOW(), '해외', '대량 주문', '2023-12-31', '특별 가격 협상 완료', 2674000, 25, 'C005S21-23125', '2023-12-05', 2406600, 'N', 0, '매출 과세', 5),
    ( NOW(), NOW(), '공공', '소량 주문', '2023-11-25', '특별 가격 협상 완료', 1523000, 8, 'C001S22-23111', '2023-11-01', 1370700, 'N', 0, '매출 과세', 1),
    ( NOW(), NOW(), '공공', '정기 주문', '2023-09-02', '고객 피드백 반영 필요', 2119000, 3, 'C005S23-23814', '2023-08-14', 1907100, 'Y', 211900, '매출 면세', 5),
    ( NOW(), NOW(), '공공', '소량 주문', '2023-02-07', '고객 요청 사항 반영', 2654000, 4, 'C003S24-2321', '2023-02-01', 2388600, 'N', 0, '매출 과세', 3),
    ( NOW(), NOW(), '공공', '일반 판매', '2023-09-23', '고객 요청 사항 반영', 2349000, 21, 'C001S25-23916', '2023-09-16', 2114100, 'N', 0, '매출 과세', 1),
    ( NOW(), NOW(), '공공', '정기 주문', '2023-08-20', '고객 피드백 반영 필요', 3472000, 8, 'C002S26-23724', '2023-07-24', 3124800, 'N', 0, '매출 과세', 2),
    ( NOW(), NOW(), '공공', '일반 판매', '2023-11-06', '고객 요청 사항 반영', 2884000, 50, 'C004S27-231025', '2023-10-25', 2595600, 'N', 0, '매출 과세', 4),
    ( NOW(), NOW(), '공공', '일반 판매', '2023-08-23', '고객 요청 사항 반영', 3009000, 27, 'C004S28-23727', '2023-07-27', 2708100, 'N', 0, '매출 과세', 4),
    ( NOW(), NOW(), '공공', '소량 주문', '2023-02-03', '배송 일정 조율 필요', 1813000, 21, 'C003S29-23120', '2023-01-20', 1631700, 'N', 0, '매출 과세', 3),
    ( NOW(), NOW(), '기업', '대량 주문', '2023-02-18', '고객 피드백 반영 필요', 2657000, 13, 'C003S30-2327', '2023-02-07', 2391300, 'N', 0, '매출 과세', 3),
    ( NOW(), NOW(), '기업', '소량 주문', '2022-10-12', '특별 가격 협상 완료', 2844000, 20, 'C001S1-22102', '2022-10-02', 2559600, 'Y', 284400, '매출 면세', 1),
    ( NOW(), NOW(), '해외', '정기 주문', '2022-05-08', '특별 가격 협상 완료', 1975000, 45, 'C005S2-22410', '2022-04-10', 1777500, 'Y', 197500, '매출 면세', 5),
    ( NOW(), NOW(), '민간', '소량 주문', '2022-01-23', '고객 요청 사항 반영', 3242000, 45, 'C001S3-22115', '2022-01-15', 2917800, 'Y', 324200, '매출 면세', 1),
    ( NOW(), NOW(), '기업', '일반 판매', '2022-12-24', '배송 일정 조율 필요', 2773000, 31, 'C004S4-221127', '2022-11-27', 2495700, 'N', 0, '매출 과세', 4),
    ( NOW(), NOW(), '민간', '소량 주문', '2023-01-25', '특별 가격 협상 완료', 2305000, 18, 'C003S5-221228', '2022-12-28', 2074500, 'Y', 230500, '매출 면세', 3),
    ( NOW(), NOW(), '기업', '대량 주문', '2022-07-14', '정기 배송 필요', 3279000, 37, 'C001S6-22624', '2022-06-24', 2951100, 'Y', 327900, '수출 영세', 1),
    ( NOW(), NOW(), '해외', '대량 주문', '2022-09-21', '특별 가격 협상 완료', 2692000, 37, 'C003S7-22822', '2022-08-22', 2422800, 'N', 0, '매출 과세', 3),
    ( NOW(), NOW(), '민간', '소량 주문', '2022-08-23', '정기 배송 필요', 1561000, 12, 'C004S8-22812', '2022-08-12', 1404900, 'Y', 156100, '수출 영세', 4),
    ( NOW(), NOW(), '민간', '정기 주문', '2022-05-14', '정기 배송 필요', 3294000, 46, 'C002S9-2256', '2022-05-06', 2964600, 'N', 0, '매출 과세', 2),
    ( NOW(), NOW(), '기업', '정기 주문', '2022-12-31', '고객 요청 사항 반영', 2944000, 2, 'C005S10-221226', '2022-12-26', 2649600, 'N', 0, '매출 과세', 5),
    ( NOW(), NOW(), '기업', '정기 주문', '2022-02-21', '고객 피드백 반영 필요', 3301000, 4, 'C004S11-2228', '2022-02-08', 2970900, 'N', 0, '매출 과세', 4),
    ( NOW(), NOW(), '해외', '정기 주문', '2022-06-17', '배송 일정 조율 필요', 2789000, 19, 'C005S12-2261', '2022-06-01', 2510100, 'Y', 278900, '수출 영세', 5),
    ( NOW(), NOW(), '해외', '소량 주문', '2022-12-08', '특별 가격 협상 완료', 2399000, 37, 'C001S13-221110', '2022-11-10', 2159100, 'N', 0, '매출 과세', 1),
    ( NOW(), NOW(), '민간', '소량 주문', '2022-05-09', '고객 요청 사항 반영', 2709000, 34, 'C002S14-2252', '2022-05-02', 2438100, 'N', 0, '매출 과세', 2),
    ( NOW(), NOW(), '기업', '일반 판매', '2022-09-23', '고객 요청 사항 반영', 2480000, 46, 'C001S15-2295', '2022-09-05', 2232000, 'Y', 248000, '매출 면세', 1),
    ( NOW(), NOW(), '공공', '정기 주문', '2022-06-04', '배송 일정 조율 필요', 3473000, 30, 'C002S16-22514', '2022-05-14', 3125700, 'N', 0, '매출 과세', 2),
    ( NOW(), NOW(), '기업', '일반 판매', '2022-04-08', '특별 가격 협상 완료', 3107000, 1, 'C004S17-22319', '2022-03-19', 2796300, 'Y', 310700, '수출 영세', 4),
    ( NOW(), NOW(), '기업', '정기 주문', '2022-11-29', '배송 일정 조율 필요', 1422000, 50, 'C003S18-22118', '2022-11-08', 1279800, 'Y', 142200, '수출 영세', 3),
    ( NOW(), NOW(), '기업', '정기 주문', '2022-09-22', '고객 요청 사항 반영', 1739000, 5, 'C002S19-22910', '2022-09-10', 1565100, 'Y', 173900, '수출 영세', 2),
    ( NOW(), NOW(), '해외', '일반 판매', '2022-02-01', '정기 배송 필요', 1770000, 22, 'C004S20-22113', '2022-01-13', 1593000, 'N', 0, '매출 과세', 4),
    ( NOW(), NOW(), '해외', '소량 주문', '2022-10-12', '배송 일정 조율 필요', 3048000, 15, 'C003S21-22920', '2022-09-20', 2743200, 'N', 0, '매출 과세', 3),
    ( NOW(), NOW(), '해외', '일반 판매', '2022-09-30', '특별 가격 협상 완료', 3205000, 32, 'C002S22-22917', '2022-09-17', 2884500, 'Y', 320500, '매출 면세', 2),
    ( NOW(), NOW(), '공공', '일반 판매', '2022-05-06', '배송 일정 조율 필요', 3137000, 47, 'C002S23-22416', '2022-04-16', 2823300, 'N', 0, '매출 과세', 2),
    ( NOW(), NOW(), '해외', '소량 주문', '2022-09-06', '배송 일정 조율 필요', 2120000, 15, 'C004S24-22827', '2022-08-27', 1908000, 'N', 0, '매출 과세', 4),
    ( NOW(), NOW(), '공공', '일반 판매', '2022-01-31', '정기 배송 필요', 1417000, 26, 'C001S25-2218', '2022-01-08', 1275300, 'N', 0, '매출 과세', 1),
    ( NOW(), NOW(), '기업', '대량 주문', '2022-09-14', '특별 가격 협상 완료', 2466000, 49, 'C001S26-2294', '2022-09-04', 2219400, 'Y', 246600, '매출 면세', 1),
    ( NOW(), NOW(), '기업', '일반 판매', '2022-07-09', '배송 일정 조율 필요', 1572000, 15, 'C002S27-2273', '2022-07-03', 1414800, 'Y', 157200, '수출 영세', 2),
    ( NOW(), NOW(), '해외', '정기 주문', '2022-09-28', '고객 요청 사항 반영', 2812000, 5, 'C004S28-22916', '2022-09-16', 2530800, 'N', 0, '매출 과세', 4),
    ( NOW(), NOW(), '민간', '일반 판매', '2022-09-07', '정기 배송 필요', 2798000, 16, 'C005S29-22817', '2022-08-17', 2518200, 'Y', 279800, '수출 영세', 5),
    ( NOW(), NOW(), '공공', '소량 주문', '2022-04-19', '정기 배송 필요', 2254000, 42, 'C001S30-22322', '2022-03-22', 2028600, 'Y', 225400, '수출 영세', 1),
    ( NOW(), NOW(), '공공', '정기 주문', '2021-11-16', '정기 배송 필요', 2252000, 37, 'C001S1-211023', '2021-10-23', 2026800, 'N', 0, '매출 과세', 1),
    ( NOW(), NOW(), '공공', '일반 판매', '2021-03-08', '특별 가격 협상 완료', 1213000, 16, 'C001S2-21216', '2021-02-16', 1091700, 'Y', 121300, '수출 영세', 1),
    ( NOW(), NOW(), '기업', '소량 주문', '2021-02-28', '배송 일정 조율 필요', 2380000, 14, 'C001S3-2124', '2021-02-04', 2142000, 'Y', 238000, '수출 영세', 1),
    ( NOW(), NOW(), '기업', '일반 판매', '2021-05-03', '고객 요청 사항 반영', 1630000, 36, 'C005S4-21424', '2021-04-24', 1467000, 'N', 0, '매출 과세', 5),
    ( NOW(), NOW(), '민간', '대량 주문', '2021-11-18', '배송 일정 조율 필요', 2883000, 37, 'C003S5-21115', '2021-11-05', 2594700, 'Y', 288300, '매출 면세', 3),
    ( NOW(), NOW(), '해외', '소량 주문', '2021-12-16', '배송 일정 조율 필요', 2987000, 17, 'C005S6-21126', '2021-12-06', 2688300, 'Y', 298700, '매출 면세', 5),
    ( NOW(), NOW(), '민간', '소량 주문', '2021-04-21', '배송 일정 조율 필요', 2796000, 14, 'C003S7-21410', '2021-04-10', 2516400, 'N', 0, '매출 과세', 3),
    ( NOW(), NOW(), '민간', '대량 주문', '2022-01-12', '배송 일정 조율 필요', 1880000, 37, 'C003S8-211223', '2021-12-23', 1692000, 'Y', 188000, '매출 면세', 3),
    ( NOW(), NOW(), '기업', '소량 주문', '2021-05-24', '고객 피드백 반영 필요', 2291000, 24, 'C005S9-21510', '2021-05-10', 2061900, 'N', 0, '매출 과세', 5),
    ( NOW(), NOW(), '공공', '소량 주문', '2021-06-12', '고객 요청 사항 반영', 2132000, 39, 'C005S10-21526', '2021-05-26', 1918800, 'N', 0, '매출 과세', 5),
    ( NOW(), NOW(), '공공', '일반 판매', '2021-01-18', '고객 피드백 반영 필요', 2948000, 33, 'C004S11-2114', '2021-01-04', 2653200, 'N', 0, '매출 과세', 4),
    ( NOW(), NOW(), '공공', '일반 판매', '2021-02-11', '배송 일정 조율 필요', 2786000, 5, 'C004S12-21128', '2021-01-28', 2507400, 'N', 0, '매출 과세', 4),
    ( NOW(), NOW(), '민간', '일반 판매', '2021-12-29', '고객 요청 사항 반영', 1381000, 46, 'C004S13-211211', '2021-12-11', 1242900, 'Y', 138100, '수출 영세', 4),
    ( NOW(), NOW(), '해외', '소량 주문', '2021-08-21', '고객 피드백 반영 필요', 1583000, 44, 'C003S14-21727', '2021-07-27', 1424700, 'N', 0, '매출 과세', 3),
    ( NOW(), NOW(), '공공', '정기 주문', '2021-11-24', '고객 요청 사항 반영', 2782000, 24, 'C003S15-211115', '2021-11-15', 2503800, 'Y', 278200, '수출 영세', 3),
    ( NOW(), NOW(), '민간', '정기 주문', '2021-03-13', '배송 일정 조율 필요', 1729000, 17, 'C001S16-21219', '2021-02-19', 1556100, 'N', 0, '매출 과세', 1),
    ( NOW(), NOW(), '해외', '정기 주문', '2021-09-16', '고객 요청 사항 반영', 2021000, 9, 'C001S17-2198', '2021-09-08', 1818900, 'Y', 202100, '매출 면세', 1),
    ( NOW(), NOW(), '기업', '일반 판매', '2021-12-08', '고객 피드백 반영 필요', 2318000, 40, 'C004S18-211111', '2021-11-11', 2086200, 'N', 0, '매출 과세', 4),
    ( NOW(), NOW(), '민간', '대량 주문', '2021-11-03', '배송 일정 조율 필요', 1433000, 30, 'C005S19-211026', '2021-10-26', 1289700, 'Y', 143300, '매출 면세', 5),
    ( NOW(), NOW(), '해외', '일반 판매', '2021-04-20', '고객 요청 사항 반영', 1534000, 49, 'C004S20-21326', '2021-03-26', 1380600, 'N', 0, '매출 과세', 4),
    ( NOW(), NOW(), '공공', '소량 주문', '2021-05-22', '정기 배송 필요', 1739000, 41, 'C002S21-21428', '2021-04-28', 1565100, 'Y', 173900, '수출 영세', 2),
    ( NOW(), NOW(), '공공', '일반 판매', '2021-12-24', '정기 배송 필요', 2771000, 12, 'C002S22-21128', '2021-12-08', 2493900, 'Y', 277100, '수출 영세', 2),
    ( NOW(), NOW(), '해외', '대량 주문', '2021-04-01', '고객 피드백 반영 필요', 2623000, 29, 'C001S23-21318', '2021-03-18', 2360700, 'Y', 262300, '수출 영세', 1),
    ( NOW(), NOW(), '민간', '소량 주문', '2021-03-09', '정기 배송 필요', 1761000, 24, 'C002S24-21220', '2021-02-20', 1584900, 'N', 0, '매출 과세', 2),
    ( NOW(), NOW(), '기업', '대량 주문', '2021-08-12', '정기 배송 필요', 2480000, 34, 'C001S25-21728', '2021-07-28', 2232000, 'Y', 248000, '매출 면세', 1),
    ( NOW(), NOW(), '민간', '소량 주문', '2021-08-12', '고객 요청 사항 반영', 2223000, 3, 'C003S26-21727', '2021-07-27', 2000700, 'N', 0, '매출 과세', 3),
    ( NOW(), NOW(), '공공', '대량 주문', '2021-10-29', '고객 요청 사항 반영', 2705000, 3, 'C001S27-211012', '2021-10-12', 2434500, 'Y', 270500, '수출 영세', 1),
    ( NOW(), NOW(), '공공', '소량 주문', '2021-01-26', '배송 일정 조율 필요', 2231000, 43, 'C003S28-2114', '2021-01-04', 2007900, 'Y', 223100, '매출 면세', 3),
    ( NOW(), NOW(), '민간', '대량 주문', '2021-03-07', '배송 일정 조율 필요', 2982000, 45, 'C004S29-21212', '2021-02-12', 2683800, 'N', 0, '매출 과세', 4),
    ( NOW(), NOW(), '공공', '일반 판매', '2021-11-28', '고객 요청 사항 반영', 2339000, 24, 'C002S30-211120', '2021-11-20', 2105100, 'Y', 233900, '매출 면세', 2),
    ( NOW(), NOW(), '공공', '일반 판매', '2020-05-05', '정기 배송 필요', 2329000, 5, 'C002S1-20428', '2020-04-28', 2096100, 'Y', 232900, '매출 면세', 2),
    ( NOW(), NOW(), '민간', '소량 주문', '2020-10-27', '고객 요청 사항 반영', 2132000, 24, 'C002S2-201011', '2020-10-11', 1918800, 'N', 0, '매출 과세', 2),
    ( NOW(), NOW(), '기업', '일반 판매', '2020-12-23', '배송 일정 조율 필요', 1236000, 20, 'C004S3-20121', '2020-12-01', 1112400, 'N', 0, '매출 과세', 4),
    ( NOW(), NOW(), '해외', '소량 주문', '2020-03-01', '배송 일정 조율 필요', 2073000, 40, 'C001S4-20217', '2020-02-17', 1865700, 'N', 0, '매출 과세', 1),
    ( NOW(), NOW(), '해외', '일반 판매', '2020-03-08', '고객 피드백 반영 필요', 2019000, 24, 'C001S5-20226', '2020-02-26', 1817100, 'Y', 201900, '수출 영세', 1),
    ( NOW(), NOW(), '민간', '소량 주문', '2020-06-04', '배송 일정 조율 필요', 2198000, 20, 'C005S6-20526', '2020-05-26', 1978200, 'N', 0, '매출 과세', 5),
    ( NOW(), NOW(), '민간', '일반 판매', '2020-08-22', '고객 피드백 반영 필요', 1865000, 29, 'C004S7-2082', '2020-08-02', 1678500, 'N', 0, '매출 과세', 4),
    ( NOW(), NOW(), '기업', '정기 주문', '2021-01-05', '정기 배송 필요', 2668000, 2, 'C004S8-201222', '2020-12-22', 2401200, 'N', 0, '매출 과세', 4),
    ( NOW(), NOW(), '민간', '일반 판매', '2020-04-15', '배송 일정 조율 필요', 1204000, 30, 'C001S9-20318', '2020-03-18', 1083600, 'N', 0, '매출 과세', 1),
    ( NOW(), NOW(), '민간', '정기 주문', '2020-02-13', '정기 배송 필요', 2316000, 12, 'C004S10-20127', '2020-01-27', 2084400, 'Y', 231600, '매출 면세', 4),
    ( NOW(), NOW(), '공공', '소량 주문', '2020-10-29', '고객 요청 사항 반영', 1110000, 27, 'C003S11-20103', '2020-10-03', 999000, 'Y', 111000, '수출 영세', 3),
    ( NOW(), NOW(), '공공', '소량 주문', '2020-08-29', '특별 가격 협상 완료', 1499000, 36, 'C004S12-20818', '2020-08-18', 1349100, 'N', 0, '매출 과세', 4),
    ( NOW(), NOW(), '기업', '정기 주문', '2020-10-08', '고객 피드백 반영 필요', 1186000, 15, 'C004S13-20922', '2020-09-22', 1067400, 'N', 0, '매출 과세', 4),
    ( NOW(), NOW(), '기업', '일반 판매', '2020-01-21', '고객 요청 사항 반영', 1940000, 19, 'C001S14-20110', '2020-01-10', 1746000, 'Y', 194000, '매출 면세', 1),
    ( NOW(), NOW(), '공공', '정기 주문', '2020-07-15', '고객 피드백 반영 필요', 1577000, 34, 'C003S15-20627', '2020-06-27', 1419300, 'N', 0, '매출 과세', 3),
    ( NOW(), NOW(), '민간', '소량 주문', '2020-09-17', '특별 가격 협상 완료', 2168000, 10, 'C003S16-20912', '2020-09-12', 1951200, 'N', 0, '매출 과세', 3),
    ( NOW(), NOW(), '민간', '소량 주문', '2021-01-19', '정기 배송 필요', 2318000, 27, 'C002S17-201222', '2020-12-22', 2086200, 'N', 0, '매출 과세', 2),
    ( NOW(), NOW(), '공공', '일반 판매', '2020-07-01', '고객 피드백 반영 필요', 1857000, 26, 'C004S18-20624', '2020-06-24', 1671300, 'Y', 185700, '수출 영세', 4),
    ( NOW(), NOW(), '공공', '대량 주문', '2020-03-08', '특별 가격 협상 완료', 2082000, 15, 'C005S19-20211', '2020-02-11', 1873800, 'N', 0, '매출 과세', 5),
    ( NOW(), NOW(), '민간', '일반 판매', '2020-07-24', '고객 피드백 반영 필요', 1017000, 38, 'C002S20-20712', '2020-07-12', 915300, 'Y', 101700, '매출 면세', 2),
    ( NOW(), NOW(), '공공', '대량 주문', '2020-07-16', '정기 배송 필요', 1086000, 30, 'C003S21-20626', '2020-06-26', 977400, 'N', 0, '매출 과세', 3),
    ( NOW(), NOW(), '해외', '정기 주문', '2020-08-26', '정기 배송 필요', 1292000, 42, 'C002S22-20812', '2020-08-12', 1162800, 'Y', 129200, '수출 영세', 2),
    ( NOW(), NOW(), '기업', '대량 주문', '2020-02-11', '배송 일정 조율 필요', 1049000, 40, 'C003S23-20128', '2020-01-28', 944100, 'Y', 104900, '수출 영세', 3),
    ( NOW(), NOW(), '민간', '소량 주문', '2020-05-01', '배송 일정 조율 필요', 2669000, 14, 'C001S24-20421', '2020-04-21', 2402100, 'Y', 266900, '매출 면세', 1),
    ( NOW(), NOW(), '해외', '정기 주문', '2020-07-20', '고객 요청 사항 반영', 2753000, 32, 'C005S25-20623', '2020-06-23', 2477700, 'Y', 275300, '매출 면세', 5),
    ( NOW(), NOW(), '해외', '정기 주문', '2020-09-29', '배송 일정 조율 필요', 2679000, 48, 'C002S26-2095', '2020-09-05', 2411100, 'N', 0, '매출 과세', 2),
    ( NOW(), NOW(), '민간', '정기 주문', '2020-03-10', '특별 가격 협상 완료', 2504000, 19, 'C002S27-20227', '2020-02-27', 2253600, 'Y', 250400, '수출 영세', 2),
    ( NOW(), NOW(), '해외', '소량 주문', '2020-01-17', '특별 가격 협상 완료', 2196000, 38, 'C003S28-2015', '2020-01-05', 1976400, 'Y', 219600, '매출 면세', 3),
    ( NOW(), NOW(), '기업', '정기 주문', '2020-05-24', '고객 피드백 반영 필요', 1223000, 40, 'C003S29-20519', '2020-05-19', 1100700, 'Y', 122300, '매출 면세', 3),
    ( NOW(), NOW(), '기업', '정기 주문', '2020-02-03', '특별 가격 협상 완료', 2128000, 34, 'C005S30-20111', '2020-01-11', 1915200, 'N', 0, '매출 과세', 5),
    ( NOW(), NOW(), '기업', '대량 주문', '2019-01-27', '특별 가격 협상 완료', 2273000, 3, 'C002S1-19111', '2019-01-11', 2045700, 'Y', 227300, '매출 면세', 2),
    ( NOW(), NOW(), '민간', '일반 판매', '2019-09-29', '고객 요청 사항 반영', 1163000, 23, 'C004S2-1993', '2019-09-03', 1046700, 'N', 0, '매출 과세', 4),
    ( NOW(), NOW(), '해외', '일반 판매', '2019-01-24', '고객 요청 사항 반영', 1060000, 31, 'C005S3-1913', '2019-01-03', 954000, 'N', 0, '매출 과세', 5),
    ( NOW(), NOW(), '민간', '소량 주문', '2019-08-10', '특별 가격 협상 완료', 2432000, 14, 'C002S4-1984', '2019-08-04', 2188800, 'N', 0, '매출 과세', 2),
    ( NOW(), NOW(), '민간', '소량 주문', '2019-10-02', '정기 배송 필요', 1340000, 17, 'C005S5-19910', '2019-09-10', 1206000, 'N', 0, '매출 과세', 5),
    ( NOW(), NOW(), '민간', '정기 주문', '2019-11-16', '고객 피드백 반영 필요', 2306000, 36, 'C005S6-191028', '2019-10-28', 2075400, 'N', 0, '매출 과세', 5),
    ( NOW(), NOW(), '해외', '일반 판매', '2019-10-05', '고객 요청 사항 반영', 2076000, 6, 'C005S7-19922', '2019-09-22', 1868400, 'N', 0, '매출 과세', 5),
    ( NOW(), NOW(), '민간', '정기 주문', '2019-01-26', '고객 요청 사항 반영', 1553000, 12, 'C002S8-1913', '2019-01-03', 1397700, 'Y', 155300, '수출 영세', 2),
    ( NOW(), NOW(), '민간', '일반 판매', '2019-09-26', '고객 피드백 반영 필요', 2551000, 25, 'C005S9-1999', '2019-09-09', 2295900, 'Y', 255100, '수출 영세', 5),
    ( NOW(), NOW(), '민간', '일반 판매', '2019-09-12', '배송 일정 조율 필요', 2214000, 15, 'C004S10-19827', '2019-08-27', 1992600, 'N', 0, '매출 과세', 4),
    ( NOW(), NOW(), '해외', '정기 주문', '2019-09-18', '고객 피드백 반영 필요', 1069000, 23, 'C003S11-19910', '2019-09-10', 962100, 'Y', 106900, '매출 면세', 3),
    ( NOW(), NOW(), '민간', '일반 판매', '2019-03-02', '배송 일정 조율 필요', 1013000, 40, 'C005S12-1925', '2019-02-05', 911700, 'N', 0, '매출 과세', 5),
    ( NOW(), NOW(), '민간', '대량 주문', '2019-04-30', '고객 피드백 반영 필요', 1352000, 17, 'C001S13-19425', '2019-04-25', 1216800, 'N', 0, '매출 과세', 1),
    ( NOW(), NOW(), '공공', '대량 주문', '2019-04-02', '고객 피드백 반영 필요', 1469000, 20, 'C002S14-19319', '2019-03-19', 1322100, 'Y', 146900, '수출 영세', 2),
    ( NOW(), NOW(), '해외', '대량 주문', '2019-04-05', '배송 일정 조율 필요', 2373000, 38, 'C002S15-19325', '2019-03-25', 2135700, 'N', 0, '매출 과세', 2),
    ( NOW(), NOW(), '기업', '일반 판매', '2019-02-18', '고객 요청 사항 반영', 1609000, 22, 'C002S16-19126', '2019-01-26', 1448100, 'N', 0, '매출 과세', 2),
    ( NOW(), NOW(), '공공', '소량 주문', '2019-12-31', '고객 요청 사항 반영', 2050000, 10, 'C001S17-191210', '2019-12-10', 1845000, 'Y', 205000, '수출 영세', 1),
    ( NOW(), NOW(), '민간', '일반 판매', '2019-02-02', '고객 피드백 반영 필요', 2170000, 20, 'C004S18-19127', '2019-01-27', 1953000, 'N', 0, '매출 과세', 4),
    ( NOW(), NOW(), '민간', '대량 주문', '2019-07-30', '특별 가격 협상 완료', 1940000, 6, 'C004S19-19711', '2019-07-11', 1746000, 'N', 0, '매출 과세', 4),
    ( NOW(), NOW(), '민간', '소량 주문', '2019-12-22', '정기 배송 필요', 1531000, 7, 'C001S20-191217', '2019-12-17', 1377900, 'N', 0, '매출 과세', 1),
    ( NOW(), NOW(), '해외', '정기 주문', '2019-03-06', '정기 배송 필요', 2521000, 29, 'C001S21-19217', '2019-02-17', 2268900, 'Y', 252100, '수출 영세', 1),
    ( NOW(), NOW(), '민간', '정기 주문', '2019-02-25', '특별 가격 협상 완료', 2293000, 23, 'C002S22-1921', '2019-02-01', 2063700, 'N', 0, '매출 과세', 2),
    ( NOW(), NOW(), '해외', '소량 주문', '2019-09-10', '배송 일정 조율 필요', 1186000, 21, 'C004S23-19827', '2019-08-27', 1067400, 'Y', 118600, '수출 영세', 4),
    ( NOW(), NOW(), '민간', '대량 주문', '2019-08-24', '특별 가격 협상 완료', 1076000, 23, 'C001S24-1986', '2019-08-06', 968400, 'Y', 107600, '매출 면세', 1),
    ( NOW(), NOW(), '기업', '정기 주문', '2019-09-08', '배송 일정 조율 필요', 1664000, 39, 'C002S25-19811', '2019-08-11', 1497600, 'Y', 166400, '매출 면세', 2),
    ( NOW(), NOW(), '해외', '소량 주문', '2019-12-01', '정기 배송 필요', 1295000, 7, 'C004S26-191117', '2019-11-17', 1165500, 'N', 0, '매출 과세', 4),
    ( NOW(), NOW(), '공공', '대량 주문', '2019-03-07', '고객 피드백 반영 필요', 2282000, 31, 'C002S27-19211', '2019-02-11', 2053800, 'Y', 228200, '수출 영세', 2),
    ( NOW(), NOW(), '기업', '일반 판매', '2019-01-31', '고객 요청 사항 반영', 1461000, 3, 'C005S28-1915', '2019-01-05', 1314900, 'Y', 146100, '수출 영세', 5),
    ( NOW(), NOW(), '공공', '소량 주문', '2019-03-08', '배송 일정 조율 필요', 1900000, 44, 'C001S29-19226', '2019-02-26', 1710000, 'Y', 190000, '수출 영세', 1),
    ( NOW(), NOW(), '공공', '대량 주문', '2019-02-15', '정기 배송 필요', 1034000, 9, 'C001S30-1927', '2019-02-07', 930600, 'Y', 103400, '매출 면세', 1),
    ( NOW(), NOW(), '기업', '일반 판매', '2018-09-18', '고객 요청 사항 반영', 1970000, 40, 'C005S1-18910', '2018-09-10', 1773000, 'N', 0, '매출 과세', 5),
    ( NOW(), NOW(), '민간', '정기 주문', '2018-11-28', '고객 요청 사항 반영', 2176000, 38, 'C005S2-18119', '2018-11-09', 1958400, 'N', 0, '매출 과세', 5),
    ( NOW(), NOW(), '해외', '일반 판매', '2018-08-23', '정기 배송 필요', 2321000, 42, 'C004S3-1883', '2018-08-03', 2088900, 'N', 0, '매출 과세', 4),
    ( NOW(), NOW(), '기업', '소량 주문', '2018-02-22', '배송 일정 조율 필요', 1145000, 44, 'C003S4-18126', '2018-01-26', 1030500, 'N', 0, '매출 과세', 3),
    ( NOW(), NOW(), '기업', '소량 주문', '2018-05-25', '배송 일정 조율 필요', 1153000, 26, 'C005S5-18513', '2018-05-13', 1037700, 'Y', 115300, '매출 면세', 5),
    ( NOW(), NOW(), '해외', '소량 주문', '2018-12-01', '특별 가격 협상 완료', 1717000, 50, 'C003S6-181123', '2018-11-23', 1545300, 'Y', 171700, '매출 면세', 3),
    ( NOW(), NOW(), '민간', '일반 판매', '2018-02-08', '특별 가격 협상 완료', 1905000, 27, 'C001S7-18118', '2018-01-18', 1714500, 'N', 0, '매출 과세', 1),
    ( NOW(), NOW(), '기업', '일반 판매', '2019-01-06', '특별 가격 협상 완료', 1888000, 7, 'C001S8-181215', '2018-12-15', 1699200, 'N', 0, '매출 과세', 1),
    ( NOW(), NOW(), '기업', '일반 판매', '2019-01-01', '배송 일정 조율 필요', 1020000, 12, 'C002S9-181221', '2018-12-21', 918000, 'Y', 102000, '매출 면세', 2),
    ( NOW(), NOW(), '기업', '정기 주문', '2018-12-03', '배송 일정 조율 필요', 2133000, 27, 'C003S10-181115', '2018-11-15', 1919700, 'N', 0, '매출 과세', 3),
    ( NOW(), NOW(), '기업', '일반 판매', '2018-06-11', '고객 요청 사항 반영', 1568000, 33, 'C003S11-1862', '2018-06-02', 1411200, 'N', 0, '매출 과세', 3),
    ( NOW(), NOW(), '해외', '정기 주문', '2018-05-10', '고객 피드백 반영 필요', 1751000, 37, 'C005S12-18418', '2018-04-18', 1575900, 'Y', 175100, '수출 영세', 5),
    ( NOW(), NOW(), '공공', '대량 주문', '2018-08-07', '특별 가격 협상 완료', 2004000, 44, 'C005S13-18723', '2018-07-23', 1803600, 'Y', 200400, '매출 면세', 5),
    ( NOW(), NOW(), '공공', '일반 판매', '2018-02-26', '고객 피드백 반영 필요', 2137000, 18, 'C003S14-18127', '2018-01-27', 1923300, 'N', 0, '매출 과세', 3),
    ( NOW(), NOW(), '공공', '일반 판매', '2019-01-22', '특별 가격 협상 완료', 2244000, 11, 'C004S15-181226', '2018-12-26', 2019600, 'N', 0, '매출 과세', 4),
    ( NOW(), NOW(), '민간', '소량 주문', '2018-06-28', '특별 가격 협상 완료', 2056000, 3, 'C005S16-18614', '2018-06-14', 1850400, 'N', 0, '매출 과세', 5),
    ( NOW(), NOW(), '해외', '대량 주문', '2018-03-23', '특별 가격 협상 완료', 1567000, 2, 'C005S17-18313', '2018-03-13', 1410300, 'Y', 156700, '수출 영세', 5),
    ( NOW(), NOW(), '공공', '일반 판매', '2018-08-30', '배송 일정 조율 필요', 2038000, 38, 'C005S18-1885', '2018-08-05', 1834200, 'N', 0, '매출 과세', 5),
    ( NOW(), NOW(), '해외', '대량 주문', '2018-02-01', '정기 배송 필요', 1064000, 16, 'C001S19-18111', '2018-01-11', 957600, 'Y', 106400, '매출 면세', 1),
    ( NOW(), NOW(), '민간', '소량 주문', '2018-11-30', '특별 가격 협상 완료', 1441000, 44, 'C001S20-181116', '2018-11-16', 1296900, 'N', 0, '매출 과세', 1),
    ( NOW(), NOW(), '해외', '정기 주문', '2018-10-21', '특별 가격 협상 완료', 1622000, 36, 'C004S21-181013', '2018-10-13', 1459800, 'Y', 162200, '수출 영세', 4),
    ( NOW(), NOW(), '기업', '소량 주문', '2018-02-25', '고객 요청 사항 반영', 2408000, 17, 'C002S22-1829', '2018-02-09', 2167200, 'N', 0, '매출 과세', 2),
    ( NOW(), NOW(), '기업', '소량 주문', '2018-08-08', '고객 요청 사항 반영', 1615000, 1, 'C004S23-1879', '2018-07-09', 1453500, 'N', 0, '매출 과세', 4),
    ( NOW(), NOW(), '공공', '대량 주문', '2018-05-29', '배송 일정 조율 필요', 1101000, 26, 'C002S24-18518', '2018-05-18', 990900, 'N', 0, '매출 과세', 2),
    ( NOW(), NOW(), '민간', '대량 주문', '2018-06-02', '특별 가격 협상 완료', 2463000, 12, 'C005S25-1856', '2018-05-06', 2216700, 'Y', 246300, '매출 면세', 5),
    ( NOW(), NOW(), '공공', '정기 주문', '2019-01-18', '배송 일정 조율 필요', 2489000, 20, 'C004S26-181219', '2018-12-19', 2240100, 'N', 0, '매출 과세', 4),
    ( NOW(), NOW(), '공공', '소량 주문', '2018-06-27', '정기 배송 필요', 1606000, 15, 'C002S27-1862', '2018-06-02', 1445400, 'N', 0, '매출 과세', 2),
    ( NOW(), NOW(), '공공', '일반 판매', '2018-03-24', '배송 일정 조율 필요', 2330000, 47, 'C001S28-18317', '2018-03-17', 2097000, 'Y', 233000, '수출 영세', 1),
    ( NOW(), NOW(), '공공', '대량 주문', '2018-07-06', '정기 배송 필요', 1621000, 12, 'C002S29-18617', '2018-06-17', 1458900, 'Y', 162100, '수출 영세', 2),
    ( NOW(), NOW(), '공공', '대량 주문', '2018-11-04', '배송 일정 조율 필요', 2177000, 4, 'C005S30-181023', '2018-10-23', 1959300, 'Y', 217700, '매출 면세', 5),
    ( NOW(), NOW(), '기업', '소량 주문', '2017-03-15', '배송 일정 조율 필요', 1592000, 28, 'C004S1-17216', '2017-02-16', 1432800, 'N', 0, '매출 과세', 4),
    ( NOW(), NOW(), '기업', '소량 주문', '2017-02-19', '배송 일정 조율 필요', 1428000, 42, 'C004S2-1725', '2017-02-05', 1285200, 'Y', 142800, '매출 면세', 4),
    ( NOW(), NOW(), '해외', '소량 주문', '2017-02-12', '특별 가격 협상 완료', 2208000, 7, 'C002S3-17124', '2017-01-24', 1987200, 'N', 0, '매출 과세', 2),
    ( NOW(), NOW(), '공공', '일반 판매', '2017-02-16', '정기 배송 필요', 1077000, 49, 'C001S4-1723', '2017-02-03', 969300, 'N', 0, '매출 과세', 1),
    ( NOW(), NOW(), '기업', '정기 주문', '2017-09-27', '특별 가격 협상 완료', 2288000, 17, 'C001S5-17922', '2017-09-22', 2059200, 'Y', 228800, '수출 영세', 1),
    ( NOW(), NOW(), '공공', '대량 주문', '2017-10-26', '배송 일정 조율 필요', 1157000, 30, 'C005S6-171016', '2017-10-16', 1041300, 'Y', 115700, '매출 면세', 5),
    ( NOW(), NOW(), '민간', '일반 판매', '2017-05-02', '배송 일정 조율 필요', 1193000, 38, 'C003S7-17422', '2017-04-22', 1073700, 'N', 0, '매출 과세', 3),
    ( NOW(), NOW(), '공공', '일반 판매', '2017-06-08', '특별 가격 협상 완료', 973000, 7, 'C003S8-1761', '2017-06-01', 875700, 'N', 0, '매출 과세', 3),
    ( NOW(), NOW(), '공공', '소량 주문', '2017-02-18', '고객 요청 사항 반영', 1166000, 10, 'C005S9-17126', '2017-01-26', 1049400, 'N', 0, '매출 과세', 5),
    ( NOW(), NOW(), '해외', '일반 판매', '2017-09-01', '고객 피드백 반영 필요', 2146000, 40, 'C004S10-1782', '2017-08-02', 1931400, 'Y', 214600, '수출 영세', 4),
    ( NOW(), NOW(), '해외', '소량 주문', '2017-07-06', '정기 배송 필요', 2156000, 20, 'C005S11-1771', '2017-07-01', 1940400, 'N', 0, '매출 과세', 5),
    ( NOW(), NOW(), '공공', '대량 주문', '2017-02-06', '배송 일정 조율 필요', 1086000, 21, 'C005S12-17122', '2017-01-22', 977400, 'N', 0, '매출 과세', 5),
    ( NOW(), NOW(), '민간', '일반 판매', '2017-11-05', '고객 요청 사항 반영', 1044000, 4, 'C003S13-171022', '2017-10-22', 939600, 'Y', 104400, '매출 면세', 3),
    ( NOW(), NOW(), '민간', '정기 주문', '2017-12-23', '정기 배송 필요', 1486000, 18, 'C004S14-171212', '2017-12-12', 1337400, 'Y', 148600, '수출 영세', 4),
    ( NOW(), NOW(), '해외', '정기 주문', '2017-05-01', '배송 일정 조율 필요', 1685000, 23, 'C005S15-1741', '2017-04-01', 1516500, 'N', 0, '매출 과세', 5),
    ( NOW(), NOW(), '민간', '대량 주문', '2017-05-31', '특별 가격 협상 완료', 1526000, 8, 'C005S16-1758', '2017-05-08', 1373400, 'N', 0, '매출 과세', 5),
    ( NOW(), NOW(), '공공', '대량 주문', '2017-03-14', '고객 요청 사항 반영', 1870000, 15, 'C002S17-17227', '2017-02-27', 1683000, 'Y', 187000, '매출 면세', 2),
    ( NOW(), NOW(), '해외', '소량 주문', '2017-06-21', '배송 일정 조율 필요', 1062000, 49, 'C002S18-17615', '2017-06-15', 955800, 'N', 0, '매출 과세', 2),
    ( NOW(), NOW(), '민간', '대량 주문', '2017-08-20', '고객 피드백 반영 필요', 1819000, 6, 'C004S19-17812', '2017-08-12', 1637100, 'N', 0, '매출 과세', 4),
    ( NOW(), NOW(), '기업', '대량 주문', '2017-08-14', '정기 배송 필요', 1972000, 17, 'C001S20-1789', '2017-08-09', 1774800, 'N', 0, '매출 과세', 1),
    ( NOW(), NOW(), '기업', '소량 주문', '2017-08-25', '고객 요청 사항 반영', 1896000, 36, 'C002S21-1784', '2017-08-04', 1706400, 'Y', 189600, '매출 면세', 2),
    ( NOW(), NOW(), '민간', '소량 주문', '2017-11-21', '고객 피드백 반영 필요', 1662000, 38, 'C005S22-17116', '2017-11-06', 1495800, 'Y', 166200, '매출 면세', 5),
    ( NOW(), NOW(), '해외', '일반 판매', '2017-09-07', '정기 배송 필요', 1176000, 44, 'C005S23-17810', '2017-08-10', 1058400, 'Y', 117600, '수출 영세', 5),
    ( NOW(), NOW(), '해외', '소량 주문', '2017-01-26', '특별 가격 협상 완료', 1640000, 29, 'C005S24-1712', '2017-01-02', 1476000, 'Y', 164000, '매출 면세', 5),
    ( NOW(), NOW(), '공공', '일반 판매', '2017-03-01', '특별 가격 협상 완료', 1088000, 44, 'C002S25-17219', '2017-02-19', 979200, 'Y', 108800, '수출 영세', 2),
    ( NOW(), NOW(), '공공', '대량 주문', '2017-10-24', '특별 가격 협상 완료', 1732000, 36, 'C005S26-171015', '2017-10-15', 1558800, 'Y', 173200, '수출 영세', 5),
    ( NOW(), NOW(), '민간', '소량 주문', '2017-03-30', '특별 가격 협상 완료', 1981000, 39, 'C005S27-17316', '2017-03-16', 1782900, 'Y', 198100, '매출 면세', 5),
    ( NOW(), NOW(), '기업', '일반 판매', '2017-12-06', '정기 배송 필요', 1175000, 15, 'C005S28-171120', '2017-11-20', 1057500, 'N', 0, '매출 과세', 5),
    ( NOW(), NOW(), '민간', '소량 주문', '2017-02-06', '고객 피드백 반영 필요', 2138000, 3, 'C001S29-17118', '2017-01-18', 1924200, 'N', 0, '매출 과세', 1),
    ( NOW(), NOW(), '민간', '소량 주문', '2017-01-15', '정기 배송 필요', 1334000, 38, 'C005S30-1712', '2017-01-02', 1200600, 'Y', 133400, '수출 영세', 5),
    ( NOW(), NOW(), '민간', '소량 주문', '2016-06-30', '고객 피드백 반영 필요', 1077000, 33, 'C003S1-16620', '2016-06-20', 969300, 'N', 0, '매출 과세', 3),
    ( NOW(), NOW(), '민간', '대량 주문', '2016-05-25', '특별 가격 협상 완료', 961000, 32, 'C004S2-1658', '2016-05-08', 864900, 'Y', 96100, '수출 영세', 4),
    ( NOW(), NOW(), '해외', '소량 주문', '2016-08-24', '정기 배송 필요', 1671000, 35, 'C003S3-1683', '2016-08-03', 1503900, 'N', 0, '매출 과세', 3),
    ( NOW(), NOW(), '기업', '일반 판매', '2016-11-21', '배송 일정 조율 필요', 1950000, 13, 'C002S4-16115', '2016-11-05', 1755000, 'N', 0, '매출 과세', 2),
    ( NOW(), NOW(), '해외', '일반 판매', '2016-05-30', '특별 가격 협상 완료', 1205000, 5, 'C001S5-16510', '2016-05-10', 1084500, 'N', 0, '매출 과세', 1),
    ( NOW(), NOW(), '해외', '일반 판매', '2016-09-18', '배송 일정 조율 필요', 1200000, 28, 'C003S6-16828', '2016-08-28', 1080000, 'N', 0, '매출 과세', 3),
    ( NOW(), NOW(), '기업', '대량 주문', '2016-10-16', '특별 가격 협상 완료', 940000, 25, 'C005S7-16105', '2016-10-05', 846000, 'N', 0, '매출 과세', 5),
    ( NOW(), NOW(), '공공', '일반 판매', '2016-10-12', '특별 가격 협상 완료', 1894000, 36, 'C005S8-16913', '2016-09-13', 1704600, 'N', 0, '매출 과세', 5),
    ( NOW(), NOW(), '민간', '일반 판매', '2016-08-01', '고객 요청 사항 반영', 1085000, 7, 'C001S9-16727', '2016-07-27', 976500, 'N', 0, '매출 과세', 1),
    ( NOW(), NOW(), '해외', '정기 주문', '2016-10-22', '특별 가격 협상 완료', 1634000, 5, 'C002S10-16102', '2016-10-02', 1470600, 'N', 0, '매출 과세', 2),
    ( NOW(), NOW(), '기업', '대량 주문', '2016-10-11', '고객 요청 사항 반영', 1667000, 19, 'C001S11-16914', '2016-09-14', 1500300, 'Y', 166700, '수출 영세', 1),
    ( NOW(), NOW(), '공공', '대량 주문', '2016-05-29', '정기 배송 필요', 1052000, 8, 'C001S12-1651', '2016-05-01', 946800, 'N', 0, '매출 과세', 1),
    ( NOW(), NOW(), '민간', '대량 주문', '2016-12-12', '정기 배송 필요', 1176000, 47, 'C002S13-161117', '2016-11-17', 1058400, 'N', 0, '매출 과세', 2),
    ( NOW(), NOW(), '해외', '일반 판매', '2016-08-25', '정기 배송 필요', 1484000, 7, 'C005S14-16815', '2016-08-15', 1335600, 'Y', 148400, '매출 면세', 5),
    ( NOW(), NOW(), '민간', '정기 주문', '2016-04-10', '고객 요청 사항 반영', 1372000, 46, 'C001S15-16314', '2016-03-14', 1234800, 'Y', 137200, '매출 면세', 1),
    ( NOW(), NOW(), '해외', '대량 주문', '2016-04-24', '특별 가격 협상 완료', 1728000, 10, 'C003S16-16411', '2016-04-11', 1555200, 'N', 0, '매출 과세', 3),
    ( NOW(), NOW(), '해외', '소량 주문', '2016-01-19', '정기 배송 필요', 969000, 28, 'C003S17-1613', '2016-01-03', 872100, 'Y', 96900, '수출 영세', 3),
    ( NOW(), NOW(), '기업', '정기 주문', '2016-11-06', '고객 피드백 반영 필요', 1353000, 4, 'C003S18-161023', '2016-10-23', 1217700, 'Y', 135300, '매출 면세', 3),
    ( NOW(), NOW(), '기업', '일반 판매', '2016-03-04', '특별 가격 협상 완료', 1087000, 33, 'C003S19-1629', '2016-02-09', 978300, 'Y', 108700, '매출 면세', 3),
    ( NOW(), NOW(), '기업', '소량 주문', '2016-06-09', '특별 가격 협상 완료', 1360000, 45, 'C002S20-16522', '2016-05-22', 1224000, 'Y', 136000, '수출 영세', 2),
    ( NOW(), NOW(), '민간', '일반 판매', '2016-02-28', '배송 일정 조율 필요', 1985000, 9, 'C005S21-16220', '2016-02-20', 1786500, 'Y', 198500, '매출 면세', 5),
    ( NOW(), NOW(), '민간', '소량 주문', '2016-04-01', '고객 피드백 반영 필요', 1854000, 19, 'C003S22-16313', '2016-03-13', 1668600, 'N', 0, '매출 과세', 3),
    ( NOW(), NOW(), '공공', '소량 주문', '2016-02-26', '고객 피드백 반영 필요', 1155000, 6, 'C001S23-1623', '2016-02-03', 1039500, 'N', 0, '매출 과세', 1),
    ( NOW(), NOW(), '민간', '일반 판매', '2016-08-09', '특별 가격 협상 완료', 1202000, 36, 'C001S24-16721', '2016-07-21', 1081800, 'N', 0, '매출 과세', 1),
    ( NOW(), NOW(), '민간', '일반 판매', '2016-04-17', '정기 배송 필요', 1900000, 16, 'C005S25-16326', '2016-03-26', 1710000, 'Y', 190000, '수출 영세', 5),
    ( NOW(), NOW(), '공공', '소량 주문', '2016-06-07', '고객 피드백 반영 필요', 1819000, 20, 'C005S26-16525', '2016-05-25', 1637100, 'Y', 181900, '수출 영세', 5),
    ( NOW(), NOW(), '기업', '정기 주문', '2016-02-07', '배송 일정 조율 필요', 1993000, 28, 'C002S27-16118', '2016-01-18', 1793700, 'Y', 199300, '수출 영세', 2),
    ( NOW(), NOW(), '공공', '소량 주문', '2016-06-19', '배송 일정 조율 필요', 1524000, 38, 'C004S28-1669', '2016-06-09', 1371600, 'N', 0, '매출 과세', 4),
    ( NOW(), NOW(), '기업', '대량 주문', '2016-06-15', '고객 피드백 반영 필요', 1089000, 17, 'C001S29-16522', '2016-05-22', 980100, 'N', 0, '매출 과세', 1),
    ( NOW(), NOW(), '공공', '대량 주문', '2016-07-15', '고객 피드백 반영 필요', 1463000, 14, 'C004S30-1675', '2016-07-05', 1316700, 'Y', 146300, '수출 영세', 4),
    ( NOW(), NOW(), '기업', '정기 주문', '2015-04-08', '배송 일정 조율 필요', 1128000, 49, 'C003S1-1539', '2015-03-09', 1015200, 'N', 0, '매출 과세', 3),
    ( NOW(), NOW(), '해외', '대량 주문', '2015-04-21', '특별 가격 협상 완료', 1265000, 26, 'C002S2-15325', '2015-03-25', 1138500, 'N', 0, '매출 과세', 2),
    ( NOW(), NOW(), '기업', '소량 주문', '2015-08-06', '정기 배송 필요', 1435000, 16, 'C003S3-1578', '2015-07-08', 1291500, 'N', 0, '매출 과세', 3),
    ( NOW(), NOW(), '해외', '소량 주문', '2016-01-06', '정기 배송 필요', 822000, 15, 'C004S4-151215', '2015-12-15', 739800, 'N', 0, '매출 과세', 4),
    ( NOW(), NOW(), '해외', '대량 주문', '2015-12-30', '고객 피드백 반영 필요', 1199000, 30, 'C005S5-15128', '2015-12-08', 1079100, 'N', 0, '매출 과세', 5),
    ( NOW(), NOW(), '기업', '일반 판매', '2015-02-06', '배송 일정 조율 필요', 715000, 39, 'C002S6-15127', '2015-01-27', 643500, 'N', 0, '매출 과세', 2),
    ( NOW(), NOW(), '민간', '소량 주문', '2015-09-22', '정기 배송 필요', 1179000, 37, 'C002S7-1597', '2015-09-07', 1061100, 'N', 0, '매출 과세', 2),
    ( NOW(), NOW(), '기업', '대량 주문', '2015-02-04', '정기 배송 필요', 1025000, 35, 'C004S8-15128', '2015-01-28', 922500, 'N', 0, '매출 과세', 4),
    ( NOW(), NOW(), '공공', '정기 주문', '2015-07-18', '정기 배송 필요', 861000, 42, 'C003S9-15628', '2015-06-28', 774900, 'Y', 86100, '매출 면세', 3),
    ( NOW(), NOW(), '민간', '일반 판매', '2015-03-07', '정기 배송 필요', 883000, 21, 'C004S10-1525', '2015-02-05', 794700, 'N', 0, '매출 과세', 4),
    ( NOW(), NOW(), '해외', '일반 판매', '2015-08-17', '배송 일정 조율 필요', 1077000, 39, 'C002S11-1589', '2015-08-09', 969300, 'Y', 107700, '매출 면세', 2),
    ( NOW(), NOW(), '공공', '일반 판매', '2015-02-24', '고객 피드백 반영 필요', 830000, 11, 'C005S12-15126', '2015-01-26', 747000, 'N', 0, '매출 과세', 5),
    ( NOW(), NOW(), '공공', '대량 주문', '2015-02-17', '배송 일정 조율 필요', 1264000, 9, 'C001S13-15119', '2015-01-19', 1137600, 'N', 0, '매출 과세', 1),
    ( NOW(), NOW(), '해외', '일반 판매', '2015-12-07', '배송 일정 조율 필요', 1287000, 2, 'C003S14-151125', '2015-11-25', 1158300, 'Y', 128700, '수출 영세', 3),
    ( NOW(), NOW(), '기업', '일반 판매', '2015-07-21', '배송 일정 조율 필요', 985000, 3, 'C005S15-1576', '2015-07-06', 886500, 'N', 0, '매출 과세', 5),
    ( NOW(), NOW(), '공공', '소량 주문', '2015-12-06', '배송 일정 조율 필요', 786000, 26, 'C001S16-151110', '2015-11-10', 707400, 'Y', 78600, '수출 영세', 1),
    ( NOW(), NOW(), '기업', '소량 주문', '2015-03-04', '고객 요청 사항 반영', 1250000, 4, 'C004S17-1522', '2015-02-02', 1125000, 'Y', 125000, '수출 영세', 4),
    ( NOW(), NOW(), '해외', '일반 판매', '2015-11-03', '고객 요청 사항 반영', 1070000, 38, 'C002S18-15106', '2015-10-06', 963000, 'N', 0, '매출 과세', 2),
    ( NOW(), NOW(), '공공', '소량 주문', '2015-10-11', '배송 일정 조율 필요', 1208000, 12, 'C002S19-15921', '2015-09-21', 1087200, 'N', 0, '매출 과세', 2),
    ( NOW(), NOW(), '기업', '정기 주문', '2015-02-12', '정기 배송 필요', 1377000, 32, 'C002S20-15113', '2015-01-13', 1239300, 'Y', 137700, '수출 영세', 2),
    ( NOW(), NOW(), '민간', '대량 주문', '2015-02-23', '정기 배송 필요', 1105000, 26, 'C002S21-15211', '2015-02-11', 994500, 'N', 0, '매출 과세', 2),
    ( NOW(), NOW(), '공공', '정기 주문', '2016-01-10', '고객 요청 사항 반영', 883000, 44, 'C002S22-151218', '2015-12-18', 794700, 'Y', 88300, '매출 면세', 2),
    ( NOW(), NOW(), '공공', '소량 주문', '2015-11-27', '고객 피드백 반영 필요', 958000, 32, 'C005S23-151114', '2015-11-14', 862200, 'N', 0, '매출 과세', 5),
    ( NOW(), NOW(), '민간', '일반 판매', '2015-05-29', '고객 피드백 반영 필요', 973000, 40, 'C004S24-15514', '2015-05-14', 875700, 'Y', 97300, '수출 영세', 4),
    ( NOW(), NOW(), '해외', '일반 판매', '2015-06-20', '배송 일정 조율 필요', 1220000, 47, 'C005S25-1569', '2015-06-09', 1098000, 'Y', 122000, '매출 면세', 5),
    ( NOW(), NOW(), '해외', '정기 주문', '2015-01-27', '배송 일정 조율 필요', 992000, 48, 'C001S26-1515', '2015-01-05', 892800, 'Y', 99200, '수출 영세', 1),
    ( NOW(), NOW(), '해외', '정기 주문', '2015-11-02', '배송 일정 조율 필요', 945000, 31, 'C004S27-151025', '2015-10-25', 850500, 'Y', 94500, '매출 면세', 4),
    ( NOW(), NOW(), '해외', '대량 주문', '2015-10-29', '고객 피드백 반영 필요', 1279000, 47, 'C002S28-151020', '2015-10-20', 1151100, 'N', 0, '매출 과세', 2),
    ( NOW(), NOW(), '해외', '일반 판매', '2015-11-30', '배송 일정 조율 필요', 1231000, 47, 'C004S29-151119', '2015-11-19', 1107900, 'N', 0, '매출 과세', 4),
    ( NOW(), NOW(), '해외', '대량 주문', '2015-09-09', '특별 가격 협상 완료', 960000, 10, 'C002S30-15815', '2015-08-15', 864000, 'Y', 96000, '매출 면세', 2);

-- <<<<<<<<< 목표 매출 >>>>>>>>>>>>
-- (user = 2 : 2022 /2023/ 2024 데이터)
INSERT INTO tb_target_sale (month, month_target, year, created_at, product_no, target_sale_no, updated_at, user_no) VALUES
    -- 2024년 제품6
    (1, 400000, 2024, NOW(), 6, DEFAULT, NOW(), 2),
    (2, 600000, 2024, NOW(), 6, DEFAULT, NOW(), 2),
    (3, 140000, 2024, NOW(), 6, DEFAULT, NOW(), 2),
    (4, 400000, 2024, NOW(), 6, DEFAULT, NOW(), 2),
    (5, 500000, 2024, NOW(), 6, DEFAULT, NOW(), 2),
    (6, 700000, 2024, NOW(), 6, DEFAULT, NOW(), 2),
    (7, 900000, 2024, NOW(), 6, DEFAULT, NOW(), 2),
    (8, 1100000, 2024, NOW(), 6, DEFAULT, NOW(), 2),
    (9, 600000, 2024, NOW(), 6, DEFAULT, NOW(), 2),
    (10, 1200000, 2024, NOW(), 6, DEFAULT, NOW(), 2),
    (11, 700000, 2024, NOW(), 6, DEFAULT, NOW(), 2),
    (12, 800000, 2024, NOW(), 6, DEFAULT, NOW(), 2),
    -- 2024 제품 7
    (1, 450000, 2024, NOW(), 7, DEFAULT, NOW(), 2),
    (2, 200000, 2024, NOW(), 7, DEFAULT, NOW(), 2),
    (3, 185000, 2024, NOW(), 7, DEFAULT, NOW(), 2),
    (4, 423000, 2024, NOW(), 7, DEFAULT, NOW(), 2),
    (5, 565000, 2024, NOW(), 7, DEFAULT, NOW(), 2),
    (6, 702500, 2024, NOW(), 7, DEFAULT, NOW(), 2),
    (7, 650000, 2024, NOW(), 7, DEFAULT, NOW(), 2),
    (8, 140000, 2024, NOW(), 7, DEFAULT, NOW(), 2),
    (9, 70000, 2024, NOW(), 7, DEFAULT, NOW(), 2),
    (10, 125000, 2024, NOW(), 7, DEFAULT, NOW(), 2),
    (11, 705000, 2024, NOW(), 7, DEFAULT, NOW(), 2),
    (12, 830000, 2024, NOW(), 7, DEFAULT, NOW(), 2),
    -- 2024 제품 8
    (1, 425000, 2024, NOW(), 8, DEFAULT, NOW(), 2),
    (2, 605000, 2024, NOW(), 8, DEFAULT, NOW(), 2),
    (3, 142500, 2024, NOW(), 8, DEFAULT, NOW(), 2),
    (4, 405600, 2024, NOW(), 8, DEFAULT, NOW(), 2),
    (5, 523000, 2024, NOW(), 8, DEFAULT, NOW(), 2),
    (6, 705000, 2024, NOW(), 8, DEFAULT, NOW(), 2),
    (7, 954000, 2024, NOW(), 8, DEFAULT, NOW(), 2),
    (8, 950000, 2024, NOW(), 8, DEFAULT, NOW(), 2),
    (9, 780000, 2024, NOW(), 8, DEFAULT, NOW(), 2),
    (10, 1145000, 2024, NOW(), 8, DEFAULT, NOW(), 2),
    (11, 625000, 2024, NOW(), 8, DEFAULT, NOW(), 2),
    (12, 805000, 2024, NOW(), 8, DEFAULT, NOW(), 2),
    -- 2023년 제품6
    (1, 425000, 2023, NOW(), 6, DEFAULT, NOW(), 2),
    (2, 576000, 2023, NOW(), 6, DEFAULT, NOW(), 2),
    (3, 134500, 2023, NOW(), 6, DEFAULT, NOW(), 2),
    (4, 295000, 2023, NOW(), 6, DEFAULT, NOW(), 2),
    (5, 565000, 2023, NOW(), 6, DEFAULT, NOW(), 2),
    (6, 457000, 2023, NOW(), 6, DEFAULT, NOW(), 2),
    (7, 489000, 2023, NOW(), 6, DEFAULT, NOW(), 2),
    (8, 982000, 2023, NOW(), 6, DEFAULT, NOW(), 2),
    (9, 582000, 2023, NOW(), 6, DEFAULT, NOW(), 2),
    (10, 1320000, 2023, NOW(), 6, DEFAULT, NOW(), 2),
    (11, 532000, 2023, NOW(), 6, DEFAULT, NOW(), 2),
    (12, 654000, 2023, NOW(), 6, DEFAULT, NOW(), 2),
    -- 2023 제품 7
    (1, 418000, 2023, NOW(), 7, DEFAULT, NOW(), 2),
    (2, 498000, 2023, NOW(), 7, DEFAULT, NOW(), 2),
    (3, 787000, 2023, NOW(), 7, DEFAULT, NOW(), 2),
    (4, 123000, 2023, NOW(), 7, DEFAULT, NOW(), 2),
    (5, 899000, 2023, NOW(), 7, DEFAULT, NOW(), 2),
    (6, 984000, 2023, NOW(), 7, DEFAULT, NOW(), 2),
    (7, 157000, 2023, NOW(), 7, DEFAULT, NOW(), 2),
    (8, 5440000, 2023, NOW(), 7, DEFAULT, NOW(), 2),
    (9, 845000, 2023, NOW(), 7, DEFAULT, NOW(), 2),
    (10, 4980000, 2023, NOW(), 7, DEFAULT, NOW(), 2),
    (11, 844000, 2023, NOW(), 7, DEFAULT, NOW(), 2),
    (12, 156000, 2023, NOW(), 7, DEFAULT, NOW(), 2),
    -- 2023 제품 8
    (1, 198000, 2023, NOW(), 8, DEFAULT, NOW(), 2),
    (2, 648000, 2023, NOW(), 8, DEFAULT, NOW(), 2),
    (3, 487000, 2023, NOW(), 8, DEFAULT, NOW(), 2),
    (4, 489000, 2023, NOW(), 8, DEFAULT, NOW(), 2),
    (5, 874000, 2023, NOW(), 8, DEFAULT, NOW(), 2),
    (6, 458000, 2023, NOW(), 8, DEFAULT, NOW(), 2),
    (7, 184000, 2023, NOW(), 8, DEFAULT, NOW(), 2),
    (8, 784000, 2023, NOW(), 8, DEFAULT, NOW(), 2),
    (9, 875000, 2023, NOW(), 8, DEFAULT, NOW(), 2),
    (10, 874000, 2023, NOW(), 8, DEFAULT, NOW(), 2),
    (11, 784000, 2023, NOW(), 8, DEFAULT, NOW(), 2),
    (12, 871000, 2023, NOW(), 8, DEFAULT, NOW(), 2),
    -- 2022년 제품6
    (1, 952000, 2022, NOW(), 6, DEFAULT, NOW(), 2),
    (2, 498000, 2022, NOW(), 6, DEFAULT, NOW(), 2),
    (3, 984000, 2022, NOW(), 6, DEFAULT, NOW(), 2),
    (4, 489000, 2022, NOW(), 6, DEFAULT, NOW(), 2),
    (5, 981000, 2022, NOW(), 6, DEFAULT, NOW(), 2),
    (6, 891000, 2022, NOW(), 6, DEFAULT, NOW(), 2),
    (7, 815000, 2022, NOW(), 6, DEFAULT, NOW(), 2),
    (8, 123000, 2022, NOW(), 6, DEFAULT, NOW(), 2),
    (9, 541000, 2022, NOW(), 6, DEFAULT, NOW(), 2),
    (10, 516000, 2022, NOW(), 6, DEFAULT, NOW(), 2),
    (11, 784000, 2022, NOW(), 6, DEFAULT, NOW(), 2),
    (12, 529000, 2022, NOW(), 6, DEFAULT, NOW(), 2),
    -- 2022 제품 7
    (1, 485000, 2022, NOW(), 7, DEFAULT, NOW(), 2),
    (2, 481000, 2022, NOW(), 7, DEFAULT, NOW(), 2),
    (3, 879000, 2022, NOW(), 7, DEFAULT, NOW(), 2),
    (4, 451000, 2022, NOW(), 7, DEFAULT, NOW(), 2),
    (5, 4178000, 2022, NOW(), 7, DEFAULT, NOW(), 2),
    (6, 148500, 2022, NOW(), 7, DEFAULT, NOW(), 2),
    (7, 445000, 2022, NOW(), 7, DEFAULT, NOW(), 2),
    (8, 848000, 2022, NOW(), 7, DEFAULT, NOW(), 2),
    (9, 849000, 2022, NOW(), 7, DEFAULT, NOW(), 2),
    (10, 748000, 2022, NOW(), 7, DEFAULT, NOW(), 2),
    (11, 1580000, 2022, NOW(), 7, DEFAULT, NOW(), 2),
    (12, 457000, 2022, NOW(), 7, DEFAULT, NOW(), 2),
    -- 2022 제품 8
    (1, 615000, 2022, NOW(), 8, DEFAULT, NOW(), 2),
    (2, 489000, 2022, NOW(), 8, DEFAULT, NOW(), 2),
    (3, 984000, 2022, NOW(), 8, DEFAULT, NOW(), 2),
    (4, 541000, 2022, NOW(), 8, DEFAULT, NOW(), 2),
    (5, 964000, 2022, NOW(), 8, DEFAULT, NOW(), 2),
    (6, 1450000, 2022, NOW(), 8, DEFAULT, NOW(), 2),
    (7, 456000, 2022, NOW(), 8, DEFAULT, NOW(), 2),
    (8, 1456000, 2022, NOW(), 8, DEFAULT, NOW(), 2),
    (9, 458700, 2022, NOW(), 8, DEFAULT, NOW(), 2),
    (10, 478000, 2022, NOW(), 8, DEFAULT, NOW(), 2),
    (11, 847000, 2022, NOW(), 8, DEFAULT, NOW(), 2),
    (12, 694000, 2022, NOW(), 8, DEFAULT, NOW(), 2);

-- (user = 3 : 2022 /2023/ 2024 데이터)
INSERT INTO tb_target_sale (month, month_target, year, created_at, product_no, target_sale_no, updated_at, user_no) VALUES
    -- 2024년 제품6
    (1, 561000, 2024, NOW(), 6, DEFAULT, NOW(), 3),
    (2, 489000, 2024, NOW(), 6, DEFAULT, NOW(), 3),
    (3, 848000, 2024, NOW(), 6, DEFAULT, NOW(), 3),
    (4, 547500, 2024, NOW(), 6, DEFAULT, NOW(), 3),
    (5, 847000, 2024, NOW(), 6, DEFAULT, NOW(), 3),
    (6, 489000, 2024, NOW(), 6, DEFAULT, NOW(), 3),
    (7, 986000, 2024, NOW(), 6, DEFAULT, NOW(), 3),
    (8, 455000, 2024, NOW(), 6, DEFAULT, NOW(), 3),
    (9, 754000, 2024, NOW(), 6, DEFAULT, NOW(), 3),
    (10, 450000, 2024, NOW(), 6, DEFAULT, NOW(), 3),
    (11, 540000, 2024, NOW(), 6, DEFAULT, NOW(), 3),
    (12, 1200000, 2024, NOW(), 6, DEFAULT, NOW(), 3),
    -- 2024년 제품7
    (1, 415000, 2024, NOW(), 7, DEFAULT, NOW(), 3),
    (2, 948000, 2024, NOW(), 7, DEFAULT, NOW(), 3),
    (3, 849000, 2024, NOW(), 7, DEFAULT, NOW(), 3),
    (4, 847000, 2024, NOW(), 7, DEFAULT, NOW(), 3),
    (5, 849000, 2024, NOW(), 7, DEFAULT, NOW(), 3),
    (6, 458000, 2024, NOW(), 7, DEFAULT, NOW(), 3),
    (7, 457800, 2024, NOW(), 7, DEFAULT, NOW(), 3),
    (8, 1500000, 2024, NOW(), 7, DEFAULT, NOW(), 3),
    (9, 458000, 2024, NOW(), 7, DEFAULT, NOW(), 3),
    (10, 489000, 2024, NOW(), 7, DEFAULT, NOW(), 3),
    (11, 514000, 2024, NOW(), 7, DEFAULT, NOW(), 3),
    (12, 548000, 2024, NOW(), 7, DEFAULT, NOW(), 3),
    -- 2022년 제품8
    (1, 514000, 2024, NOW(), 8, DEFAULT, NOW(), 3),
    (2, 894000, 2024, NOW(), 8, DEFAULT, NOW(), 3),
    (3, 485000, 2024, NOW(), 8, DEFAULT, NOW(), 3),
    (4, 645000, 2024, NOW(), 8, DEFAULT, NOW(), 3),
    (5, 481000, 2024, NOW(), 8, DEFAULT, NOW(), 3),
    (6, 457000, 2024, NOW(), 8, DEFAULT, NOW(), 3),
    (7, 849000, 2024, NOW(), 8, DEFAULT, NOW(), 3),
    (8, 156000, 2024, NOW(), 8, DEFAULT, NOW(), 3),
    (9, 454000, 2024, NOW(), 8, DEFAULT, NOW(), 3),
    (10, 1560000, 2024, NOW(), 8, DEFAULT, NOW(), 3),
    (11, 1650000, 2024, NOW(), 8, DEFAULT, NOW(), 3),
    (12, 120000, 2024, NOW(), 8, DEFAULT, NOW(), 3),
    -- 2023년 제품6
    (1, 565000, 2023, NOW(), 6, DEFAULT, NOW(), 3),
    (2, 489000, 2023, NOW(), 6, DEFAULT, NOW(), 3),
    (3, 489000, 2023, NOW(), 6, DEFAULT, NOW(), 3),
    (4, 849000, 2023, NOW(), 6, DEFAULT, NOW(), 3),
    (5, 925000, 2023, NOW(), 6, DEFAULT, NOW(), 3),
    (6, 914000, 2023, NOW(), 6, DEFAULT, NOW(), 3),
    (7, 498000, 2023, NOW(), 6, DEFAULT, NOW(), 3),
    (8, 1500000, 2023, NOW(), 6, DEFAULT, NOW(), 3),
    (9, 487000, 2023, NOW(), 6, DEFAULT, NOW(), 3),
    (10, 458000, 2023, NOW(), 6, DEFAULT, NOW(), 3),
    (11, 948000, 2023, NOW(), 6, DEFAULT, NOW(), 3),
    (12, 894000, 2023, NOW(), 6, DEFAULT, NOW(), 3),
    -- 2024년 제품7
    (1, 945000, 2023, NOW(), 7, DEFAULT, NOW(), 3),
    (2, 489000, 2023, NOW(), 7, DEFAULT, NOW(), 3),
    (3, 489000, 2023, NOW(), 7, DEFAULT, NOW(), 3),
    (4, 784000, 2023, NOW(), 7, DEFAULT, NOW(), 3),
    (5, 489000, 2023, NOW(), 7, DEFAULT, NOW(), 3),
    (6, 984000, 2023, NOW(), 7, DEFAULT, NOW(), 3),
    (7, 849000, 2023, NOW(), 7, DEFAULT, NOW(), 3),
    (8, 156000, 2023, NOW(), 7, DEFAULT, NOW(), 3),
    (9, 918000, 2023, NOW(), 7, DEFAULT, NOW(), 3),
    (10, 1560000, 2023, NOW(), 7, DEFAULT, NOW(), 3),
    (11, 445000, 2023, NOW(), 7, DEFAULT, NOW(), 3),
    (12, 849000, 2023, NOW(), 7, DEFAULT, NOW(), 3),
    -- 2023년 제품8
    (1, 516000, 2023, NOW(), 8, DEFAULT, NOW(), 3),
    (2, 658000, 2023, NOW(), 8, DEFAULT, NOW(), 3),
    (3, 561000, 2023, NOW(), 8, DEFAULT, NOW(), 3),
    (4, 698000, 2023, NOW(), 8, DEFAULT, NOW(), 3),
    (5, 541000, 2023, NOW(), 8, DEFAULT, NOW(), 3),
    (6, 651000, 2023, NOW(), 8, DEFAULT, NOW(), 3),
    (7, 1560000, 2023, NOW(), 8, DEFAULT, NOW(), 3),
    (8, 561000, 2023, NOW(), 8, DEFAULT, NOW(), 3),
    (9, 651000, 2023, NOW(), 8, DEFAULT, NOW(), 3),
    (10, 561000, 2024, NOW(), 8, DEFAULT, NOW(), 3),
    (11, 295000, 2023, NOW(), 8, DEFAULT, NOW(), 3),
    (12, 894000, 2023, NOW(), 8, DEFAULT, NOW(), 3),
    -- 2022년 제품6
    (1, 489000, 2022, NOW(), 6, DEFAULT, NOW(), 3),
    (2, 849000, 2022, NOW(), 6, DEFAULT, NOW(), 3),
    (3, 1650000, 2022, NOW(), 6, DEFAULT, NOW(), 3),
    (4, 849000, 2022, NOW(), 6, DEFAULT, NOW(), 3),
    (5, 1050000, 2022, NOW(), 6, DEFAULT, NOW(), 3),
    (6, 841000, 2022, NOW(), 6, DEFAULT, NOW(), 3),
    (7, 1540000, 2022, NOW(), 6, DEFAULT, NOW(), 3),
    (8, 322000, 2022, NOW(), 6, DEFAULT, NOW(), 3),
    (9, 654000, 2022, NOW(), 6, DEFAULT, NOW(), 3),
    (10, 544000, 2022, NOW(), 6, DEFAULT, NOW(), 3),
    (11, 455000, 2022, NOW(), 6, DEFAULT, NOW(), 3),
    (12, 712000, 2022, NOW(), 6, DEFAULT, NOW(), 3),
    -- 2022년 제품7
    (1, 546000, 2022, NOW(), 7, DEFAULT, NOW(), 3),
    (2, 894000, 2022, NOW(), 7, DEFAULT, NOW(), 3),
    (3, 498000, 2022, NOW(), 7, DEFAULT, NOW(), 3),
    (4, 894000, 2022, NOW(), 7, DEFAULT, NOW(), 3),
    (5, 869000, 2022, NOW(), 7, DEFAULT, NOW(), 3),
    (6, 1940000, 2022, NOW(), 7, DEFAULT, NOW(), 3),
    (7, 812000, 2022, NOW(), 7, DEFAULT, NOW(), 3),
    (8, 456000, 2022, NOW(), 7, DEFAULT, NOW(), 3),
    (9, 651000, 2022, NOW(), 7, DEFAULT, NOW(), 3),
    (10, 560000, 2022, NOW(), 7, DEFAULT, NOW(), 3),
    (11, 651000, 2022, NOW(), 7, DEFAULT, NOW(), 3),
    (12, 891000, 2022, NOW(), 7, DEFAULT, NOW(), 3),
    -- 2022년 제품8
    (1, 489000, 2022, NOW(), 8, DEFAULT, NOW(), 3),
    (2, 689000, 2022, NOW(), 8, DEFAULT, NOW(), 3),
    (3, 689000, 2022, NOW(), 8, DEFAULT, NOW(), 3),
    (4, 984000, 2022, NOW(), 8, DEFAULT, NOW(), 3),
    (5, 1230000, 2022, NOW(), 8, DEFAULT, NOW(), 3),
    (6, 489000, 2022, NOW(), 8, DEFAULT, NOW(), 3),
    (7, 585000, 2022, NOW(), 8, DEFAULT, NOW(), 3),
    (8, 869000, 2022, NOW(), 8, DEFAULT, NOW(), 3),
    (9, 984000, 2022, NOW(), 8, DEFAULT, NOW(), 3),
    (10, 810000, 2022, NOW(), 8, DEFAULT, NOW(), 3),
    (11, 560000, 2022, NOW(), 8, DEFAULT, NOW(), 3),
    (12, 840000, 2022, NOW(), 8, DEFAULT, NOW(), 3);

-- (user = 4 : 2022 /2023/ 2024 데이터)
INSERT INTO tb_target_sale (month, month_target, year, created_at, product_no, target_sale_no, updated_at, user_no) VALUES
    -- 2024년 제품6
    (1, 489000, 2024, NOW(), 6, DEFAULT, NOW(), 4),
    (2, 654000, 2024, NOW(), 6, DEFAULT, NOW(), 4),
    (3, 352000, 2024, NOW(), 6, DEFAULT, NOW(), 4),
    (4, 658000, 2024, NOW(), 6, DEFAULT, NOW(), 4),
    (5, 849000, 2024, NOW(), 6, DEFAULT, NOW(), 4),
    (6, 649000, 2024, NOW(), 6, DEFAULT, NOW(), 4),
    (7, 780000, 2024, NOW(), 6, DEFAULT, NOW(), 4),
    (8, 654000, 2024, NOW(), 6, DEFAULT, NOW(), 4),
    (9, 1560000, 2024, NOW(), 6, DEFAULT, NOW(), 4),
    (10, 980000, 2024, NOW(), 6, DEFAULT, NOW(), 4),
    (11, 896000, 2024, NOW(), 6, DEFAULT, NOW(), 4),
    (12, 984000, 2024, NOW(), 6, DEFAULT, NOW(), 4),
    -- 2024년 제품7
    (1, 894000, 2024, NOW(), 7, DEFAULT, NOW(), 4),
    (2, 759000, 2024, NOW(), 7, DEFAULT, NOW(), 4),
    (3, 651000, 2024, NOW(), 7, DEFAULT, NOW(), 4),
    (4, 456000, 2024, NOW(), 7, DEFAULT, NOW(), 4),
    (5, 783000, 2024, NOW(), 7, DEFAULT, NOW(), 4),
    (6, 435000, 2024, NOW(), 7, DEFAULT, NOW(), 4),
    (7, 846000, 2024, NOW(), 7, DEFAULT, NOW(), 4),
    (8, 570000, 2024, NOW(), 7, DEFAULT, NOW(), 4),
    (9, 1153000, 2024, NOW(), 7, DEFAULT, NOW(), 4),
    (10, 4560000, 2024, NOW(), 7, DEFAULT, NOW(), 4),
    (11, 715000, 2024, NOW(), 7, DEFAULT, NOW(), 4),
    (12, 645000, 2024, NOW(), 7, DEFAULT, NOW(), 4),
    -- 2024년 제품8
    (1, 400000, 2024, NOW(), 8, DEFAULT, NOW(), 4),
    (2, 600000, 2024, NOW(), 8, DEFAULT, NOW(), 4),
    (3, 140000, 2024, NOW(), 8, DEFAULT, NOW(), 4),
    (4, 400000, 2024, NOW(), 8, DEFAULT, NOW(), 4),
    (5, 500000, 2024, NOW(), 8, DEFAULT, NOW(), 4),
    (6, 700000, 2024, NOW(), 8, DEFAULT, NOW(), 4),
    (7, 900000, 2024, NOW(), 8, DEFAULT, NOW(), 4),
    (8, 1100000, 2024, NOW(), 8, DEFAULT, NOW(), 4),
    (9, 600000, 2024, NOW(), 8, DEFAULT, NOW(), 4),
    (10, 1200000, 2024, NOW(), 8, DEFAULT, NOW(), 4),
    (11, 700000, 2024, NOW(), 8, DEFAULT, NOW(), 4),
    (12, 800000, 2024, NOW(), 8, DEFAULT, NOW(), 4),
    -- 2023년 제품6
    (1, 742000, 2023, NOW(), 6, DEFAULT, NOW(), 4),
    (2, 527000, 2023, NOW(), 6, DEFAULT, NOW(), 4),
    (3, 887000, 2023, NOW(), 6, DEFAULT, NOW(), 4),
    (4, 455000, 2023, NOW(), 6, DEFAULT, NOW(), 4),
    (5, 225000, 2023, NOW(), 6, DEFAULT, NOW(), 4),
    (6, 287000, 2023, NOW(), 6, DEFAULT, NOW(), 4),
    (7, 674000, 2023, NOW(), 6, DEFAULT, NOW(), 4),
    (8, 356000, 2023, NOW(), 6, DEFAULT, NOW(), 4),
    (9, 865000, 2023, NOW(), 6, DEFAULT, NOW(), 4),
    (10, 957000, 2023, NOW(), 6, DEFAULT, NOW(), 4),
    (11, 567000, 2023, NOW(), 6, DEFAULT, NOW(), 4),
    (12, 976000, 2023, NOW(), 6, DEFAULT, NOW(), 4),
    -- 2023년 제품7
    (1, 974000, 2023, NOW(), 7, DEFAULT, NOW(), 4),
    (2, 356000, 2023, NOW(), 7, DEFAULT, NOW(), 4),
    (3, 1047000, 2023, NOW(), 7, DEFAULT, NOW(), 4),
    (4, 546000, 2023, NOW(), 7, DEFAULT, NOW(), 4),
    (5, 978000, 2023, NOW(), 7, DEFAULT, NOW(), 4),
    (6, 587000, 2023, NOW(), 7, DEFAULT, NOW(), 4),
    (7, 408000, 2023, NOW(), 7, DEFAULT, NOW(), 4),
    (8, 976000, 2023, NOW(), 7, DEFAULT, NOW(), 4),
    (9, 748000, 2023, NOW(), 7, DEFAULT, NOW(), 4),
    (10, 497000, 2023, NOW(), 7, DEFAULT, NOW(), 4),
    (11, 784000, 2023, NOW(), 7, DEFAULT, NOW(), 4),
    (12, 497000, 2023, NOW(), 7, DEFAULT, NOW(), 4),
    -- 2023년 제품8
    (1, 865000, 2023, NOW(), 8, DEFAULT, NOW(), 4),
    (2, 658000, 2023, NOW(), 8, DEFAULT, NOW(), 4),
    (3, 568000, 2023, NOW(), 8, DEFAULT, NOW(), 4),
    (4, 796000, 2023, NOW(), 8, DEFAULT, NOW(), 4),
    (5, 976000, 2023, NOW(), 8, DEFAULT, NOW(), 4),
    (6, 769000, 2023, NOW(), 8, DEFAULT, NOW(), 4),
    (7, 789000, 2023, NOW(), 8, DEFAULT, NOW(), 4),
    (8, 976000, 2023, NOW(), 8, DEFAULT, NOW(), 4),
    (9, 675000, 2023, NOW(), 8, DEFAULT, NOW(), 4),
    (10, 976000, 2023, NOW(), 8, DEFAULT, NOW(), 4),
    (11, 967000, 2023, NOW(), 8, DEFAULT, NOW(), 4),
    (12, 866000, 2023, NOW(), 8, DEFAULT, NOW(), 4),
    -- 2022년 제품6
    (1, 568000, 2022, NOW(), 6, DEFAULT, NOW(), 4),
    (2, 976000, 2022, NOW(), 6, DEFAULT, NOW(), 4),
    (3, 923000, 2022, NOW(), 6, DEFAULT, NOW(), 4),
    (4, 976000, 2022, NOW(), 6, DEFAULT, NOW(), 4),
    (5, 437000, 2022, NOW(), 6, DEFAULT, NOW(), 4),
    (6, 865000, 2022, NOW(), 6, DEFAULT, NOW(), 4),
    (7, 346000, 2022, NOW(), 6, DEFAULT, NOW(), 4),
    (8, 865000, 2022, NOW(), 6, DEFAULT, NOW(), 4),
    (9, 634000, 2022, NOW(), 6, DEFAULT, NOW(), 4),
    (10, 865000, 2022, NOW(), 6, DEFAULT, NOW(), 4),
    (11, 755000, 2022, NOW(), 6, DEFAULT, NOW(), 4),
    (12, 865000, 2022, NOW(), 6, DEFAULT, NOW(), 4),
    -- 2022년 제품7
    (1, 976000, 2022, NOW(), 7, DEFAULT, NOW(), 4),
    (2, 426000, 2022, NOW(), 7, DEFAULT, NOW(), 4),
    (3, 965000, 2022, NOW(), 7, DEFAULT, NOW(), 4),
    (4, 856000, 2022, NOW(), 7, DEFAULT, NOW(), 4),
    (5, 974000, 2022, NOW(), 7, DEFAULT, NOW(), 4),
    (6, 497000, 2022, NOW(), 7, DEFAULT, NOW(), 4),
    (7, 956000, 2022, NOW(), 7, DEFAULT, NOW(), 4),
    (8, 479000, 2022, NOW(), 7, DEFAULT, NOW(), 4),
    (9, 865000, 2022, NOW(), 7, DEFAULT, NOW(), 4),
    (10, 845000, 2022, NOW(), 7, DEFAULT, NOW(), 4),
    (11, 975000, 2022, NOW(), 7, DEFAULT, NOW(), 4),
    (12, 655000, 2022, NOW(), 7, DEFAULT, NOW(), 4),
    -- 2022년 제품8
    (1, 957000, 2022, NOW(), 8, DEFAULT, NOW(), 4),
    (2, 975000, 2022, NOW(), 8, DEFAULT, NOW(), 4),
    (3, 356000, 2022, NOW(), 8, DEFAULT, NOW(), 4),
    (4, 865000, 2022, NOW(), 8, DEFAULT, NOW(), 4),
    (5, 347000, 2022, NOW(), 8, DEFAULT, NOW(), 4),
    (6, 857000, 2022, NOW(), 8, DEFAULT, NOW(), 4),
    (7, 895000, 2022, NOW(), 8, DEFAULT, NOW(), 4),
    (8, 760000, 2022, NOW(), 8, DEFAULT, NOW(), 4),
    (9, 479000, 2022, NOW(), 8, DEFAULT, NOW(), 4),
    (10, 895000, 2022, NOW(), 8, DEFAULT, NOW(), 4),
    (11, 647000, 2022, NOW(), 8, DEFAULT, NOW(), 4),
    (12, 946800, 2022, NOW(), 8, DEFAULT, NOW(), 4);

-- (user = 8 : 2022 /2023/ 2024 데이터)
INSERT INTO tb_target_sale (month, month_target, year, created_at, product_no, target_sale_no, updated_at, user_no) VALUES
    -- 2024년 제품1
    (1, 846000, 2024, NOW(), 1, DEFAULT, NOW(), 8),
    (2, 736000, 2024, NOW(), 1, DEFAULT, NOW(), 8),
    (3, 865000, 2024, NOW(), 1, DEFAULT, NOW(), 8),
    (4, 345600, 2024, NOW(), 1, DEFAULT, NOW(), 8),
    (5, 1200000, 2024, NOW(), 1, DEFAULT, NOW(), 8),
    (6, 743000, 2024, NOW(), 1, DEFAULT, NOW(), 8),
    (7, 934000, 2024, NOW(), 1, DEFAULT, NOW(), 8),
    (8, 1150000, 2024, NOW(), 1, DEFAULT, NOW(), 8),
    (9, 634000, 2024, NOW(), 1, DEFAULT, NOW(), 8),
    (10, 1230000, 2024, NOW(), 1, DEFAULT, NOW(), 8),
    (11, 840000, 2024, NOW(), 1, DEFAULT, NOW(), 8),
    (12, 560000, 2024, NOW(), 1, DEFAULT, NOW(), 8),
    -- 2024년 제품2
    (1, 860000, 2024, NOW(), 2, DEFAULT, NOW(), 8),
    (2, 568000, 2024, NOW(), 2, DEFAULT, NOW(), 8),
    (3, 658000, 2024, NOW(), 2, DEFAULT, NOW(), 8),
    (4, 563000, 2024, NOW(), 2, DEFAULT, NOW(), 8),
    (5, 977000, 2024, NOW(), 2, DEFAULT, NOW(), 8),
    (6, 764000, 2024, NOW(), 2, DEFAULT, NOW(), 8),
    (7, 975000, 2024, NOW(), 2, DEFAULT, NOW(), 8),
    (8, 976000, 2024, NOW(), 2, DEFAULT, NOW(), 8),
    (9, 348000, 2024, NOW(), 2, DEFAULT, NOW(), 8),
    (10, 986000, 2024, NOW(), 2, DEFAULT, NOW(), 8),
    (11, 700000, 2024, NOW(), 2, DEFAULT, NOW(), 8),
    (12, 857000, 2024, NOW(), 2, DEFAULT, NOW(), 8),
    -- 2024년 제품3
    (1, 400000, 2024, NOW(), 3, DEFAULT, NOW(), 8),
    (2, 670000, 2024, NOW(), 3, DEFAULT, NOW(), 8),
    (3, 1440000, 2024, NOW(), 3, DEFAULT, NOW(), 8),
    (4, 470000, 2024, NOW(), 3, DEFAULT, NOW(), 8),
    (5, 5800000, 2024, NOW(), 3, DEFAULT, NOW(), 8),
    (6, 786000, 2024, NOW(), 3, DEFAULT, NOW(), 8),
    (7, 990000, 2024, NOW(), 3, DEFAULT, NOW(), 8),
    (8, 16700000, 2024, NOW(), 3, DEFAULT, NOW(), 8),
    (9, 667000, 2024, NOW(), 3, DEFAULT, NOW(), 8),
    (10, 970000, 2024, NOW(), 3, DEFAULT, NOW(), 8),
    (11, 430000, 2024, NOW(), 3, DEFAULT, NOW(), 8),
    (12, 860000, 2024, NOW(), 3, DEFAULT, NOW(), 8),
    -- 2023년 제품4
    (1, 580000, 2024, NOW(), 4, DEFAULT, NOW(), 8),
    (2, 7500000, 2024, NOW(), 4, DEFAULT, NOW(), 8),
    (3, 1260000, 2024, NOW(), 4, DEFAULT, NOW(), 8),
    (4, 460000, 2024, NOW(), 4, DEFAULT, NOW(), 8),
    (5, 540000, 2024, NOW(), 4, DEFAULT, NOW(), 8),
    (6, 780000, 2024, NOW(), 4, DEFAULT, NOW(), 8),
    (7, 980000, 2024, NOW(), 4, DEFAULT, NOW(), 8),
    (8, 800000, 2024, NOW(), 4, DEFAULT, NOW(), 8),
    (9, 6400000, 2024, NOW(), 4, DEFAULT, NOW(), 8),
    (10, 850000, 2024, NOW(), 4, DEFAULT, NOW(), 8),
    (11, 780000, 2024, NOW(), 4, DEFAULT, NOW(), 8),
    (12, 810000, 2024, NOW(), 4, DEFAULT, NOW(), 8),
    -- 2023년 제품1
    (1, 700000, 2023, NOW(), 1, DEFAULT, NOW(), 8),
    (2, 6430000, 2023, NOW(), 1, DEFAULT, NOW(), 8),
    (3, 754000, 2023, NOW(), 1, DEFAULT, NOW(), 8),
    (4, 865000, 2023, NOW(), 1, DEFAULT, NOW(), 8),
    (5, 654000, 2023, NOW(), 1, DEFAULT, NOW(), 8),
    (6, 346000, 2023, NOW(), 1, DEFAULT, NOW(), 8),
    (7, 865000, 2023, NOW(), 1, DEFAULT, NOW(), 8),
    (8, 346000, 2023, NOW(), 1, DEFAULT, NOW(), 8),
    (9, 864000, 2023, NOW(), 1, DEFAULT, NOW(), 8),
    (10, 548000, 2023, NOW(), 1, DEFAULT, NOW(), 8),
    (11, 544000, 2023, NOW(), 1, DEFAULT, NOW(), 8),
    (12, 854000, 2023, NOW(), 1, DEFAULT, NOW(), 8),
    -- 2023년 제품2
    (1, 864000, 2023, NOW(), 2, DEFAULT, NOW(), 8),
    (2, 654000, 2023, NOW(), 2, DEFAULT, NOW(), 8),
    (3, 854000, 2023, NOW(), 2, DEFAULT, NOW(), 8),
    (4, 345000, 2023, NOW(), 2, DEFAULT, NOW(), 8),
    (5, 970000, 2023, NOW(), 2, DEFAULT, NOW(), 8),
    (6, 974000, 2023, NOW(), 2, DEFAULT, NOW(), 8),
    (7, 685000, 2023, NOW(), 2, DEFAULT, NOW(), 8),
    (8, 650000, 2023, NOW(), 2, DEFAULT, NOW(), 8),
    (9, 965000, 2023, NOW(), 2, DEFAULT, NOW(), 8),
    (10, 850000, 2023, NOW(), 2, DEFAULT, NOW(), 8),
    (11, 8650000, 2023, NOW(), 2, DEFAULT, NOW(), 8),
    (12, 856000, 2023, NOW(), 2, DEFAULT, NOW(), 8),
    -- 2023년 제품3
    (1, 685000, 2023, NOW(), 3, DEFAULT, NOW(), 8),
    (2, 658000, 2023, NOW(), 3, DEFAULT, NOW(), 8),
    (3, 945000, 2023, NOW(), 3, DEFAULT, NOW(), 8),
    (4, 485000, 2023, NOW(), 3, DEFAULT, NOW(), 8),
    (5, 865000, 2023, NOW(), 3, DEFAULT, NOW(), 8),
    (6, 457000, 2023, NOW(), 3, DEFAULT, NOW(), 8),
    (7, 865000, 2023, NOW(), 3, DEFAULT, NOW(), 8),
    (8, 457000, 2023, NOW(), 3, DEFAULT, NOW(), 8),
    (9, 976000, 2023, NOW(), 3, DEFAULT, NOW(), 8),
    (10, 658000, 2023, NOW(), 3, DEFAULT, NOW(), 8),
    (11, 965000, 2023, NOW(), 3, DEFAULT, NOW(), 8),
    (12, 935000, 2023, NOW(), 3, DEFAULT, NOW(), 8),
    -- 2023년 제품4
    (1, 856000, 2023, NOW(), 4, DEFAULT, NOW(), 8),
    (2, 965000, 2023, NOW(), 4, DEFAULT, NOW(), 8),
    (3, 458000, 2023, NOW(), 4, DEFAULT, NOW(), 8),
    (4, 845000, 2023, NOW(), 4, DEFAULT, NOW(), 8),
    (5, 346000, 2023, NOW(), 4, DEFAULT, NOW(), 8),
    (6, 854000, 2023, NOW(), 4, DEFAULT, NOW(), 8),
    (7, 346000, 2023, NOW(), 4, DEFAULT, NOW(), 8),
    (8, 960000, 2023, NOW(), 4, DEFAULT, NOW(), 8),
    (9, 976000, 2023, NOW(), 4, DEFAULT, NOW(), 8),
    (10, 670000, 2023, NOW(), 4, DEFAULT, NOW(), 8),
    (11, 769000, 2023, NOW(), 4, DEFAULT, NOW(), 8),
    (12, 860000, 2023, NOW(), 4, DEFAULT, NOW(), 8),
    -- 2022년 제품1
    (1, 865000, 2022, NOW(), 1, DEFAULT, NOW(), 8),
    (2, 753000, 2022, NOW(), 1, DEFAULT, NOW(), 8),
    (3, 865000, 2022, NOW(), 1, DEFAULT, NOW(), 8),
    (4, 364000, 2022, NOW(), 1, DEFAULT, NOW(), 8),
    (5, 965000, 2022, NOW(), 1, DEFAULT, NOW(), 8),
    (6, 364000, 2022, NOW(), 1, DEFAULT, NOW(), 8),
    (7, 865000, 2022, NOW(), 1, DEFAULT, NOW(), 8),
    (8, 560000, 2022, NOW(), 1, DEFAULT, NOW(), 8),
    (9, 658000, 2022, NOW(), 1, DEFAULT, NOW(), 8),
    (10, 1580000, 2022, NOW(), 1, DEFAULT, NOW(), 8),
    (11, 586000, 2022, NOW(), 1, DEFAULT, NOW(), 8),
    (12, 375000, 2022, NOW(), 1, DEFAULT, NOW(), 8),
    -- 2022년 제품2
    (1, 658000, 2022, NOW(), 2, DEFAULT, NOW(), 8),
    (2, 457000, 2022, NOW(), 2, DEFAULT, NOW(), 8),
    (3, 747000, 2022, NOW(), 2, DEFAULT, NOW(), 8),
    (4, 854000, 2022, NOW(), 2, DEFAULT, NOW(), 8),
    (5, 457000, 2022, NOW(), 2, DEFAULT, NOW(), 8),
    (6, 854000, 2022, NOW(), 2, DEFAULT, NOW(), 8),
    (7, 358000, 2022, NOW(), 2, DEFAULT, NOW(), 8),
    (8, 860000, 2022, NOW(), 2, DEFAULT, NOW(), 8),
    (9, 458000, 2022, NOW(), 2, DEFAULT, NOW(), 8),
    (10, 685000, 2022, NOW(), 2, DEFAULT, NOW(), 8),
    (11, 658000, 2022, NOW(), 2, DEFAULT, NOW(), 8),
    (12, 854000, 2022, NOW(), 2, DEFAULT, NOW(), 8),
    -- 2022년 제품3
    (1, 4320000, 2022, NOW(), 3, DEFAULT, NOW(), 8),
    (2, 436700, 2022, NOW(), 3, DEFAULT, NOW(), 8),
    (3, 435000, 2022, NOW(), 3, DEFAULT, NOW(), 8),
    (4, 754000, 2022, NOW(), 3, DEFAULT, NOW(), 8),
    (5, 4570000, 2022, NOW(), 3, DEFAULT, NOW(), 8),
    (6, 685000, 2022, NOW(), 3, DEFAULT, NOW(), 8),
    (7, 478000, 2022, NOW(), 3, DEFAULT, NOW(), 8),
    (8, 860000, 2022, NOW(), 3, DEFAULT, NOW(), 8),
    (9, 658000, 2022, NOW(), 3, DEFAULT, NOW(), 8),
    (10, 5680000, 2022, NOW(), 3, DEFAULT, NOW(), 8),
    (11, 865000, 2022, NOW(), 3, DEFAULT, NOW(), 8),
    (12, 806000, 2022, NOW(), 3, DEFAULT, NOW(), 8),
    -- 2022년 제품4
    (1, 635000, 2022, NOW(), 4, DEFAULT, NOW(), 8),
    (2, 863000, 2022, NOW(), 4, DEFAULT, NOW(), 8),
    (3, 834000, 2022, NOW(), 4, DEFAULT, NOW(), 8),
    (4, 754000, 2022, NOW(), 4, DEFAULT, NOW(), 8),
    (5, 437000, 2022, NOW(), 4, DEFAULT, NOW(), 8),
    (6, 865000, 2022, NOW(), 4, DEFAULT, NOW(), 8),
    (7, 478000, 2022, NOW(), 4, DEFAULT, NOW(), 8),
    (8, 865000, 2022, NOW(), 4, DEFAULT, NOW(), 8),
    (9, 568000, 2022, NOW(), 4, DEFAULT, NOW(), 8),
    (10, 865000, 2022, NOW(), 4, DEFAULT, NOW(), 8),
    (11, 548000, 2022, NOW(), 4, DEFAULT, NOW(), 8),
    (12, 696000, 2022, NOW(), 4, DEFAULT, NOW(), 8);

-- (user = 9 : 2022 /2023/ 2024 데이터)
INSERT INTO tb_target_sale (month, month_target, year, created_at, product_no, target_sale_no, updated_at, user_no) VALUES
    -- 2024년 제품1
    (1, 362000, 2024, NOW(), 1, DEFAULT, NOW(), 9),
    (2, 854000, 2024, NOW(), 1, DEFAULT, NOW(), 9),
    (3, 458000, 2024, NOW(), 1, DEFAULT, NOW(), 9),
    (4, 548000, 2024, NOW(), 1, DEFAULT, NOW(), 9),
    (5, 437000, 2024, NOW(), 1, DEFAULT, NOW(), 9),
    (6, 975000, 2024, NOW(), 1, DEFAULT, NOW(), 9),
    (7, 569000, 2024, NOW(), 1, DEFAULT, NOW(), 9),
    (8, 569000, 2024, NOW(), 1, DEFAULT, NOW(), 9),
    (9, 685000, 2024, NOW(), 1, DEFAULT, NOW(), 9),
    (10, 965000, 2024, NOW(), 1, DEFAULT, NOW(), 9),
    (11, 569000, 2024, NOW(), 1, DEFAULT, NOW(), 9),
    (12, 856000, 2024, NOW(), 1, DEFAULT, NOW(), 9),
    -- 2024년 제품2
    (1, 456000, 2024, NOW(), 2, DEFAULT, NOW(), 9),
    (2, 548000, 2024, NOW(), 2, DEFAULT, NOW(), 9),
    (3, 865000, 2024, NOW(), 2, DEFAULT, NOW(), 9),
    (4, 580000, 2024, NOW(), 2, DEFAULT, NOW(), 9),
    (5, 757000, 2024, NOW(), 2, DEFAULT, NOW(), 9),
    (6, 976000, 2024, NOW(), 2, DEFAULT, NOW(), 9),
    (7, 943000, 2024, NOW(), 2, DEFAULT, NOW(), 9),
    (8, 754000, 2024, NOW(), 2, DEFAULT, NOW(), 9),
    (9, 854000, 2024, NOW(), 2, DEFAULT, NOW(), 9),
    (10, 548000, 2024, NOW(), 2, DEFAULT, NOW(), 9),
    (11, 548000, 2024, NOW(), 2, DEFAULT, NOW(), 9),
    (12, 886000, 2024, NOW(), 2, DEFAULT, NOW(), 9),
    -- 2024년 제품3
    (1, 854000, 2024, NOW(), 3, DEFAULT, NOW(), 9),
    (2, 348000, 2024, NOW(), 3, DEFAULT, NOW(), 9),
    (3, 588000, 2024, NOW(), 3, DEFAULT, NOW(), 9),
    (4, 485000, 2024, NOW(), 3, DEFAULT, NOW(), 9),
    (5, 685000, 2024, NOW(), 3, DEFAULT, NOW(), 9),
    (6, 756000, 2024, NOW(), 3, DEFAULT, NOW(), 9),
    (7, 965900, 2024, NOW(), 3, DEFAULT, NOW(), 9),
    (8, 1250000, 2024, NOW(), 3, DEFAULT, NOW(), 9),
    (9, 6560000, 2024, NOW(), 3, DEFAULT, NOW(), 9),
    (10, 828000, 2024, NOW(), 3, DEFAULT, NOW(), 9),
    (11, 750000, 2024, NOW(), 3, DEFAULT, NOW(), 9),
    (12, 580000, 2024, NOW(), 3, DEFAULT, NOW(), 9),
    -- 2023년 제품4
    (1, 463000, 2024, NOW(), 4, DEFAULT, NOW(), 9),
    (2, 753000, 2024, NOW(), 4, DEFAULT, NOW(), 9),
    (3, 860000, 2024, NOW(), 4, DEFAULT, NOW(), 9),
    (4, 560000, 2024, NOW(), 4, DEFAULT, NOW(), 9),
    (5, 865000, 2024, NOW(), 4, DEFAULT, NOW(), 9),
    (6, 346000, 2024, NOW(), 4, DEFAULT, NOW(), 9),
    (7, 865000, 2024, NOW(), 4, DEFAULT, NOW(), 9),
    (8, 659000, 2024, NOW(), 4, DEFAULT, NOW(), 9),
    (9, 865000, 2024, NOW(), 4, DEFAULT, NOW(), 9),
    (10, 855000, 2024, NOW(), 4, DEFAULT, NOW(), 9),
    (11, 360000, 2024, NOW(), 4, DEFAULT, NOW(), 9),
    (12, 380500, 2024, NOW(), 4, DEFAULT, NOW(), 9),
    -- 2023년 제품1
    (1, 643000, 2023, NOW(), 1, DEFAULT, NOW(), 9),
    (2, 346000, 2023, NOW(), 1, DEFAULT, NOW(), 9),
    (3, 643000, 2023, NOW(), 1, DEFAULT, NOW(), 9),
    (4, 347000, 2023, NOW(), 1, DEFAULT, NOW(), 9),
    (5, 545000, 2023, NOW(), 1, DEFAULT, NOW(), 9),
    (6, 775000, 2023, NOW(), 1, DEFAULT, NOW(), 9),
    (7, 947000, 2023, NOW(), 1, DEFAULT, NOW(), 9),
    (8, 1150000, 2023, NOW(), 1, DEFAULT, NOW(), 9),
    (9, 623000, 2023, NOW(), 1, DEFAULT, NOW(), 9),
    (10, 6430000, 2023, NOW(), 1, DEFAULT, NOW(), 9),
    (11, 865000, 2023, NOW(), 1, DEFAULT, NOW(), 9),
    (12, 363000, 2023, NOW(), 1, DEFAULT, NOW(), 9),
    -- 2023년 제품2
    (1, 976000, 2023, NOW(), 2, DEFAULT, NOW(), 9),
    (2, 757000, 2023, NOW(), 2, DEFAULT, NOW(), 9),
    (3, 965000, 2023, NOW(), 2, DEFAULT, NOW(), 9),
    (4, 568000, 2023, NOW(), 2, DEFAULT, NOW(), 9),
    (5, 865000, 2023, NOW(), 2, DEFAULT, NOW(), 9),
    (6, 685600, 2023, NOW(), 2, DEFAULT, NOW(), 9),
    (7, 865000, 2023, NOW(), 2, DEFAULT, NOW(), 9),
    (8, 568000, 2023, NOW(), 2, DEFAULT, NOW(), 9),
    (9, 685000, 2023, NOW(), 2, DEFAULT, NOW(), 9),
    (10, 236000, 2023, NOW(), 2, DEFAULT, NOW(), 9),
    (11, 754000, 2023, NOW(), 2, DEFAULT, NOW(), 9),
    (12, 230000, 2023, NOW(), 2, DEFAULT, NOW(), 9),
    -- 2023년 제품3
    (1, 754000, 2023, NOW(), 3, DEFAULT, NOW(), 9),
    (2, 457000, 2023, NOW(), 3, DEFAULT, NOW(), 9),
    (3, 754000, 2023, NOW(), 3, DEFAULT, NOW(), 9),
    (4, 358000, 2023, NOW(), 3, DEFAULT, NOW(), 9),
    (5, 754000, 2023, NOW(), 3, DEFAULT, NOW(), 9),
    (6, 854000, 2023, NOW(), 3, DEFAULT, NOW(), 9),
    (7, 745500, 2023, NOW(), 3, DEFAULT, NOW(), 9),
    (8, 437000, 2023, NOW(), 3, DEFAULT, NOW(), 9),
    (9, 657000, 2023, NOW(), 3, DEFAULT, NOW(), 9),
    (10, 750000, 2023, NOW(), 3, DEFAULT, NOW(), 9),
    (11, 757000, 2023, NOW(), 3, DEFAULT, NOW(), 9),
    (12, 568000, 2023, NOW(), 3, DEFAULT, NOW(), 9),
    -- 2023년 제품4
    (1, 757000, 2023, NOW(), 4, DEFAULT, NOW(), 9),
    (2, 645000, 2023, NOW(), 4, DEFAULT, NOW(), 9),
    (3, 524600, 2023, NOW(), 4, DEFAULT, NOW(), 9),
    (4, 876000, 2023, NOW(), 4, DEFAULT, NOW(), 9),
    (5, 976000, 2023, NOW(), 4, DEFAULT, NOW(), 9),
    (6, 679000, 2023, NOW(), 4, DEFAULT, NOW(), 9),
    (7, 979900, 2023, NOW(), 4, DEFAULT, NOW(), 9),
    (8, 1169000, 2023, NOW(), 4, DEFAULT, NOW(), 9),
    (9, 656700, 2023, NOW(), 4, DEFAULT, NOW(), 9),
    (10, 1297000, 2023, NOW(), 4, DEFAULT, NOW(), 9),
    (11, 757000, 2023, NOW(), 4, DEFAULT, NOW(), 9),
    (12, 897000, 2023, NOW(), 4, DEFAULT, NOW(), 9),
    -- 2022년 제품1
    (1, 400000, 2022, NOW(), 1, DEFAULT, NOW(), 9),
    (2, 600000, 2022, NOW(), 1, DEFAULT, NOW(), 9),
    (3, 140000, 2022, NOW(), 1, DEFAULT, NOW(), 9),
    (4, 400000, 2022, NOW(), 1, DEFAULT, NOW(), 9),
    (5, 500000, 2022, NOW(), 1, DEFAULT, NOW(), 9),
    (6, 700000, 2022, NOW(), 1, DEFAULT, NOW(), 9),
    (7, 900000, 2022, NOW(), 1, DEFAULT, NOW(), 9),
    (8, 1100000, 2022, NOW(), 1, DEFAULT, NOW(), 9),
    (9, 600000, 2022, NOW(), 1, DEFAULT, NOW(), 9),
    (10, 1200000, 2022, NOW(), 1, DEFAULT, NOW(), 9),
    (11, 700000, 2022, NOW(), 1, DEFAULT, NOW(), 9),
    (12, 800000, 2022, NOW(), 1, DEFAULT, NOW(), 9),
    -- 2022년 제품2
    (1, 532000, 2022, NOW(), 2, DEFAULT, NOW(), 9),
    (2, 643000, 2022, NOW(), 2, DEFAULT, NOW(), 9),
    (3, 675000, 2022, NOW(), 2, DEFAULT, NOW(), 9),
    (4, 754000, 2022, NOW(), 2, DEFAULT, NOW(), 9),
    (5, 977000, 2022, NOW(), 2, DEFAULT, NOW(), 9),
    (6, 569000, 2022, NOW(), 2, DEFAULT, NOW(), 9),
    (7, 556000, 2022, NOW(), 2, DEFAULT, NOW(), 9),
    (8, 965000, 2022, NOW(), 2, DEFAULT, NOW(), 9),
    (9, 942000, 2022, NOW(), 2, DEFAULT, NOW(), 9),
    (10, 583000, 2022, NOW(), 2, DEFAULT, NOW(), 9),
    (11, 958000, 2022, NOW(), 2, DEFAULT, NOW(), 9),
    (12, 838000, 2022, NOW(), 2, DEFAULT, NOW(), 9),
    -- 2022년 제품3
    (1, 958000, 2022, NOW(), 3, DEFAULT, NOW(), 9),
    (2, 964000, 2022, NOW(), 3, DEFAULT, NOW(), 9),
    (3, 609000, 2022, NOW(), 3, DEFAULT, NOW(), 9),
    (4, 394000, 2022, NOW(), 3, DEFAULT, NOW(), 9),
    (5, 534000, 2022, NOW(), 3, DEFAULT, NOW(), 9),
    (6, 693000, 2022, NOW(), 3, DEFAULT, NOW(), 9),
    (7, 532000, 2022, NOW(), 3, DEFAULT, NOW(), 9),
    (8, 4360000, 2022, NOW(), 3, DEFAULT, NOW(), 9),
    (9, 674000, 2022, NOW(), 3, DEFAULT, NOW(), 9),
    (10, 653000, 2022, NOW(), 3, DEFAULT, NOW(), 9),
    (11, 777000, 2022, NOW(), 3, DEFAULT, NOW(), 9),
    (12, 847000, 2022, NOW(), 3, DEFAULT, NOW(), 9),
    -- 2022년 제품4
    (1, 443000, 2022, NOW(), 4, DEFAULT, NOW(), 9),
    (2, 743000, 2022, NOW(), 4, DEFAULT, NOW(), 9),
    (3, 632000, 2022, NOW(), 4, DEFAULT, NOW(), 9),
    (4, 236000, 2022, NOW(), 4, DEFAULT, NOW(), 9),
    (5, 743000, 2022, NOW(), 4, DEFAULT, NOW(), 9),
    (6, 437000, 2022, NOW(), 4, DEFAULT, NOW(), 9),
    (7, 954000, 2022, NOW(), 4, DEFAULT, NOW(), 9),
    (8, 854000, 2022, NOW(), 4, DEFAULT, NOW(), 9),
    (9, 348000, 2022, NOW(), 4, DEFAULT, NOW(), 9),
    (10, 854000, 2022, NOW(), 4, DEFAULT, NOW(), 9),
    (11, 548000, 2022, NOW(), 4, DEFAULT, NOW(), 9),
    (12, 854000, 2022, NOW(), 4, DEFAULT, NOW(), 9);

-- (user = 10 : 2022 /2023/ 2024 데이터)
INSERT INTO tb_target_sale (month, month_target, year, created_at, product_no, target_sale_no, updated_at, user_no) VALUES
    -- 2024년 제품1
    (1, 532000, 2024, NOW(), 1, DEFAULT, NOW(), 10),
    (2, 642000, 2024, NOW(), 1, DEFAULT, NOW(), 10),
    (3, 1633000, 2024, NOW(), 1, DEFAULT, NOW(), 10),
    (4, 632000, 2024, NOW(), 1, DEFAULT, NOW(), 10),
    (5, 743000, 2024, NOW(), 1, DEFAULT, NOW(), 10),
    (6, 547000, 2024, NOW(), 1, DEFAULT, NOW(), 10),
    (7, 864000, 2024, NOW(), 1, DEFAULT, NOW(), 10),
    (8, 858000, 2024, NOW(), 1, DEFAULT, NOW(), 10),
    (9, 865000, 2024, NOW(), 1, DEFAULT, NOW(), 10),
    (10, 976000, 2024, NOW(), 1, DEFAULT, NOW(), 10),
    (11, 976000, 2024, NOW(), 1, DEFAULT, NOW(), 10),
    (12, 656000, 2024, NOW(), 1, DEFAULT, NOW(), 10),
    -- 2024년 제품2
    (1, 965000, 2024, NOW(), 2, DEFAULT, NOW(), 10),
    (2, 659000, 2024, NOW(), 2, DEFAULT, NOW(), 10),
    (3, 659000, 2024, NOW(), 2, DEFAULT, NOW(), 10),
    (4, 965000, 2024, NOW(), 2, DEFAULT, NOW(), 10),
    (5, 659000, 2024, NOW(), 2, DEFAULT, NOW(), 10),
    (6, 358000, 2024, NOW(), 2, DEFAULT, NOW(), 10),
    (7, 865000, 2024, NOW(), 2, DEFAULT, NOW(), 10),
    (8, 6850000, 2024, NOW(), 2, DEFAULT, NOW(), 10),
    (9, 695000, 2024, NOW(), 2, DEFAULT, NOW(), 10),
    (10, 8650000, 2024, NOW(), 2, DEFAULT, NOW(), 10),
    (11, 750000, 2024, NOW(), 2, DEFAULT, NOW(), 10),
    (12, 835000, 2024, NOW(), 2, DEFAULT, NOW(), 10),
    -- 2024년 제품3
    (1, 854000, 2024, NOW(), 3, DEFAULT, NOW(), 10),
    (2, 548000, 2024, NOW(), 3, DEFAULT, NOW(), 10),
    (3, 854000, 2024, NOW(), 3, DEFAULT, NOW(), 10),
    (4, 454000, 2024, NOW(), 3, DEFAULT, NOW(), 10),
    (5, 558000, 2024, NOW(), 3, DEFAULT, NOW(), 10),
    (6, 785000, 2024, NOW(), 3, DEFAULT, NOW(), 10),
    (7, 975000, 2024, NOW(), 3, DEFAULT, NOW(), 10),
    (8, 548000, 2024, NOW(), 3, DEFAULT, NOW(), 10),
    (9, 544000, 2024, NOW(), 3, DEFAULT, NOW(), 10),
    (10, 850000, 2024, NOW(), 3, DEFAULT, NOW(), 10),
    (11, 844000, 2024, NOW(), 3, DEFAULT, NOW(), 10),
    (12, 884000, 2024, NOW(), 3, DEFAULT, NOW(), 10),
    -- 2023년 제품4
    (1, 485000, 2024, NOW(), 4, DEFAULT, NOW(), 10),
    (2, 657000, 2024, NOW(), 4, DEFAULT, NOW(), 10),
    (3, 1547000, 2024, NOW(), 4, DEFAULT, NOW(), 10),
    (4, 475000, 2024, NOW(), 4, DEFAULT, NOW(), 10),
    (5, 455000, 2024, NOW(), 4, DEFAULT, NOW(), 10),
    (6, 845000, 2024, NOW(), 4, DEFAULT, NOW(), 10),
    (7, 975000, 2024, NOW(), 4, DEFAULT, NOW(), 10),
    (8, 854000, 2024, NOW(), 4, DEFAULT, NOW(), 10),
    (9, 445000, 2024, NOW(), 4, DEFAULT, NOW(), 10),
    (10, 850000, 2024, NOW(), 4, DEFAULT, NOW(), 10),
    (11, 855000, 2024, NOW(), 4, DEFAULT, NOW(), 10),
    (12, 854000, 2024, NOW(), 4, DEFAULT, NOW(), 10),
    -- 2023년 제품1
    (1, 458000, 2023, NOW(), 1, DEFAULT, NOW(), 10),
    (2, 845800, 2023, NOW(), 1, DEFAULT, NOW(), 10),
    (3, 1400000, 2023, NOW(), 1, DEFAULT, NOW(), 10),
    (4, 854000, 2023, NOW(), 1, DEFAULT, NOW(), 10),
    (5, 764000, 2023, NOW(), 1, DEFAULT, NOW(), 10),
    (6, 433000, 2023, NOW(), 1, DEFAULT, NOW(), 10),
    (7, 854000, 2023, NOW(), 1, DEFAULT, NOW(), 10),
    (8, 740000, 2023, NOW(), 1, DEFAULT, NOW(), 10),
    (9, 650000, 2023, NOW(), 1, DEFAULT, NOW(), 10),
    (10, 820000, 2023, NOW(), 1, DEFAULT, NOW(), 10),
    (11, 750000, 2023, NOW(), 1, DEFAULT, NOW(), 10),
    (12, 385000, 2023, NOW(), 1, DEFAULT, NOW(), 10),
    -- 2023년 제품2
    (1, 400000, 2023, NOW(), 2, DEFAULT, NOW(), 10),
    (2, 600000, 2023, NOW(), 2, DEFAULT, NOW(), 10),
    (3, 140000, 2023, NOW(), 2, DEFAULT, NOW(), 10),
    (4, 400000, 2023, NOW(), 2, DEFAULT, NOW(), 10),
    (5, 500000, 2023, NOW(), 2, DEFAULT, NOW(), 10),
    (6, 700000, 2023, NOW(), 2, DEFAULT, NOW(), 10),
    (7, 900000, 2023, NOW(), 2, DEFAULT, NOW(), 10),
    (8, 1100000, 2023, NOW(), 2, DEFAULT, NOW(), 10),
    (9, 600000, 2023, NOW(), 2, DEFAULT, NOW(), 10),
    (10, 1200000, 2023, NOW(), 2, DEFAULT, NOW(), 10),
    (11, 700000, 2023, NOW(), 2, DEFAULT, NOW(), 10),
    (12, 800000, 2023, NOW(), 2, DEFAULT, NOW(), 10),
    -- 2023년 제품3
    (1, 640000, 2023, NOW(), 3, DEFAULT, NOW(), 10),
    (2, 658000, 2023, NOW(), 3, DEFAULT, NOW(), 10),
    (3, 865000, 2023, NOW(), 3, DEFAULT, NOW(), 10),
    (4, 569000, 2023, NOW(), 3, DEFAULT, NOW(), 10),
    (5, 358000, 2023, NOW(), 3, DEFAULT, NOW(), 10),
    (6, 865000, 2023, NOW(), 3, DEFAULT, NOW(), 10),
    (7, 656000, 2023, NOW(), 3, DEFAULT, NOW(), 10),
    (8, 750000, 2023, NOW(), 3, DEFAULT, NOW(), 10),
    (9, 854000, 2023, NOW(), 3, DEFAULT, NOW(), 10),
    (10, 458000, 2023, NOW(), 3, DEFAULT, NOW(), 10),
    (11, 548000, 2023, NOW(), 3, DEFAULT, NOW(), 10),
    (12, 863000, 2023, NOW(), 3, DEFAULT, NOW(), 10),
    -- 2023년 제품4
    (1, 458000, 2023, NOW(), 4, DEFAULT, NOW(), 10),
    (2, 459000, 2023, NOW(), 4, DEFAULT, NOW(), 10),
    (3, 865000, 2023, NOW(), 4, DEFAULT, NOW(), 10),
    (4, 438000, 2023, NOW(), 4, DEFAULT, NOW(), 10),
    (5, 865000, 2023, NOW(), 4, DEFAULT, NOW(), 10),
    (6, 343800, 2023, NOW(), 4, DEFAULT, NOW(), 10),
    (7, 865000, 2023, NOW(), 4, DEFAULT, NOW(), 10),
    (8, 237000, 2023, NOW(), 4, DEFAULT, NOW(), 10),
    (9, 865000, 2023, NOW(), 4, DEFAULT, NOW(), 10),
    (10, 3480000, 2023, NOW(), 4, DEFAULT, NOW(), 10),
    (11, 765000, 2023, NOW(), 4, DEFAULT, NOW(), 10),
    (12, 860000, 2023, NOW(), 4, DEFAULT, NOW(), 10),
    -- 2022년 제품1
    (1, 400000, 2022, NOW(), 1, DEFAULT, NOW(), 10),
    (2, 600000, 2022, NOW(), 1, DEFAULT, NOW(), 10),
    (3, 140000, 2022, NOW(), 1, DEFAULT, NOW(), 10),
    (4, 400000, 2022, NOW(), 1, DEFAULT, NOW(), 10),
    (5, 500000, 2022, NOW(), 1, DEFAULT, NOW(), 10),
    (6, 700000, 2022, NOW(), 1, DEFAULT, NOW(), 10),
    (7, 900000, 2022, NOW(), 1, DEFAULT, NOW(), 10),
    (8, 1100000, 2022, NOW(), 1, DEFAULT, NOW(), 10),
    (9, 600000, 2022, NOW(), 1, DEFAULT, NOW(), 10),
    (10, 1200000, 2022, NOW(), 1, DEFAULT, NOW(), 10),
    (11, 700000, 2022, NOW(), 1, DEFAULT, NOW(), 10),
    (12, 800000, 2022, NOW(), 1, DEFAULT, NOW(), 10),
    -- 2022년 제품2
    (1, 327000, 2022, NOW(), 2, DEFAULT, NOW(), 10),
    (2, 754000, 2022, NOW(), 2, DEFAULT, NOW(), 10),
    (3, 427000, 2022, NOW(), 2, DEFAULT, NOW(), 10),
    (4, 854000, 2022, NOW(), 2, DEFAULT, NOW(), 10),
    (5, 854000, 2022, NOW(), 2, DEFAULT, NOW(), 10),
    (6, 458000, 2022, NOW(), 2, DEFAULT, NOW(), 10),
    (7, 657000, 2022, NOW(), 2, DEFAULT, NOW(), 10),
    (8, 860000, 2022, NOW(), 2, DEFAULT, NOW(), 10),
    (9, 656000, 2022, NOW(), 2, DEFAULT, NOW(), 10),
    (10, 960000, 2022, NOW(), 2, DEFAULT, NOW(), 10),
    (11, 560000, 2022, NOW(), 2, DEFAULT, NOW(), 10),
    (12, 650000, 2022, NOW(), 2, DEFAULT, NOW(), 10),
    -- 2022년 제품3
    (1, 659000, 2022, NOW(), 3, DEFAULT, NOW(), 10),
    (2, 569000, 2022, NOW(), 3, DEFAULT, NOW(), 10),
    (3, 776000, 2022, NOW(), 3, DEFAULT, NOW(), 10),
    (4, 496000, 2022, NOW(), 3, DEFAULT, NOW(), 10),
    (5, 659000, 2022, NOW(), 3, DEFAULT, NOW(), 10),
    (6, 569000, 2022, NOW(), 3, DEFAULT, NOW(), 10),
    (7, 956000, 2022, NOW(), 3, DEFAULT, NOW(), 10),
    (8, 569000, 2022, NOW(), 3, DEFAULT, NOW(), 10),
    (9, 674000, 2022, NOW(), 3, DEFAULT, NOW(), 10),
    (10, 1200000, 2022, NOW(), 3, DEFAULT, NOW(), 10),
    (11, 754000, 2022, NOW(), 3, DEFAULT, NOW(), 10),
    (12, 750000, 2022, NOW(), 3, DEFAULT, NOW(), 10),
    -- 2022년 제품4
    (1, 865000, 2022, NOW(), 4, DEFAULT, NOW(), 10),
    (2, 458000, 2022, NOW(), 4, DEFAULT, NOW(), 10),
    (3, 656000, 2022, NOW(), 4, DEFAULT, NOW(), 10),
    (4, 865000, 2022, NOW(), 4, DEFAULT, NOW(), 10),
    (5, 580000, 2022, NOW(), 4, DEFAULT, NOW(), 10),
    (6, 650000, 2022, NOW(), 4, DEFAULT, NOW(), 10),
    (7, 906000, 2022, NOW(), 4, DEFAULT, NOW(), 10),
    (8, 568000, 2022, NOW(), 4, DEFAULT, NOW(), 10),
    (9, 656300, 2022, NOW(), 4, DEFAULT, NOW(), 10),
    (10, 850000, 2022, NOW(), 4, DEFAULT, NOW(), 10),
    (11, 745000, 2022, NOW(), 4, DEFAULT, NOW(), 10),
    (12, 858000, 2022, NOW(), 4, DEFAULT, NOW(), 10);

-- (user = 11 : 2022 /2023/ 2024 데이터)
INSERT INTO tb_target_sale (month, month_target, year, created_at, product_no, target_sale_no, updated_at, user_no) VALUES
    -- 2024년 제품4
    (1, 400000, 2024, NOW(), 4, DEFAULT, NOW(), 11),
    (2, 600000, 2024, NOW(), 4, DEFAULT, NOW(), 11),
    (3, 140000, 2024, NOW(), 4, DEFAULT, NOW(), 11),
    (4, 400000, 2024, NOW(), 4, DEFAULT, NOW(), 11),
    (5, 500000, 2024, NOW(), 4, DEFAULT, NOW(), 11),
    (6, 700000, 2024, NOW(), 4, DEFAULT, NOW(), 11),
    (7, 900000, 2024, NOW(), 4, DEFAULT, NOW(), 11),
    (8, 1100000, 2024, NOW(), 4, DEFAULT, NOW(), 11),
    (9, 600000, 2024, NOW(), 4, DEFAULT, NOW(), 11),
    (10, 1200000, 2024, NOW(), 4, DEFAULT, NOW(), 11),
    (11, 700000, 2024, NOW(), 4, DEFAULT, NOW(), 11),
    (12, 800000, 2024, NOW(), 4, DEFAULT, NOW(), 11),
    -- 2024년 제품5
    (1, 545000, 2024, NOW(), 5, DEFAULT, NOW(), 11),
    (2, 458000, 2024, NOW(), 5, DEFAULT, NOW(), 11),
    (3, 745000, 2024, NOW(), 5, DEFAULT, NOW(), 11),
    (4, 450000, 2024, NOW(), 5, DEFAULT, NOW(), 11),
    (5, 555000, 2024, NOW(), 5, DEFAULT, NOW(), 11),
    (6, 458000, 2024, NOW(), 5, DEFAULT, NOW(), 11),
    (7, 458000, 2024, NOW(), 5, DEFAULT, NOW(), 11),
    (8, 754000, 2024, NOW(), 5, DEFAULT, NOW(), 11),
    (9, 458000, 2024, NOW(), 5, DEFAULT, NOW(), 11),
    (10, 4370000, 2024, NOW(), 5, DEFAULT, NOW(), 11),
    (11, 854000, 2024, NOW(), 5, DEFAULT, NOW(), 11),
    (12, 8500000, 2024, NOW(), 5, DEFAULT, NOW(), 11),
    -- 2024년 제품9
    (1, 458000, 2024, NOW(), 9, DEFAULT, NOW(), 11),
    (2, 854000, 2024, NOW(), 9, DEFAULT, NOW(), 11),
    (3, 547000, 2024, NOW(), 9, DEFAULT, NOW(), 11),
    (4, 540000, 2024, NOW(), 9, DEFAULT, NOW(), 11),
    (5, 850000, 2024, NOW(), 9, DEFAULT, NOW(), 11),
    (6, 754000, 2024, NOW(), 9, DEFAULT, NOW(), 11),
    (7, 754000, 2024, NOW(), 9, DEFAULT, NOW(), 11),
    (8, 770000, 2024, NOW(), 9, DEFAULT, NOW(), 11),
    (9, 640000, 2024, NOW(), 9, DEFAULT, NOW(), 11),
    (10, 1200000, 2024, NOW(), 9, DEFAULT, NOW(), 11),
    (11, 740000, 2024, NOW(), 9, DEFAULT, NOW(), 11),
    (12, 890000, 2024, NOW(), 9, DEFAULT, NOW(), 11),
    -- 2024년 제품 10
    (1, 530000, 2024, NOW(), 10, DEFAULT, NOW(), 11),
    (2, 650000, 2024, NOW(), 10, DEFAULT, NOW(), 11),
    (3, 230000, 2024, NOW(), 10, DEFAULT, NOW(), 11),
    (4, 643000, 2024, NOW(), 10, DEFAULT, NOW(), 11),
    (5, 754000, 2024, NOW(), 10, DEFAULT, NOW(), 11),
    (6, 542000, 2024, NOW(), 10, DEFAULT, NOW(), 11),
    (7, 754000, 2024, NOW(), 10, DEFAULT, NOW(), 11),
    (8, 865000, 2024, NOW(), 10, DEFAULT, NOW(), 11),
    (9, 965000, 2024, NOW(), 10, DEFAULT, NOW(), 11),
    (10, 357000, 2024, NOW(), 10, DEFAULT, NOW(), 11),
    (11, 8650000, 2024, NOW(), 10, DEFAULT, NOW(), 11),
    (12, 965000, 2024, NOW(), 10, DEFAULT, NOW(), 11),
    -- 2023년 제품4
    (1, 347000, 2023, NOW(), 4, DEFAULT, NOW(), 11),
    (2, 675000, 2023, NOW(), 4, DEFAULT, NOW(), 11),
    (3, 458000, 2023, NOW(), 4, DEFAULT, NOW(), 11),
    (4, 864000, 2023, NOW(), 4, DEFAULT, NOW(), 11),
    (5, 348000, 2023, NOW(), 4, DEFAULT, NOW(), 11),
    (6, 965000, 2023, NOW(), 4, DEFAULT, NOW(), 11),
    (7, 935000, 2023, NOW(), 4, DEFAULT, NOW(), 11),
    (8, 650000, 2023, NOW(), 4, DEFAULT, NOW(), 11),
    (9, 960000, 2023, NOW(), 4, DEFAULT, NOW(), 11),
    (10, 589000, 2023, NOW(), 4, DEFAULT, NOW(), 11),
    (11, 348000, 2023, NOW(), 4, DEFAULT, NOW(), 11),
    (12, 866000, 2023, NOW(), 4, DEFAULT, NOW(), 11),
    -- 2023년 제품5
    (1, 400000, 2023, NOW(), 5, DEFAULT, NOW(), 11),
    (2, 600000, 2023, NOW(), 5, DEFAULT, NOW(), 11),
    (3, 140000, 2023, NOW(), 5, DEFAULT, NOW(), 11),
    (4, 400000, 2023, NOW(), 5, DEFAULT, NOW(), 11),
    (5, 500000, 2023, NOW(), 5, DEFAULT, NOW(), 11),
    (6, 700000, 2023, NOW(), 5, DEFAULT, NOW(), 11),
    (7, 900000, 2023, NOW(), 5, DEFAULT, NOW(), 11),
    (8, 1100000, 2023, NOW(), 5, DEFAULT, NOW(), 11),
    (9, 600000, 2023, NOW(), 5, DEFAULT, NOW(), 11),
    (10, 1000000, 2023, NOW(), 5, DEFAULT, NOW(), 11),
    (11, 700000, 2023, NOW(), 5, DEFAULT, NOW(), 11),
    (12, 800000, 2023, NOW(), 5, DEFAULT, NOW(), 11),
    -- 2023년 제품9
    (1, 455000, 2023, NOW(), 9, DEFAULT, NOW(), 11),
    (2, 8640000, 2023, NOW(), 9, DEFAULT, NOW(), 11),
    (3, 963000, 2023, NOW(), 9, DEFAULT, NOW(), 11),
    (4, 659000, 2023, NOW(), 9, DEFAULT, NOW(), 11),
    (5, 535000, 2023, NOW(), 9, DEFAULT, NOW(), 11),
    (6, 965000, 2023, NOW(), 9, DEFAULT, NOW(), 11),
    (7, 358000, 2023, NOW(), 9, DEFAULT, NOW(), 11),
    (8, 960000, 2023, NOW(), 9, DEFAULT, NOW(), 11),
    (9, 670000, 2023, NOW(), 9, DEFAULT, NOW(), 11),
    (10, 760000, 2023, NOW(), 9, DEFAULT, NOW(), 11),
    (11, 976000, 2023, NOW(), 9, DEFAULT, NOW(), 11),
    (12, 569000, 2023, NOW(), 9, DEFAULT, NOW(), 11),
    -- 2023년 제품 10
    (1, 965000, 2023, NOW(), 10, DEFAULT, NOW(), 11),
    (2, 65300, 2023, NOW(), 10, DEFAULT, NOW(), 11),
    (3, 169000, 2023, NOW(), 10, DEFAULT, NOW(), 11),
    (4, 458000, 2023, NOW(), 10, DEFAULT, NOW(), 11),
    (5, 963000, 2023, NOW(), 10, DEFAULT, NOW(), 11),
    (6, 653000, 2023, NOW(), 10, DEFAULT, NOW(), 11),
    (7, 965000, 2023, NOW(), 10, DEFAULT, NOW(), 11),
    (8, 358000, 2023, NOW(), 10, DEFAULT, NOW(), 11),
    (9, 965000, 2023, NOW(), 10, DEFAULT, NOW(), 11),
    (10, 650000, 2023, NOW(), 10, DEFAULT, NOW(), 11),
    (11, 976000, 2023, NOW(), 10, DEFAULT, NOW(), 11),
    (12, 348000, 2023, NOW(), 10, DEFAULT, NOW(), 11),
    -- 2022년 제품4
    (1, 865000, 2022, NOW(), 4, DEFAULT, NOW(), 11),
    (2, 569000, 2022, NOW(), 4, DEFAULT, NOW(), 11),
    (3, 650000, 2022, NOW(), 4, DEFAULT, NOW(), 11),
    (4, 400000, 2022, NOW(), 4, DEFAULT, NOW(), 11),
    (5, 500000, 2022, NOW(), 4, DEFAULT, NOW(), 11),
    (6, 700000, 2022, NOW(), 4, DEFAULT, NOW(), 11),
    (7, 854000, 2022, NOW(), 4, DEFAULT, NOW(), 11),
    (8, 458000, 2022, NOW(), 4, DEFAULT, NOW(), 11),
    (9, 963000, 2022, NOW(), 4, DEFAULT, NOW(), 11),
    (10, 865000, 2022, NOW(), 4, DEFAULT, NOW(), 11),
    (11, 542000, 2022, NOW(), 4, DEFAULT, NOW(), 11),
    (12, 885000, 2022, NOW(), 4, DEFAULT, NOW(), 11),
    -- 2022년 제품5
    (1, 400000, 2022, NOW(), 5, DEFAULT, NOW(), 11),
    (2, 600000, 2022, NOW(), 5, DEFAULT, NOW(), 11),
    (3, 140000, 2022, NOW(), 5, DEFAULT, NOW(), 11),
    (4, 400000, 2022, NOW(), 5, DEFAULT, NOW(), 11),
    (5, 500000, 2022, NOW(), 5, DEFAULT, NOW(), 11),
    (6, 700000, 2022, NOW(), 5, DEFAULT, NOW(), 11),
    (7, 900000, 2022, NOW(), 5, DEFAULT, NOW(), 11),
    (8, 1100000, 2022, NOW(), 5, DEFAULT, NOW(), 11),
    (9, 600000, 2022, NOW(), 5, DEFAULT, NOW(), 11),
    (10, 1200000, 2022, NOW(), 5, DEFAULT, NOW(), 11),
    (11, 700000, 2022, NOW(), 5, DEFAULT, NOW(), 11),
    (12, 800000, 2022, NOW(), 5, DEFAULT, NOW(), 11),
    -- 2022년 제품9
    (1, 478000, 2022, NOW(), 9, DEFAULT, NOW(), 11),
    (2, 865000, 2022, NOW(), 9, DEFAULT, NOW(), 11),
    (3, 569900, 2022, NOW(), 9, DEFAULT, NOW(), 11),
    (4, 863000, 2022, NOW(), 9, DEFAULT, NOW(), 11),
    (5, 542000, 2022, NOW(), 9, DEFAULT, NOW(), 11),
    (6, 863000, 2022, NOW(), 9, DEFAULT, NOW(), 11),
    (7, 543000, 2022, NOW(), 9, DEFAULT, NOW(), 11),
    (8, 863000, 2022, NOW(), 9, DEFAULT, NOW(), 11),
    (9, 654000, 2022, NOW(), 9, DEFAULT, NOW(), 11),
    (10, 570000, 2022, NOW(), 9, DEFAULT, NOW(), 11),
    (11, 763000, 2022, NOW(), 9, DEFAULT, NOW(), 11),
    (12, 347000, 2022, NOW(), 9, DEFAULT, NOW(), 11),
    -- 2022년 제품 10
    (1, 458000, 2022, NOW(), 10, DEFAULT, NOW(), 11),
    (2, 854000, 2022, NOW(), 10, DEFAULT, NOW(), 11),
    (3, 145000, 2022, NOW(), 10, DEFAULT, NOW(), 11),
    (4, 865000, 2022, NOW(), 10, DEFAULT, NOW(), 11),
    (5, 424000, 2022, NOW(), 10, DEFAULT, NOW(), 11),
    (6, 700000, 2022, NOW(), 10, DEFAULT, NOW(), 11),
    (7, 940000, 2022, NOW(), 10, DEFAULT, NOW(), 11),
    (8, 740000, 2022, NOW(), 10, DEFAULT, NOW(), 11),
    (9, 650000, 2022, NOW(), 10, DEFAULT, NOW(), 11),
    (10, 1200000, 2022, NOW(), 10, DEFAULT, NOW(), 11),
    (11, 775000, 2022, NOW(), 10, DEFAULT, NOW(), 11),
    (12, 470000, 2022, NOW(), 10, DEFAULT, NOW(), 11);

-- (user = 12 : 2022 /2023/ 2024 데이터)
INSERT INTO tb_target_sale (month, month_target, year, created_at, product_no, target_sale_no, updated_at, user_no) VALUES
    -- 2024년 제품4
    (1, 400000, 2024, NOW(), 4, DEFAULT, NOW(), 12),
    (2, 600000, 2024, NOW(), 4, DEFAULT, NOW(), 12),
    (3, 140000, 2024, NOW(), 4, DEFAULT, NOW(), 12),
    (4, 400000, 2024, NOW(), 4, DEFAULT, NOW(), 12),
    (5, 500000, 2024, NOW(), 4, DEFAULT, NOW(), 12),
    (6, 700000, 2024, NOW(), 4, DEFAULT, NOW(), 12),
    (7, 900000, 2024, NOW(), 4, DEFAULT, NOW(), 12),
    (8, 1100000, 2024, NOW(), 4, DEFAULT, NOW(), 12),
    (9, 600000, 2024, NOW(), 4, DEFAULT, NOW(), 12),
    (10, 1000000, 2024, NOW(), 4, DEFAULT, NOW(), 12),
    (11, 700000, 2024, NOW(), 4, DEFAULT, NOW(), 12),
    (12, 800000, 2024, NOW(), 4, DEFAULT, NOW(), 12),
    -- 2024년 제품5
    (1, 433000, 2024, NOW(), 5, DEFAULT, NOW(), 12),
    (2, 437000, 2024, NOW(), 5, DEFAULT, NOW(), 12),
    (3, 863000, 2024, NOW(), 5, DEFAULT, NOW(), 12),
    (4, 865000, 2024, NOW(), 5, DEFAULT, NOW(), 12),
    (5, 475000, 2024, NOW(), 5, DEFAULT, NOW(), 12),
    (6, 457000, 2024, NOW(), 5, DEFAULT, NOW(), 12),
    (7, 865000, 2024, NOW(), 5, DEFAULT, NOW(), 12),
    (8, 650000, 2024, NOW(), 5, DEFAULT, NOW(), 12),
    (9, 865000, 2024, NOW(), 5, DEFAULT, NOW(), 12),
    (10, 560000, 2024, NOW(), 5, DEFAULT, NOW(), 12),
    (11, 786000, 2024, NOW(), 5, DEFAULT, NOW(), 12),
    (12, 563000, 2024, NOW(), 5, DEFAULT, NOW(), 12),
    -- 2024년 제품9
    (1, 865000, 2024, NOW(), 9, DEFAULT, NOW(), 12),
    (2, 658000, 2024, NOW(), 9, DEFAULT, NOW(), 12),
    (3, 865000, 2024, NOW(), 9, DEFAULT, NOW(), 12),
    (4, 864000, 2024, NOW(), 9, DEFAULT, NOW(), 12),
    (5, 547000, 2024, NOW(), 9, DEFAULT, NOW(), 12),
    (6, 658000, 2024, NOW(), 9, DEFAULT, NOW(), 12),
    (7, 965000, 2024, NOW(), 9, DEFAULT, NOW(), 12),
    (8, 560000, 2024, NOW(), 9, DEFAULT, NOW(), 12),
    (9, 865000, 2024, NOW(), 9, DEFAULT, NOW(), 12),
    (10, 653000, 2024, NOW(), 9, DEFAULT, NOW(), 12),
    (11, 700000, 2024, NOW(), 9, DEFAULT, NOW(), 12),
    (12, 643000, 2024, NOW(), 9, DEFAULT, NOW(), 12),
    -- 2024년 제품 10
    (1, 547000, 2024, NOW(), 10, DEFAULT, NOW(), 12),
    (2, 754000, 2024, NOW(), 10, DEFAULT, NOW(), 12),
    (3, 865800, 2024, NOW(), 10, DEFAULT, NOW(), 12),
    (4, 568000, 2024, NOW(), 10, DEFAULT, NOW(), 12),
    (5, 865000, 2024, NOW(), 10, DEFAULT, NOW(), 12),
    (6, 743000, 2024, NOW(), 10, DEFAULT, NOW(), 12),
    (7, 658000, 2024, NOW(), 10, DEFAULT, NOW(), 12),
    (8, 653000, 2024, NOW(), 10, DEFAULT, NOW(), 12),
    (9, 750000, 2024, NOW(), 10, DEFAULT, NOW(), 12),
    (10, 154000, 2024, NOW(), 10, DEFAULT, NOW(), 12),
    (11, 64300, 2024, NOW(), 10, DEFAULT, NOW(), 12),
    (12, 34600, 2024, NOW(), 10, DEFAULT, NOW(), 12),
    -- 2023년 제품4
    (1, 643000, 2023, NOW(), 4, DEFAULT, NOW(), 12),
    (2, 126400, 2023, NOW(), 4, DEFAULT, NOW(), 12),
    (3, 347000, 2023, NOW(), 4, DEFAULT, NOW(), 12),
    (4, 860000, 2023, NOW(), 4, DEFAULT, NOW(), 12),
    (5, 560000, 2023, NOW(), 4, DEFAULT, NOW(), 12),
    (6, 730000, 2023, NOW(), 4, DEFAULT, NOW(), 12),
    (7, 754000, 2023, NOW(), 4, DEFAULT, NOW(), 12),
    (8, 1457000, 2023, NOW(), 4, DEFAULT, NOW(), 12),
    (9, 976000, 2023, NOW(), 4, DEFAULT, NOW(), 12),
    (10, 670000, 2023, NOW(), 4, DEFAULT, NOW(), 12),
    (11, 976000, 2023, NOW(), 4, DEFAULT, NOW(), 12),
    (12, 670000, 2023, NOW(), 4, DEFAULT, NOW(), 12),
    -- 2023년 제품5
    (1, 400000, 2023, NOW(), 5, DEFAULT, NOW(), 12),
    (2, 600000, 2023, NOW(), 5, DEFAULT, NOW(), 12),
    (3, 140000, 2023, NOW(), 5, DEFAULT, NOW(), 12),
    (4, 400000, 2023, NOW(), 5, DEFAULT, NOW(), 12),
    (5, 500000, 2023, NOW(), 5, DEFAULT, NOW(), 12),
    (6, 700000, 2023, NOW(), 5, DEFAULT, NOW(), 12),
    (7, 900000, 2023, NOW(), 5, DEFAULT, NOW(), 12),
    (8, 1100000, 2023, NOW(), 5, DEFAULT, NOW(), 12),
    (9, 600000, 2023, NOW(), 5, DEFAULT, NOW(), 12),
    (10, 1000000, 2023, NOW(), 5, DEFAULT, NOW(), 12),
    (11, 700000, 2023, NOW(), 5, DEFAULT, NOW(), 12),
    (12, 800000, 2023, NOW(), 5, DEFAULT, NOW(), 12),
    -- 2023년 제품9
    (1, 976000, 2023, NOW(), 9, DEFAULT, NOW(), 12),
    (2, 4760000, 2023, NOW(), 9, DEFAULT, NOW(), 12),
    (3, 976000, 2023, NOW(), 9, DEFAULT, NOW(), 12),
    (4, 458000, 2023, NOW(), 9, DEFAULT, NOW(), 12),
    (5, 643000, 2023, NOW(), 9, DEFAULT, NOW(), 12),
    (6, 769000, 2023, NOW(), 9, DEFAULT, NOW(), 12),
    (7, 769000, 2023, NOW(), 9, DEFAULT, NOW(), 12),
    (8, 445000, 2023, NOW(), 9, DEFAULT, NOW(), 12),
    (9, 865000, 2023, NOW(), 9, DEFAULT, NOW(), 12),
    (10, 340000, 2023, NOW(), 9, DEFAULT, NOW(), 12),
    (11, 653000, 2023, NOW(), 9, DEFAULT, NOW(), 12),
    (12, 865000, 2023, NOW(), 9, DEFAULT, NOW(), 12),
    -- 2023년 제품 10
    (1, 568000, 2023, NOW(), 10, DEFAULT, NOW(), 12),
    (2, 347000, 2023, NOW(), 10, DEFAULT, NOW(), 12),
    (3, 865000, 2023, NOW(), 10, DEFAULT, NOW(), 12),
    (4, 450000, 2023, NOW(), 10, DEFAULT, NOW(), 12),
    (5, 865000, 2023, NOW(), 10, DEFAULT, NOW(), 12),
    (6, 765800, 2023, NOW(), 10, DEFAULT, NOW(), 12),
    (7, 865000, 2023, NOW(), 10, DEFAULT, NOW(), 12),
    (8, 1340000, 2023, NOW(), 10, DEFAULT, NOW(), 12),
    (9, 675000, 2023, NOW(), 10, DEFAULT, NOW(), 12),
    (10, 230000, 2023, NOW(), 10, DEFAULT, NOW(), 12),
    (11, 540000, 2023, NOW(), 10, DEFAULT, NOW(), 12),
    (12, 865000, 2023, NOW(), 10, DEFAULT, NOW(), 12),
    -- 2022년 제품4
    (1, 568000, 2022, NOW(), 4, DEFAULT, NOW(), 12),
    (2, 865000, 2022, NOW(), 4, DEFAULT, NOW(), 12),
    (3, 568000, 2022, NOW(), 4, DEFAULT, NOW(), 12),
    (4, 568000, 2022, NOW(), 4, DEFAULT, NOW(), 12),
    (5, 658000, 2022, NOW(), 4, DEFAULT, NOW(), 12),
    (6, 568000, 2022, NOW(), 4, DEFAULT, NOW(), 12),
    (7, 865000, 2022, NOW(), 4, DEFAULT, NOW(), 12),
    (8, 568000, 2022, NOW(), 4, DEFAULT, NOW(), 12),
    (9, 865000, 2022, NOW(), 4, DEFAULT, NOW(), 12),
    (10, 569000, 2022, NOW(), 4, DEFAULT, NOW(), 12),
    (11, 569000, 2022, NOW(), 4, DEFAULT, NOW(), 12),
    (12, 563000, 2022, NOW(), 4, DEFAULT, NOW(), 12),
    -- 2022년 제품5
    (1, 400000, 2022, NOW(), 5, DEFAULT, NOW(), 12),
    (2, 600000, 2022, NOW(), 5, DEFAULT, NOW(), 12),
    (3, 140000, 2022, NOW(), 5, DEFAULT, NOW(), 12),
    (4, 400000, 2022, NOW(), 5, DEFAULT, NOW(), 12),
    (5, 500000, 2022, NOW(), 5, DEFAULT, NOW(), 12),
    (6, 700000, 2022, NOW(), 5, DEFAULT, NOW(), 12),
    (7, 900000, 2022, NOW(), 5, DEFAULT, NOW(), 12),
    (8, 1100000, 2022, NOW(), 5, DEFAULT, NOW(), 12),
    (9, 600000, 2022, NOW(), 5, DEFAULT, NOW(), 12),
    (10, 1200000, 2022, NOW(), 5, DEFAULT, NOW(), 12),
    (11, 700000, 2022, NOW(), 5, DEFAULT, NOW(), 12),
    (12, 800000, 2022, NOW(), 5, DEFAULT, NOW(), 12),
    -- 2022년 제품9
    (1, 754000, 2022, NOW(), 9, DEFAULT, NOW(), 12),
    (2, 623000, 2022, NOW(), 9, DEFAULT, NOW(), 12),
    (3, 754000, 2022, NOW(), 9, DEFAULT, NOW(), 12),
    (4, 490000, 2022, NOW(), 9, DEFAULT, NOW(), 12),
    (5, 534600, 2022, NOW(), 9, DEFAULT, NOW(), 12),
    (6, 764000, 2022, NOW(), 9, DEFAULT, NOW(), 12),
    (7, 654000, 2022, NOW(), 9, DEFAULT, NOW(), 12),
    (8, 236000, 2022, NOW(), 9, DEFAULT, NOW(), 12),
    (9, 542000, 2022, NOW(), 9, DEFAULT, NOW(), 12),
    (10, 1540000, 2022, NOW(), 9, DEFAULT, NOW(), 12),
    (11, 754000, 2022, NOW(), 9, DEFAULT, NOW(), 12),
    (12, 347000, 2022, NOW(), 9, DEFAULT, NOW(), 12),
    -- 2022년 제품 10
    (1, 437000, 2022, NOW(), 10, DEFAULT, NOW(), 12),
    (2, 865000, 2022, NOW(), 10, DEFAULT, NOW(), 12),
    (3, 367000, 2022, NOW(), 10, DEFAULT, NOW(), 12),
    (4, 854000, 2022, NOW(), 10, DEFAULT, NOW(), 12),
    (5, 437000, 2022, NOW(), 10, DEFAULT, NOW(), 12),
    (6, 765000, 2022, NOW(), 10, DEFAULT, NOW(), 12),
    (7, 945000, 2022, NOW(), 10, DEFAULT, NOW(), 12),
    (8, 854000, 2022, NOW(), 10, DEFAULT, NOW(), 12),
    (9, 600000, 2022, NOW(), 10, DEFAULT, NOW(), 12),
    (10, 750000, 2022, NOW(), 10, DEFAULT, NOW(), 12),
    (11, 740000, 2022, NOW(), 10, DEFAULT, NOW(), 12),
    (12, 250000, 2022, NOW(), 10, DEFAULT, NOW(), 12);

-- (user = 13 : 2022 /2023/ 2024 데이터)
INSERT INTO tb_target_sale (month, month_target, year, created_at, product_no, target_sale_no, updated_at, user_no) VALUES
    -- 2024년 제품4
    (1, 643000, 2024, NOW(), 4, DEFAULT, NOW(), 13),
    (2, 436000, 2024, NOW(), 4, DEFAULT, NOW(), 13),
    (3, 754000, 2024, NOW(), 4, DEFAULT, NOW(), 13),
    (4, 457000, 2024, NOW(), 4, DEFAULT, NOW(), 13),
    (5, 754000, 2024, NOW(), 4, DEFAULT, NOW(), 13),
    (6, 568000, 2024, NOW(), 4, DEFAULT, NOW(), 13),
    (7, 658000, 2024, NOW(), 4, DEFAULT, NOW(), 13),
    (8, 560000, 2024, NOW(), 4, DEFAULT, NOW(), 13),
    (9, 860000, 2024, NOW(), 4, DEFAULT, NOW(), 13),
    (10, 670000, 2024, NOW(), 4, DEFAULT, NOW(), 13),
    (11, 987000, 2024, NOW(), 4, DEFAULT, NOW(), 13),
    (12, 856000, 2024, NOW(), 4, DEFAULT, NOW(), 13),
    -- 2024년 제품5
    (1, 400000, 2024, NOW(), 5, DEFAULT, NOW(), 13),
    (2, 600000, 2024, NOW(), 5, DEFAULT, NOW(), 13),
    (3, 140000, 2024, NOW(), 5, DEFAULT, NOW(), 13),
    (4, 400000, 2024, NOW(), 5, DEFAULT, NOW(), 13),
    (5, 500000, 2024, NOW(), 5, DEFAULT, NOW(), 13),
    (6, 700000, 2024, NOW(), 5, DEFAULT, NOW(), 13),
    (7, 900000, 2024, NOW(), 5, DEFAULT, NOW(), 13),
    (8, 1100000, 2024, NOW(), 5, DEFAULT, NOW(), 13),
    (9, 600000, 2024, NOW(), 5, DEFAULT, NOW(), 13),
    (10, 1200000, 2024, NOW(), 5, DEFAULT, NOW(), 13),
    (11, 700000, 2024, NOW(), 5, DEFAULT, NOW(), 13),
    (12, 800000, 2024, NOW(), 5, DEFAULT, NOW(), 13),
    -- 2024년 제품9
    (1, 700000, 2024, NOW(), 9, DEFAULT, NOW(), 13),
    (2, 680000, 2024, NOW(), 9, DEFAULT, NOW(), 13),
    (3, 140000, 2024, NOW(), 9, DEFAULT, NOW(), 13),
    (4, 4600000, 2024, NOW(), 9, DEFAULT, NOW(), 13),
    (5, 860000, 2024, NOW(), 9, DEFAULT, NOW(), 13),
    (6, 750000, 2024, NOW(), 9, DEFAULT, NOW(), 13),
    (7, 960000, 2024, NOW(), 9, DEFAULT, NOW(), 13),
    (8, 600000, 2024, NOW(), 9, DEFAULT, NOW(), 13),
    (9, 8600000, 2024, NOW(), 9, DEFAULT, NOW(), 13),
    (10, 156000, 2024, NOW(), 9, DEFAULT, NOW(), 13),
    (11, 860000, 2024, NOW(), 9, DEFAULT, NOW(), 13),
    (12, 450000, 2024, NOW(), 9, DEFAULT, NOW(), 13),
    -- 2024년 제품 10
    (1, 434000, 2024, NOW(), 10, DEFAULT, NOW(), 13),
    (2, 865000, 2024, NOW(), 10, DEFAULT, NOW(), 13),
    (3, 436000, 2024, NOW(), 10, DEFAULT, NOW(), 13),
    (4, 865000, 2024, NOW(), 10, DEFAULT, NOW(), 13),
    (5, 347000, 2024, NOW(), 10, DEFAULT, NOW(), 13),
    (6, 865000, 2024, NOW(), 10, DEFAULT, NOW(), 13),
    (7, 347000, 2024, NOW(), 10, DEFAULT, NOW(), 13),
    (8, 680000, 2024, NOW(), 10, DEFAULT, NOW(), 13),
    (9, 976000, 2024, NOW(), 10, DEFAULT, NOW(), 13),
    (10, 500000, 2024, NOW(), 10, DEFAULT, NOW(), 13),
    (11, 760000, 2024, NOW(), 10, DEFAULT, NOW(), 13),
    (12, 856000, 2024, NOW(), 10, DEFAULT, NOW(), 13),
    -- 2023년 제품4
    (1, 457000, 2023, NOW(), 4, DEFAULT, NOW(), 13),
    (2, 976000, 2023, NOW(), 4, DEFAULT, NOW(), 13),
    (3, 340000, 2023, NOW(), 4, DEFAULT, NOW(), 13),
    (4, 460000, 2023, NOW(), 4, DEFAULT, NOW(), 13),
    (5, 965000, 2023, NOW(), 4, DEFAULT, NOW(), 13),
    (6, 569000, 2023, NOW(), 4, DEFAULT, NOW(), 13),
    (7, 865000, 2023, NOW(), 4, DEFAULT, NOW(), 13),
    (8, 170000, 2023, NOW(), 4, DEFAULT, NOW(), 13),
    (9, 655000, 2023, NOW(), 4, DEFAULT, NOW(), 13),
    (10, 670000, 2023, NOW(), 4, DEFAULT, NOW(), 13),
    (11, 976000, 2023, NOW(), 4, DEFAULT, NOW(), 13),
    (12, 658000, 2023, NOW(), 4, DEFAULT, NOW(), 13),
    -- 2023년 제품5
    (1, 400000, 2023, NOW(), 5, DEFAULT, NOW(), 13),
    (2, 600000, 2023, NOW(), 5, DEFAULT, NOW(), 13),
    (3, 140000, 2023, NOW(), 5, DEFAULT, NOW(), 13),
    (4, 400000, 2023, NOW(), 5, DEFAULT, NOW(), 13),
    (5, 500000, 2023, NOW(), 5, DEFAULT, NOW(), 13),
    (6, 700000, 2023, NOW(), 5, DEFAULT, NOW(), 13),
    (7, 900000, 2023, NOW(), 5, DEFAULT, NOW(), 13),
    (8, 1100000, 2023, NOW(), 5, DEFAULT, NOW(), 13),
    (9, 600000, 2023, NOW(), 5, DEFAULT, NOW(), 13),
    (10, 1200000, 2023, NOW(), 5, DEFAULT, NOW(), 13),
    (11, 700000, 2023, NOW(), 5, DEFAULT, NOW(), 13),
    (12, 800000, 2023, NOW(), 5, DEFAULT, NOW(), 13),
    -- 2023년 제품9
    (1, 532000, 2023, NOW(), 9, DEFAULT, NOW(), 13),
    (2, 547000, 2023, NOW(), 9, DEFAULT, NOW(), 13),
    (3, 754000, 2023, NOW(), 9, DEFAULT, NOW(), 13),
    (4, 443000, 2023, NOW(), 9, DEFAULT, NOW(), 13),
    (5, 586000, 2023, NOW(), 9, DEFAULT, NOW(), 13),
    (6, 863000, 2023, NOW(), 9, DEFAULT, NOW(), 13),
    (7, 485000, 2023, NOW(), 9, DEFAULT, NOW(), 13),
    (8, 658000, 2023, NOW(), 9, DEFAULT, NOW(), 13),
    (9, 765000, 2023, NOW(), 9, DEFAULT, NOW(), 13),
    (10, 458000, 2023, NOW(), 9, DEFAULT, NOW(), 13),
    (11, 765000, 2023, NOW(), 9, DEFAULT, NOW(), 13),
    (12, 865000, 2023, NOW(), 9, DEFAULT, NOW(), 13),
    -- 2023년 제품 10
    (1, 458000, 2023, NOW(), 10, DEFAULT, NOW(), 13),
    (2, 654000, 2023, NOW(), 10, DEFAULT, NOW(), 13),
    (3, 586000, 2023, NOW(), 10, DEFAULT, NOW(), 13),
    (4, 650000, 2023, NOW(), 10, DEFAULT, NOW(), 13),
    (5, 500000, 2023, NOW(), 10, DEFAULT, NOW(), 13),
    (6, 730000, 2023, NOW(), 10, DEFAULT, NOW(), 13),
    (7, 950000, 2023, NOW(), 10, DEFAULT, NOW(), 13),
    (8, 250000, 2023, NOW(), 10, DEFAULT, NOW(), 13),
    (9, 600000, 2023, NOW(), 10, DEFAULT, NOW(), 13),
    (10, 530000, 2023, NOW(), 10, DEFAULT, NOW(), 13),
    (11, 540000, 2023, NOW(), 10, DEFAULT, NOW(), 13),
    (12, 750000, 2023, NOW(), 10, DEFAULT, NOW(), 13),
    -- 2022년 제품4
    (1, 400000, 2022, NOW(), 4, DEFAULT, NOW(), 13),
    (2, 600000, 2022, NOW(), 4, DEFAULT, NOW(), 13),
    (3, 140000, 2022, NOW(), 4, DEFAULT, NOW(), 13),
    (4, 400000, 2022, NOW(), 4, DEFAULT, NOW(), 13),
    (5, 500000, 2022, NOW(), 4, DEFAULT, NOW(), 13),
    (6, 700000, 2022, NOW(), 4, DEFAULT, NOW(), 13),
    (7, 900000, 2022, NOW(), 4, DEFAULT, NOW(), 13),
    (8, 1100000, 2022, NOW(), 4, DEFAULT, NOW(), 13),
    (9, 600000, 2022, NOW(), 4, DEFAULT, NOW(), 13),
    (10, 1200000, 2022, NOW(), 4, DEFAULT, NOW(), 13),
    (11, 700000, 2022, NOW(), 4, DEFAULT, NOW(), 13),
    (12, 800000, 2022, NOW(), 4, DEFAULT, NOW(), 13),
    -- 2022년 제품5
    (1, 568000, 2022, NOW(), 5, DEFAULT, NOW(), 13),
    (2, 670000, 2022, NOW(), 5, DEFAULT, NOW(), 13),
    (3, 196000, 2022, NOW(), 5, DEFAULT, NOW(), 13),
    (4, 458000, 2022, NOW(), 5, DEFAULT, NOW(), 13),
    (5, 976000, 2022, NOW(), 5, DEFAULT, NOW(), 13),
    (6, 548000, 2022, NOW(), 5, DEFAULT, NOW(), 13),
    (7, 865000, 2022, NOW(), 5, DEFAULT, NOW(), 13),
    (8, 347000, 2022, NOW(), 5, DEFAULT, NOW(), 13),
    (9, 976000, 2022, NOW(), 5, DEFAULT, NOW(), 13),
    (10, 583000, 2022, NOW(), 5, DEFAULT, NOW(), 13),
    (11, 754000, 2022, NOW(), 5, DEFAULT, NOW(), 13),
    (12, 548000, 2022, NOW(), 5, DEFAULT, NOW(), 13),
    -- 2022년 제품9
    (1, 457000, 2022, NOW(), 9, DEFAULT, NOW(), 13),
    (2, 754000, 2022, NOW(), 9, DEFAULT, NOW(), 13),
    (3, 548000, 2022, NOW(), 9, DEFAULT, NOW(), 13),
    (4, 865000, 2022, NOW(), 9, DEFAULT, NOW(), 13),
    (5, 458000, 2022, NOW(), 9, DEFAULT, NOW(), 13),
    (6, 865000, 2022, NOW(), 9, DEFAULT, NOW(), 13),
    (7, 458000, 2022, NOW(), 9, DEFAULT, NOW(), 13),
    (8, 754000, 2022, NOW(), 9, DEFAULT, NOW(), 13),
    (9, 865000, 2022, NOW(), 9, DEFAULT, NOW(), 13),
    (10, 4580000, 2022, NOW(), 9, DEFAULT, NOW(), 13),
    (11, 347000, 2022, NOW(), 9, DEFAULT, NOW(), 13),
    (12, 658000, 2022, NOW(), 9, DEFAULT, NOW(), 13),
    -- 2022년 제품 10
    (1, 236000, 2022, NOW(), 10, DEFAULT, NOW(), 13),
    (2, 754000, 2022, NOW(), 10, DEFAULT, NOW(), 13),
    (3, 364000, 2022, NOW(), 10, DEFAULT, NOW(), 13),
    (4, 457000, 2022, NOW(), 10, DEFAULT, NOW(), 13),
    (5, 753000, 2022, NOW(), 10, DEFAULT, NOW(), 13),
    (6, 457000, 2022, NOW(), 10, DEFAULT, NOW(), 13),
    (7, 754000, 2022, NOW(), 10, DEFAULT, NOW(), 13),
    (8, 474000, 2022, NOW(), 10, DEFAULT, NOW(), 13),
    (9, 845000, 2022, NOW(), 10, DEFAULT, NOW(), 13),
    (10, 450000, 2022, NOW(), 10, DEFAULT, NOW(), 13),
    (11, 754000, 2022, NOW(), 10, DEFAULT, NOW(), 13),
    (12, 457000, 2022, NOW(), 10, DEFAULT, NOW(), 13);