INSERT INTO `tb_department` (dept_no, dept_code,dept_name,eng_name,created_at,updated_at, is_deleted)
SELECT 1,'SALES-001','영업부','dept_sales',now(),now(), false
WHERE NOT EXISTS (SELECT 1 FROM tb_department WHERE dept_no = 1);

INSERT INTO `tb_department` (dept_no, dept_code,dept_name,eng_name,created_at,updated_at, is_deleted)
SELECT 2,'SS-001','영업 지원부','dept_sales_support',now(),now(), false
WHERE NOT EXISTS (SELECT 2 FROM tb_department WHERE dept_no = 2);

INSERT INTO `tb_department` (dept_no, dept_code,dept_name,eng_name,created_at,updated_at, parent_id, is_deleted)
SELECT 3,'SALES-002','영업 1팀','dept_sales_1',now(),now(), 1, false
WHERE NOT EXISTS (SELECT 1 FROM tb_department WHERE dept_no = 3);

INSERT INTO `tb_department` (dept_no, dept_code,dept_name,eng_name,created_at,updated_at, parent_id, is_deleted)
SELECT 4,'SALES-003','영업 2팀','dept_sales_2',now(),now(), 1, false
WHERE NOT EXISTS (SELECT 1 FROM tb_department WHERE dept_no = 4);


-- >>>>>>>>>>>> 유저 <<<<<<<<<<<<<<
-- (비번은 1234로 통일 )

-- 관리자
INSERT INTO `tb_user` (user_no,name,email,password,employee_id,dept_id,role,created_at,updated_at,join_date,profile_url)
SELECT 1,'관리자','admin@naver.com','$2a$10$NQ5nj6.3UnFxec0idKxma.pn2mq5L5qIjouO4oueMRzjH/5tPX84e','20200711002',1,'ADMIN',now(),now(),now(),'https://s3.ap-northeast-2.amazonaws.com/salesboost-image/static/profile/cc3d78d8-3bc4-4c73-bff6-cf69b3bebbe5.jpg'
WHERE NOT EXISTS (SELECT 1 FROM tb_user WHERE email = 'admin@naver.com');

-- 테스트
INSERT INTO `tb_user` (user_no,name,email,password,employee_id,dept_id,role,created_at,updated_at,join_date,profile_url)
SELECT 14,'테스트','test@naver.com','$2a$10$NQ5nj6.3UnFxec0idKxma.pn2mq5L5qIjouO4oueMRzjH/5tPX84e','20230911001',1,'USER',now(),now(),now(),'https://s3.ap-northeast-2.amazonaws.com/salesboost-image/static/profile/3a4bff9e-7e94-4cc4-876b-c19068850269.png'
WHERE NOT EXISTS (SELECT 1 FROM tb_user WHERE email = 'test@naver.com');

-- 삼다수
INSERT INTO `tb_user` (user_no,name,email,password,employee_id,dept_id,role,created_at,updated_at,join_date,profile_url)
SELECT 15,'삼다수','samdasoo@naver.com','$2a$10$NQ5nj6.3UnFxec0idKxma.pn2mq5L5qIjouO4oueMRzjH/5tPX84e','20221011005',1,'USER',now(),now(),now(),'https://salesboost-image.s3.ap-northeast-2.amazonaws.com/static/profile/3a4bff9e-7e94-4cc4-876b-c19068850269.png'
WHERE NOT EXISTS (SELECT 1 FROM tb_user WHERE email = 'samdasoo@naver.com');

-- 영업부 (dept_id = 1)
INSERT INTO `tb_user` (user_no, name, email, password, employee_id, dept_id, role, created_at, updated_at, join_date, profile_url)
SELECT 2, '김영수', 'youngsu@company.com', '$2a$10$NQ5nj6.3UnFxec0idKxma.pn2mq5L5qIjouO4oueMRzjH/5tPX84e', '20241011001', 1, 'USER', now(), now(), now(),null
WHERE NOT EXISTS (SELECT 1 FROM tb_user WHERE email = 'youngsu@company.com');

INSERT INTO `tb_user` (user_no, name, email, password, employee_id, dept_id, role, created_at, updated_at, join_date, profile_url)
SELECT 3, '이민호', 'minho@company.com', '$2a$10$NQ5nj6.3UnFxec0idKxma.pn2mq5L5qIjouO4oueMRzjH/5tPX84e', '20241011002', 1, 'USER', now(), now(), now(), null
WHERE NOT EXISTS (SELECT 1 FROM tb_user WHERE email = 'minho@company.com');

INSERT INTO `tb_user` (user_no, name, email, password, employee_id, dept_id, role, created_at, updated_at, join_date, profile_url)
SELECT 4, '박은영', 'eunyoung@company.com', '$2a$10$NQ5nj6.3UnFxec0idKxma.pn2mq5L5qIjouO4oueMRzjH/5tPX84e', '20241011003', 1, 'USER', now(), now(), now(), null
WHERE NOT EXISTS (SELECT 1 FROM tb_user WHERE email = 'eunyoung@company.com');

-- 영업 지원부 (dept_id = 2)
INSERT INTO `tb_user` (user_no, name, email, password, employee_id, dept_id, role, created_at, updated_at, join_date, profile_url)
SELECT 5, '최수현', 'soohyun@company.com', '$2a$10$NQ5nj6.3UnFxec0idKxma.pn2mq5L5qIjouO4oueMRzjH/5tPX84e', '20241011004', 2, 'USER', now(), now(), now(), null
WHERE NOT EXISTS (SELECT 1 FROM tb_user WHERE email = 'soohyun@company.com');

INSERT INTO `tb_user` (user_no, name, email, password, employee_id, dept_id, role, created_at, updated_at, join_date, profile_url)
SELECT 6, '홍길동', 'gildong@company.com', '$2a$10$NQ5nj6.3UnFxec0idKxma.pn2mq5L5qIjouO4oueMRzjH/5tPX84e', '20241011005', 2, 'USER', now(), now(), now(), null
WHERE NOT EXISTS (SELECT 1 FROM tb_user WHERE email = 'gildong@company.com');

INSERT INTO `tb_user` (user_no, name, email, password, employee_id, dept_id, role, created_at, updated_at, join_date, profile_url)
SELECT 7, '강호진', 'hojin@company.com', '$2a$10$NQ5nj6.3UnFxec0idKxma.pn2mq5L5qIjouO4oueMRzjH/5tPX84e', '20241011006', 2, 'USER', now(), now(), now(), null
WHERE NOT EXISTS (SELECT 1 FROM tb_user WHERE email = 'hojin@company.com');

-- 영업 1팀 (dept_id = 3)
INSERT INTO `tb_user` (user_no, name, email, password, employee_id, dept_id, role, created_at, updated_at, join_date, profile_url)
SELECT 8, '박지훈', 'jihun@company.com', '$2a$10$NQ5nj6.3UnFxec0idKxma.pn2mq5L5qIjouO4oueMRzjH/5tPX84e', '20241011007', 3, 'USER', now(), now(), now(), null
WHERE NOT EXISTS (SELECT 1 FROM tb_user WHERE email = 'jihun@company.com');

INSERT INTO `tb_user` (user_no, name, email, password, employee_id, dept_id, role, created_at, updated_at, join_date, profile_url)
SELECT 9, '윤서현', 'seohyun@company.com', '$2a$10$NQ5nj6.3UnFxec0idKxma.pn2mq5L5qIjouO4oueMRzjH/5tPX84e', '20241011008', 3, 'USER', now(), now(), now(), null
WHERE NOT EXISTS (SELECT 1 FROM tb_user WHERE email = 'seohyun@company.com');

INSERT INTO `tb_user` (user_no, name, email, password, employee_id, dept_id, role, created_at, updated_at, join_date, profile_url)
SELECT 10, '김혜진', 'hyejin@company.com', '$2a$10$NQ5nj6.3UnFxec0idKxma.pn2mq5L5qIjouO4oueMRzjH/5tPX84e', '20241011009', 3, 'USER', now(), now(), now(), null
WHERE NOT EXISTS (SELECT 1 FROM tb_user WHERE email = 'hyejin@company.com');

-- 영업 2팀 (dept_id = 4)
INSERT INTO `tb_user` (user_no, name, email, password, employee_id, dept_id, role, created_at, updated_at, join_date, profile_url)
SELECT 11, '오성민', 'sungmin@company.com', '$2a$10$NQ5nj6.3UnFxec0idKxma.pn2mq5L5qIjouO4oueMRzjH/5tPX84e', '20241011010', 4, 'USER', now(), now(), now(), null
WHERE NOT EXISTS (SELECT 1 FROM tb_user WHERE email = 'sungmin@company.com');

INSERT INTO `tb_user` (user_no, name, email, password, employee_id, dept_id, role, created_at, updated_at, join_date, profile_url)
SELECT 12, '장하은', 'haeun@company.com', '$2a$10$NQ5nj6.3UnFxec0idKxma.pn2mq5L5qIjouO4oueMRzjH/5tPX84e', '20241011011', 4, 'USER', now(), now(), now(), null
WHERE NOT EXISTS (SELECT 1 FROM tb_user WHERE email = 'haeun@company.com');

INSERT INTO `tb_user` (user_no, name, email, password, employee_id, dept_id, role, created_at, updated_at, join_date, profile_url)
SELECT 13, '조성호', 'seongho@company.com', '$2a$10$NQ5nj6.3UnFxec0idKxma.pn2mq5L5qIjouO4oueMRzjH/5tPX84e', '20241011012', 4, 'USER', now(), now(), now(), null
WHERE NOT EXISTS (SELECT 1 FROM tb_user WHERE email = 'seongho@company.com');

-- >>>>>>>>>>>> 고객 <<<<<<<<<<<<<<

-- 고객 데이터 생성 (총 50개)
INSERT INTO `tb_customer` (customer_no, name, company, dept, position, email, phone, tel, grade, is_keyman, user_no, created_at, updated_at)
VALUES
    (1, '홍길동', '커피왕', '구매부', '매니저', 'customer1@coffee.com', '010-0001-0001', '02-0001-0001', 'A', false, 2, now(), now()),
    (2, '김영희', '원두전문', '영업부', '대리', 'customer2@beans.com', '010-0002-0002', '02-0002-0002', 'B', true, 2, now(), now()),
    (3, '박철수', '커피트레이드', '구매부', '과장', 'customer3@coffee.com', '010-0003-0003', '02-0003-0003', 'S', false, 3, now(), now()),
    (4, '이승현', '원두마켓', '구매부', '팀장', 'customer4@beans.com', '010-0004-0004', '02-0004-0004', 'C', true, 4, now(), now()),
    (5, '정민수', '커피플랜트', '구매부', '부장', 'customer5@coffee.com', '010-0005-0005', '02-0005-0005', 'D', false, 8, now(), now()),
    (6, '서지수', '커피나무', '영업부', '사원', 'customer6@beans.com', '010-0006-0006', '02-0006-0006', 'A', true, 9, now(), now()),
    (7, '김도현', '원두가게', '구매부', '과장', 'customer7@coffee.com', '010-0007-0007', '02-0007-0007', 'B', false, 10, now(), now()),
    (8, '최혜린', '커피스토어', '구매부', '대리', 'customer8@beans.com', '010-0008-0008', '02-0008-0008', 'S', true, 8, now(), now()),
    (9, '한지원', '원두파머', '영업부', '매니저', 'customer9@coffee.com', '010-0009-0009', '02-0009-0009', 'C', false, 9, now(), now()),
    (10, '장윤아', '원두드림', '구매부', '사원', 'customer10@beans.com', '010-0010-0010', '02-0010-0010', 'D', true, 10, now(), now()),
    (11, '고객11', '커피농장', '구매부', '대리', 'customer11@coffee.com', '010-0011-0011', '02-0011-0011', 'A', false, 11, now(), now()),
    (12, '고객12', '원두왕국', '영업부', '사원', 'customer12@beans.com', '010-0012-0012', '02-0012-0012', 'B', true, 12, now(), now()),
    (13, '고객13', '바리스타', '구매부', '부장', 'customer13@coffee.com', '010-0013-0013', '02-0013-0013', 'S', false, 2, now(), now()),
    (14, '고객14', '커피팜', '영업부', '과장', 'customer14@beans.com', '010-0014-0014', '02-0014-0014', 'C', true, 2, now(), now()),
    (15, '고객15', '원두해', '구매부', '팀장', 'customer15@coffee.com', '010-0015-0015', '02-0015-0015', 'D', false, 3, now(), now()),
    (16, '고객16', '커피향', '영업부', '매니저', 'customer16@beans.com', '010-0016-0016', '02-0016-0016', 'A', true, 4, now(), now()),
    (17, '고객17', '원두콜렉션', '구매부', '사원', 'customer17@coffee.com', '010-0017-0017', '02-0017-0017', 'B', false, 8, now(), now()),
    (18, '고객18', '커피로드', '영업부', '대리', 'customer18@beans.com', '010-0018-0018', '02-0018-0018', 'S', true, 9, now(), now()),
    (19, '고객19', '커피필드', '구매부', '부장', 'customer19@coffee.com', '010-0019-0019', '02-0019-0019', 'C', false, 10, now(), now()),
    (20, '고객20', '원두농장', '영업부', '과장', 'customer20@beans.com', '010-0020-0020', '02-0020-0020', 'D', true, 8, now(), now()),
    (21, '고객21', '커피의정원', '구매부', '팀장', 'customer21@coffee.com', '010-0021-0021', '02-0021-0021', 'A', false, 9, now(), now()),
    (22, '고객22', '커피월드', '영업부', '매니저', 'customer22@beans.com', '010-0022-0022', '02-0022-0022', 'B', true, 10, now(), now()),
    (23, '고객23', '원두유통', '구매부', '사원', 'customer23@coffee.com', '010-0023-0023', '02-0023-0023', 'S', false, 11, now(), now()),
    (24, '고객24', '커피와행복', '영업부', '대리', 'customer24@beans.com', '010-0024-0024', '02-0024-0024', 'C', true, 12, now(), now()),
    (25, '고객25', '커피사랑', '구매부', '부장', 'customer25@coffee.com', '010-0025-0025', '02-0025-0025', 'D', false, 4, now(), now()),
    (26, '고객26', '원두의고수', '영업부', '과장', 'customer26@beans.com', '010-0026-0026', '02-0026-0026', 'A', true, 2, now(), now()),
    (27, '고객27', '커피도시', '구매부', '팀장', 'customer27@coffee.com', '010-0027-0027', '02-0027-0027', 'B', false, 3, now(), now()),
    (28, '고객28', '원두의세계', '영업부', '매니저', 'customer28@beans.com', '010-0028-0028', '02-0028-0028', 'S', true, 4, now(), now()),
    (29, '고객29', '커피에세이', '구매부', '사원', 'customer29@coffee.com', '010-0029-0029', '02-0029-0029', 'C', false, 8, now(), now()),
    (30, '고객30', '커피히어로', '영업부', '대리', 'customer30@beans.com', '010-0030-0030', '02-0030-0030', 'D', true, 9, now(), now()),
    (31, '고객31', '커피플랜트', '구매부', '부장', 'customer31@coffee.com', '010-0031-0031', '02-0031-0031', 'A', false, 10, now(), now()),
    (32, '고객32', '원두장터', '영업부', '과장', 'customer32@beans.com', '010-0032-0032', '02-0032-0032', 'B', true, 8, now(), now()),
    (33, '고객33', '커피챔피언', '구매부', '팀장', 'customer33@coffee.com', '010-0033-0033', '02-0033-0033', 'S', false, 9, now(), now()),
    (34, '고객34', '커피스토어', '영업부', '매니저', 'customer34@beans.com', '010-0034-0034', '02-0034-0034', 'C', true, 10, now(), now()),
    (35, '고객35', '원두박사', '구매부', '사원', 'customer35@coffee.com', '010-0035-0035', '02-0035-0035', 'D', false, 11, now(), now()),
    (36, '고객36', '커피로드', '영업부', '대리', 'customer36@beans.com', '010-0036-0036', '02-0036-0036', 'A', true, 12, now(), now()),
    (37, '고객37', '커피유통', '구매부', '부장', 'customer37@coffee.com', '010-0037-0037', '02-0037-0037', 'B', false, 2, now(), now()),
    (38, '고객38', '원두하우스', '영업부', '과장', 'customer38@beans.com', '010-0038-0038', '02-0038-0038', 'S', true, 2, now(), now()),
    (39, '고객39', '커피존', '구매부', '팀장', 'customer39@coffee.com', '010-0039-0039', '02-0039-0039', 'C', false, 3, now(), now()),
    (40, '고객40', '커피네이션', '영업부', '매니저', 'customer40@beans.com', '010-0040-0040', '02-0040-0040', 'D', true, 4, now(), now()),
    (41, '고객41', '커피월드', '구매부', '사원', 'customer41@coffee.com', '010-0041-0041', '02-0041-0041', 'A', false, 8, now(), now()),
    (42, '고객42', '원두사랑', '영업부', '대리', 'customer42@beans.com', '010-0042-0042', '02-0042-0042', 'B', true, 9, now(), now()),
    (43, '고객43', '커피천국', '구매부', '부장', 'customer43@coffee.com', '010-0043-0043', '02-0043-0043', 'S', false, 10, now(), now()),
    (44, '고객44', '원두마을', '영업부', '과장', 'customer44@beans.com', '010-0044-0044', '02-0044-0044', 'C', true, 8, now(), now()),
    (45, '고객45', '커피마켓', '구매부', '팀장', 'customer45@coffee.com', '010-0045-0045', '02-0045-0045', 'D', false, 9, now(), now()),
    (46, '고객46', '커피천사', '영업부', '매니저', 'customer46@beans.com', '010-0046-0046', '02-0046-0046', 'A', true, 10, now(), now()),
    (47, '고객47', '원두천국', '구매부', '사원', 'customer47@coffee.com', '010-0047-0047', '02-0047-0047', 'B', false, 11, now(), now()),
    (48, '고객48', '커피존', '영업부', '대리', 'customer48@beans.com', '010-0048-0048', '02-0048-0048', 'S', true, 12, now(), now()),
    (49, '고객49', '커피장인', '구매부', '부장', 'customer49@coffee.com', '010-0049-0049', '02-0049-0049', 'C', false, 9, now(), now()),
    (50, '고객50', '커피와함께', '영업부', '과장', 'customer50@beans.com', '010-0050-0050', '02-0050-0050', 'D', true, 2, now(), now());


-- >>>>>>>>>>>> 잠재 고객 <<<<<<<<<<<<<<

-- 잠재고객 데이터 생성 (총 30개)
INSERT INTO `tb_poetntial_customer` (p_cust_no, name, company, dept, position, cls, contact_status, grade, phone, tel, email, fax, addr, note, user_no, register_date, created_at, updated_at)
VALUES
    (1, '이수진', '커피프라임', '마케팅', '사원', '이메일', 'TRY_CONTACT', 'A', '010-1001-0001', '02-1001-0001', 'potential1@coffee.com', '02-2001-0001', '서울시 강남구', '고객 상담 예정', 2, now(), now(), now()),
    (2, '박현아', '원두상회', '영업', '대리', '전화', 'CONTACTING', 'B', '010-1002-0002', '02-1002-0002', 'potential2@beans.com', '02-2002-0002', '서울시 서초구', '전화 통화 예정', 2, now(), now(), now()),
    (3, '김준호', '커피믹스', '구매', '과장', '방문', 'NO_CONTACT', 'S', '010-1003-0003', '02-1003-0003', 'potential3@coffee.com', '02-2003-0003', '서울시 송파구', '신규 고객 가능성 있음', 3, now(), now(), now()),
    (4, '정민우', '원두유통', '구매', '사원', '이메일', 'TRY_CONTACT', 'C', '010-1004-0004', '02-1004-0004', 'potential4@beans.com', '02-2004-0004', '경기도 성남시', '이메일 답변 대기 중', 4, now(), now(), now()),
    (5, '최현정', '커피이스트', '영업', '매니저', '전화', 'CONTACTING', 'X', '010-1005-0005', '02-1005-0005', 'potential5@coffee.com', '02-2005-0005', '서울시 영등포구', '곧 재방문 예정', 8, now(), now(), now()),
    (6, '황수민', '커피프로', '마케팅', '대리', '방문', 'NOT_CONTACT', 'A', '010-1006-0006', '02-1006-0006', 'potential6@beans.com', '02-2006-0006', '인천시 남동구', '연락 시도 금지 요청', 9, now(), now(), now()),
    (7, '장은성', '커피헬퍼', '구매', '사원', '전화', 'TRY_CONTACT', 'B', '010-1007-0007', '02-1007-0007', 'potential7@coffee.com', '02-2007-0007', '서울시 마포구', '새로운 프로젝트 협의 중', 10, now(), now(), now()),
    (8, '백지은', '원두월드', '영업', '과장', '이메일', 'NO_CONTACT', 'S', '010-1008-0008', '02-1008-0008', 'potential8@beans.com', '02-2008-0008', '서울시 노원구', '이메일 미응답 상태', 8, now(), now(), now()),
    (9, '이준석', '커피박스', '구매', '사원', '방문', 'CONTACTING', 'C', '010-1009-0009', '02-1009-0009', 'potential9@coffee.com', '02-2009-0009', '경기도 고양시', '접촉 중', 9, now(), now(), now()),
    (10, '하승민', '커피홈', '마케팅', '대리', '전화', 'NO_CONTACT', 'A', '010-1010-0010', '02-1010-0010', 'potential10@beans.com', '02-2010-0010', '서울시 은평구', '고객 전환 가능성 있음', 10, now(), now(), now()),
    (11, '최지훈', '커피링크', '구매', '매니저', '이메일', 'TRY_CONTACT', 'A', '010-1011-0011', '02-1011-0011', 'potential11@coffee.com', '02-2011-0011', '서울시 동작구', '상담 요청', 11, now(), now(), now()),
    (12, '김수정', '원두친구', '영업', '사원', '전화', 'NOT_CONTACT', 'B', '010-1012-0012', '02-1012-0012', 'potential12@beans.com', '02-2012-0012', '경기도 부천시', '접촉 금지 요청', 12, now(), now(), now()),
    (13, '한민기', '커피그린', '구매', '대리', '방문', 'CONTACTING', 'S', '010-1013-0013', '02-1013-0013', 'potential13@coffee.com', '02-2013-0013', '서울시 관악구', '담당자와 상담 예정', 2, now(), now(), now()),
    (14, '정하늘', '커피파머', '영업', '과장', '이메일', 'TRY_CONTACT', 'C', '010-1014-0014', '02-1014-0014', 'potential14@beans.com', '02-2014-0014', '경기도 안양시', '답변 대기 중', 2, now(), now(), now()),
    (15, '이하은', '커피트리', '구매', '사원', '전화', 'NO_CONTACT', 'A', '010-1015-0015', '02-1015-0015', 'potential15@coffee.com', '02-2015-0015', '서울시 강북구', '고객 전환 가능성 낮음', 3, now(), now(), now()),
    (16, '정성민', '커피파라다이스', '마케팅', '대리', '이메일', 'CONTACTING', 'A', '010-1016-0016', '02-1016-0016', 'potential16@coffee.com', '02-2016-0016', '서울시 광진구', '고객 관심 있음', 4, now(), now(), now()),
    (17, '박지현', '원두시장', '구매', '과장', '전화', 'TRY_CONTACT', 'B', '010-1017-0017', '02-1017-0017', 'potential17@beans.com', '02-2017-0017', '서울시 구로구', '재상담 필요', 8, now(), now(), now()),
    (18, '송다빈', '커피콜렉션', '영업', '사원', '방문', 'NO_CONTACT', 'S', '010-1018-0018', '02-1018-0018', 'potential18@coffee.com', '02-2018-0018', '경기도 의정부시', '방문 상담 예약', 9, now(), now(), now()),
    (19, '한예린', '커피퍼블릭', '구매', '사원', '전화', 'CONTACTING', 'C', '010-1019-0019', '02-1019-0019', 'potential19@beans.com', '02-2019-0019', '서울시 종로구', '문의 사항 추가', 10, now(), now(), now()),
    (20, '오현수', '원두닷컴', '마케팅', '매니저', '이메일', 'NOT_CONTACT', 'A', '010-1020-0020', '02-1020-0020', 'potential20@coffee.com', '02-2020-0020', '서울시 성북구', '이메일 발송 후 미응답', 8, now(), now(), now()),
    (21, '이영진', '커피피아', '구매', '대리', '방문', 'TRY_CONTACT', 'A', '010-1021-0021', '02-1021-0021', 'potential21@beans.com', '02-2021-0021', '경기도 파주시', '상담 요청', 9, now(), now(), now()),
    (22, '박진아', '원두팩토리', '영업', '과장', '전화', 'NO_CONTACT', 'B', '010-1022-0022', '02-1022-0022', 'potential22@coffee.com', '02-2022-0022', '서울시 중랑구', '추가 문의 예정', 10, now(), now(), now()),
    (23, '최선미', '커피월드', '구매', '사원', '이메일', 'CONTACTING', 'S', '010-1023-0023', '02-1023-0023', 'potential23@beans.com', '02-2023-0023', '서울시 서대문구', '상담 완료', 11, now(), now(), now()),
    (24, '김혜진', '커피포레스트', '구매', '대리', '방문', 'TRY_CONTACT', 'C', '010-1024-0024', '02-1024-0024', 'potential24@coffee.com', '02-2024-0024', '경기도 광주시', '재방문 필요', 12, now(), now(), now()),
    (25, '정하나', '원두라운드', '영업', '사원', '전화', 'NO_CONTACT', 'C', '010-1025-0025', '02-1025-0025', 'potential25@beans.com', '02-2025-0025', '서울시 관악구', '잠재 고객 전환 가능성 낮음', 2, now(), now(), now()),
    (26, '박성호', '원두마켓', '영업', '사원', '전화', 'CONTACTING', 'A', '010-1026-0026', '02-1026-0026', 'potential26@coffee.com', '02-2026-0026', '경기도 수원시', '고객 관심 있음', 10, now(), now(), now()),
    (27, '송민호', '커피유통', '구매', '대리', '방문', 'TRY_CONTACT', 'B', '010-1027-0027', '02-1027-0027', 'potential27@beans.com', '02-2027-0027', '서울시 성동구', '재방문 필요', 11, now(), now(), now()),
    (28, '김예지', '커피썸', '마케팅', '과장', '이메일', 'NOT_CONTACT', 'S', '010-1028-0028', '02-1028-0028', 'potential28@coffee.com', '02-2028-0028', '서울시 용산구', '접촉 금지 요청', 12, now(), now(), now()),
    (29, '이태영', '커피온', '영업', '사원', '전화', 'CONTACTING', 'C', '010-1029-0029', '02-1029-0029', 'potential29@beans.com', '02-2029-0029', '서울시 금천구', '고객 반응 좋음', 2, now(), now(), now()),
    (30, '한승호', '커피앤더스트리', '구매', '매니저', '방문', 'TRY_CONTACT', 'A', '010-1030-0030', '02-1030-0030', 'potential30@coffee.com', '02-2030-0030', '서울시 종로구', '상담 대기 중', 2, now(), now(), now());



-- >>>>>>>>>>>> 접촉 이력 <<<<<<<<<<<<<<

-- 접촉 이력 데이터 생성 (총 30개)
INSERT INTO `tb_contact_history` (contact_history_no, contact_date, cls, content, user_no, p_cust_no, created_at, updated_at)
VALUES
    (1, '2024-10-01', 'CALL', '첫 전화 상담', 1, 1, now(), now()),
    (2, '2024-10-02', 'EMAIL', '회사 소개 이메일 전송', 2, 2, now(), now()),
    (3, '2024-10-03', 'VISIT', '고객사 방문 및 상담', 3, 3, now(), now()),
    (4, '2024-10-05', 'ONLINE_MEET', '온라인 미팅 진행', 4, 4, now(), now()),
    (5, '2024-10-06', 'CHANNEL_TALK', '채널톡 문의 응답', 5, 5, now(), now()),
    (6, '2024-10-08', 'ETC', '기타 문의 사항 응대', 6, 6, now(), now()),
    (7, '2024-10-09', 'CALL', '재상담 요청에 따른 전화 통화', 7, 7, now(), now()),
    (8, '2024-10-10', 'EMAIL', '추가 자료 이메일 발송', 8, 8, now(), now()),
    (9, '2024-10-11', 'VISIT', '고객사 방문 및 추가 상담', 9, 9, now(), now()),
    (10, '2024-10-12', 'ONLINE_MEET', '화상 회의로 제품 설명', 10, 10, now(), now()),
    (11, '2024-10-13', 'CHANNEL_TALK', '고객 문의사항 응대', 11, 11, now(), now()),
    (12, '2024-10-14', 'ETC', '계약 관련 추가 문의', 12, 12, now(), now()),
    (13, '2024-10-15', 'CALL', '계약 진행 상황 업데이트', 1, 13, now(), now()),
    (14, '2024-10-16', 'EMAIL', '견적서 이메일 발송', 2, 9, NOW(), now()),
    (15, '2024-10-17', 'VISIT', '고객사 방문 및 계약 협의', 3, 15, now(), now()),
    (16, '2024-10-18', 'ONLINE_MEET', '화상 회의로 서비스 데모', 4, 16, now(), now()),
    (17, '2024-10-19', 'CHANNEL_TALK', '서비스 관련 상담', 5, 17, now(), now()),
    (18, '2024-10-20', 'ETC', '계약 관련 문의 사항 응답', 6, 18, now(), now()),
    (19, '2024-10-21', 'CALL', '재상담 요청', 7, 19, now(), now()),
    (20, '2024-10-22', 'EMAIL', '계약 내용 이메일 전송', 8, 20, now(), now()),
    (21, '2024-10-23', 'VISIT', '고객사 추가 방문', 9, 21, now(), now()),
    (22, '2024-10-24', 'ONLINE_MEET', '계약 세부사항 논의', 10, 22, now(), now()),
    (23, '2024-10-25', 'CHANNEL_TALK', '서비스 문의 사항 응대', 11, 23, now(), now()),
    (24, '2024-10-26', 'ETC', '추가 요청사항 처리', 12, 24, now(), now()),
    (25, '2024-10-27', 'CALL', '추가 계약 상담', 1, 25, now(), now()),
    (26, '2024-10-28', 'EMAIL', '제품 소개서 이메일 전송', 2, 26, now(), now()),
    (27, '2024-10-29', 'VISIT', '현장 방문 및 상담', 3, 27, now(), now()),
    (28, '2024-10-30', 'ONLINE_MEET', '화상 회의 및 문의 응대', 4, 28, now(), now()),
    (29, '2024-10-31', 'CHANNEL_TALK', '계약서 검토 요청 응대', 5, 29, now(), now()),
    (30, '2024-11-01', 'ETC', '계약 최종 확인', 6, 30, now(), now());

-- >>>>>>>>> 관리자
-- 프로세스
INSERT INTO tb_process(process_no, process_name, is_default, DESCRIPTION, created_at, updated_at, expected_duration, is_deleted)
VALUES (1, '기본영업프로세스', 1, '기회인지-상담-제안-협상-계약', CURDATE(), CURDATE(), 45, false),
       (2, '커피머신 영업 프로세스', 0, '제안-협상-계약', CURDATE(), CURDATE(), 30, false);

-- 서브프로세스
INSERT INTO tb_sub_process(sub_process_no, sub_process_name, progress_step, success_rate, ACTION, expected_duration, created_at, updated_at, process_no, is_deleted)
VALUES (1, '기회인지', '인지', 0, '인지', 5, CURDATE(), CURDATE(), 1, false),
       (2, '상담', '제안', 10, '제안', 10, CURDATE(), CURDATE(), 1, false),
       (3, '제안', '제안', 20, '제안', 5, CURDATE(), CURDATE(), 1, false),
       (4, '협상', '협상', 60, '견적', 5, CURDATE(), CURDATE(), 1, false),
       (5, '계약', '계약', 100, '계약', 20, CURDATE(), CURDATE(), 1, false),
       (6, '제안', '제안', 20, '제안', 5, CURDATE(), CURDATE(), 2, false),
       (7, '협상', '협상', 30, '견적', 5, CURDATE(), CURDATE(), 2, false),
       (8, '계약', '계약', 100, '계약', 20, CURDATE(), CURDATE(), 2, false);

-- 물품
INSERT INTO tb_product (prod_no, created_at, updated_at, abbr_name, dept_id, eng_name, field, name, price, prod_code, quantity, release_date, supply_price, tax_rate, unit, upp_group, is_deleted)
VALUES
    -- 커피 원두 제품
    (1, NOW(), NOW(), 'COFBRA001', 3, 'Rubia Dark Brown', '원두', '루비아 다크 브라운', 65000, 'BRA001', 100, '2024-05-01', 58670, 11, '봉지', '브라질 원두', false),
    (2, NOW(), NOW(), 'COFCOL001', 3, 'Supremo Narino', '원두', '수프레모 나리뇨', 46000, 'COL001', 90, '2024-07-01', 42779, 8, '봉지', '콜롬비아 원두', false),
    (3, NOW(), NOW(), 'COFETH001', 3, 'Sidamo', '원두', '시다모', 45500, 'ETH001', 75, '2025-01-01', 40463, 	12, '봉지', '에티오피아 원두', false),
    (4, NOW(), NOW(), 'COFETH001', 3, 'Yirgacheffe Abaya Geisha', '원두', '예가체프 아바야 게이샤', 65500, 'ETH001', 95, '2025-01-01', 57886, 13, '봉지', '에티오피아 원두', false),
    (5, NOW(), NOW(), 'COFCOL001', 4, 'Melparai shouts', '원두', '멜파라이 소리치', 76000, 'COL001', 90, '2024-07-01', 71185, 7, '봉지', '콜롬비아 원두', false),

    -- 커피 머신 제품
    (6, NOW(), NOW(), 'MCHESP001', 1, 'Espresso Groove Machine', '커피머신', '에스프레소 그루브 머신', 	1250000, 'ESP001', 20, '2024-06-01', 1181427, 6, '대', '에스프레소 머신', false),
    (7, NOW(), NOW(), 'MCHDRP001', 1, 'Latte Twist Maker', '커피머신', '라떼 트위스트 메이커', 890000, 'DRP001', 15, '2024-07-01', 778981, 14, '대', '드립 커피 머신', false),
    (8, NOW(), NOW(), 'MCHGRD001', 1, 'Divide Grinder', '그라인더', '갈려라 그라인더', 15000, 'GRD001', 30, '2024-08-01', 13566, 11, '대', '커피 그라인더', false),

    -- 커피 관련 액세서리 제품
    (9, NOW(), NOW(), 'ACCFLT001', 4, 'Hang Coffee Filter', '액세서리', '걸려라 커피 필터', 12000, 'FLT001', 200, '2024-05-15', 10554, 14, '팩', '커피 필터', false),
    (10, NOW(), NOW(), 'ACCTMB001', 4, 'Put It In Coffee Tumbler', '액세서리', '담아라 텀블러',	18000, 'TMB001', 50, '2024-09-01', 15754, 14, '개', '커피 텀블러', false);


-- >>>>>>>>>>>> 캘린더 @uzz99 <<<<<<<<<<<<<<
-- 관리자 캘린더
INSERT INTO `tb_calendar` (created_at, updated_at, user_no)
SELECT NOW(), NOW(), 1
WHERE NOT EXISTS (SELECT 1 FROM tb_calendar WHERE user_no = 1);

-- 테스트 캘린더
INSERT INTO `tb_calendar` (created_at, updated_at, user_no)
SELECT NOW(), NOW(), 14
WHERE NOT EXISTS (SELECT 1 FROM tb_calendar WHERE user_no = 14);

-- 삼다수 캘린더
INSERT INTO `tb_calendar` (created_at, updated_at, user_no)
SELECT NOW(), NOW(), 15
WHERE NOT EXISTS (SELECT 1 FROM tb_calendar WHERE user_no = 15);

-- 영업부 캘린더
INSERT INTO `tb_calendar` (created_at, updated_at, user_no)
SELECT NOW(), NOW(), 2
WHERE NOT EXISTS (SELECT 1 FROM tb_calendar WHERE user_no = 2);

INSERT INTO `tb_calendar` (created_at, updated_at, user_no)
SELECT NOW(), NOW(), 3
WHERE NOT EXISTS (SELECT 1 FROM tb_calendar WHERE user_no = 3);

INSERT INTO `tb_calendar` (created_at, updated_at, user_no)
SELECT NOW(), NOW(), 4
WHERE NOT EXISTS (SELECT 1 FROM tb_calendar WHERE user_no = 4);

-- 영업 지원부 캘린더
INSERT INTO `tb_calendar` (created_at, updated_at, user_no)
SELECT NOW(), NOW(), 5
WHERE NOT EXISTS (SELECT 1 FROM tb_calendar WHERE user_no = 5);

INSERT INTO `tb_calendar` (created_at, updated_at, user_no)
SELECT NOW(), NOW(), 6
WHERE NOT EXISTS (SELECT 1 FROM tb_calendar WHERE user_no = 6);

INSERT INTO `tb_calendar` (created_at, updated_at, user_no)
SELECT NOW(), NOW(), 7
WHERE NOT EXISTS (SELECT 1 FROM tb_calendar WHERE user_no = 7);

-- 영업 1팀 캘린더
INSERT INTO `tb_calendar` (created_at, updated_at, user_no)
SELECT NOW(), NOW(), 8
WHERE NOT EXISTS (SELECT 1 FROM tb_calendar WHERE user_no = 8);

INSERT INTO `tb_calendar` (created_at, updated_at, user_no)
SELECT NOW(), NOW(), 9
WHERE NOT EXISTS (SELECT 1 FROM tb_calendar WHERE user_no = 9);

INSERT INTO `tb_calendar` (created_at, updated_at, user_no)
SELECT NOW(), NOW(), 10
WHERE NOT EXISTS (SELECT 1 FROM tb_calendar WHERE user_no = 10);

-- 영업 2팀 캘린더
INSERT INTO `tb_calendar` (created_at, updated_at, user_no)
SELECT NOW(), NOW(), 11
WHERE NOT EXISTS (SELECT 1 FROM tb_calendar WHERE user_no = 11);

INSERT INTO `tb_calendar` (created_at, updated_at, user_no)
SELECT NOW(), NOW(), 12
WHERE NOT EXISTS (SELECT 1 FROM tb_calendar WHERE user_no = 12);

INSERT INTO `tb_calendar` (created_at, updated_at, user_no)
SELECT NOW(), NOW(), 13
WHERE NOT EXISTS (SELECT 1 FROM tb_calendar WHERE user_no = 13);


-- >>>>>>>>>>>> 할 일 @uzz99 <<<<<<<<<<<<<<
-- 관리자 일정 (calendar_no: 1)
INSERT INTO `tb_todo` (due_date, private_yn, calendar_no, created_at, updated_at, content, priority, title, todo_cls, status)
SELECT '2024-11-02', 'Y', 1, NOW(), NOW(), '팀 회의 준비', '높음', '주간 팀 회의', '회의', 'TODO'
WHERE NOT EXISTS (SELECT 1 FROM tb_todo WHERE due_date = '2024-11-05' AND calendar_no = 1 AND title = '주간 팀 회의');

INSERT INTO `tb_todo` (due_date, private_yn, calendar_no, created_at, updated_at, content, priority, title, todo_cls, status)
SELECT '2024-11-27', 'Y', 1, NOW(), NOW(), '부서별 업무 계획 정리', '중간', '업무 계획 정리', '계획', 'INPROGRESS'
WHERE NOT EXISTS (SELECT 1 FROM tb_todo WHERE due_date = '2024-11-12' AND calendar_no = 1 AND title = '업무 계획 정리');

INSERT INTO `tb_todo` (due_date, private_yn, calendar_no, created_at, updated_at, content, priority, title, todo_cls, status)
SELECT '2024-11-20', 'Y', 1, NOW(), NOW(), '내년 목표 설정', '높음', '목표 설정 회의', '회의', 'DONE'
WHERE NOT EXISTS (SELECT 1 FROM tb_todo WHERE due_date = '2024-11-20' AND calendar_no = 1 AND title = '목표 설정 회의');
-- calendar_no: 11(user_no 9)
INSERT INTO `tb_todo` (due_date, private_yn, calendar_no, created_at, updated_at, content, priority, title, todo_cls, status)
SELECT '2024-01-10', 'Y', 11, NOW(), NOW(), '연간 목표 설정', '높음', '목표 설정', '목표', 'TODO'
WHERE NOT EXISTS (SELECT 1 FROM tb_todo WHERE due_date = '2024-01-10' AND calendar_no = 14 AND title = '목표 설정');

INSERT INTO `tb_todo` (due_date, private_yn, calendar_no, created_at, updated_at, content, priority, title, todo_cls, status)
SELECT '2024-02-15', 'Y', 11, NOW(), NOW(), '개인 개발 프로젝트 계획', '중간', '개발 계획', '개발', 'INPROGRESS'
WHERE NOT EXISTS (SELECT 1 FROM tb_todo WHERE due_date = '2024-02-15' AND calendar_no = 14 AND title = '개발 계획');

INSERT INTO `tb_todo` (due_date, private_yn, calendar_no, created_at, updated_at, content, priority, title, todo_cls, status)
SELECT '2024-03-22', 'Y', 11, NOW(), NOW(), '시스템 유지보수 계획 수립', '낮음', '유지보수 계획', '유지보수', 'DONE'
WHERE NOT EXISTS (SELECT 1 FROM tb_todo WHERE due_date = '2024-03-22' AND calendar_no = 14 AND title = '유지보수 계획');

-- calendar_no: 12(user_no 10)
INSERT INTO `tb_todo` (due_date, private_yn, calendar_no, created_at, updated_at, content, priority, title, todo_cls, status)
SELECT '2024-04-10', 'Y', 12, NOW(), NOW(), '회사 정책 검토 회의', '높음', '정책 회의', '회의', 'TODO'
WHERE NOT EXISTS (SELECT 1 FROM tb_todo WHERE due_date = '2024-04-10' AND calendar_no = 15 AND title = '정책 회의');

INSERT INTO `tb_todo` (due_date, private_yn, calendar_no, created_at, updated_at, content, priority, title, todo_cls, status)
SELECT '2024-05-12', 'Y', 12, NOW(), NOW(), '신규 프로젝트 조사', '중간', '프로젝트 조사', '조사', 'INPROGRESS'
WHERE NOT EXISTS (SELECT 1 FROM tb_todo WHERE due_date = '2024-05-12' AND calendar_no = 15 AND title = '프로젝트 조사');

INSERT INTO `tb_todo` (due_date, private_yn, calendar_no, created_at, updated_at, content, priority, title, todo_cls, status)
SELECT '2024-06-18', 'Y', 12, NOW(), NOW(), '외부 강사 초청 교육 준비', '높음', '교육 준비', '교육', 'DONE'
WHERE NOT EXISTS (SELECT 1 FROM tb_todo WHERE due_date = '2024-06-18' AND calendar_no = 15 AND title = '교육 준비');

INSERT INTO `tb_todo` (due_date, private_yn, calendar_no, created_at, updated_at, content, priority, title, todo_cls, status)
SELECT '2024-09-05', 'Y', 11, NOW(), NOW(), '하반기 영업 전략 수립', '높음', '영업 전략', '전략', 'TODO'
WHERE NOT EXISTS (SELECT 1 FROM tb_todo WHERE due_date = '2024-07-05' AND calendar_no = 2 AND title = '영업 전략');

INSERT INTO `tb_todo` (due_date, private_yn, calendar_no, created_at, updated_at, content, priority, title, todo_cls, status)
SELECT '2024-09-14', 'Y', 1, NOW(), NOW(), '고객 분석 및 관리 계획', '중간', '고객 관리 계획', '관리', 'INPROGRESS'
WHERE NOT EXISTS (SELECT 1 FROM tb_todo WHERE due_date = '2024-08-14' AND calendar_no = 2 AND title = '고객 관리 계획');

INSERT INTO `tb_todo` (due_date, private_yn, calendar_no, created_at, updated_at, content, priority, title, todo_cls, status)
SELECT '2024-11-20', 'Y', 12, NOW(), NOW(), '고객 초청 행사 준비', '높음', '행사 준비', '이벤트', 'DONE'
WHERE NOT EXISTS (SELECT 1 FROM tb_todo WHERE due_date = '2024-09-20' AND calendar_no = 2 AND title = '행사 준비');

INSERT INTO `tb_todo` (due_date, private_yn, calendar_no, created_at, updated_at, content, priority, title, todo_cls, status)
SELECT '2024-10-05', 'Y', 11, NOW(), NOW(), '고객 지원 계획 수립', '높음', '지원 계획', '계획', 'TODO'
WHERE NOT EXISTS (SELECT 1 FROM tb_todo WHERE due_date = '2024-10-05' AND calendar_no = 5 AND title = '지원 계획');

INSERT INTO `tb_todo` (due_date, private_yn, calendar_no, created_at, updated_at, content, priority, title, todo_cls, status)
SELECT '2024-11-10', 'Y', 11, NOW(), NOW(), '고객 만족도 조사 준비', '중간', '만족도 조사', '조사', 'INPROGRESS'
WHERE NOT EXISTS (SELECT 1 FROM tb_todo WHERE due_date = '2024-11-10' AND calendar_no = 5 AND title = '만족도 조사');

INSERT INTO `tb_todo` (due_date, private_yn, calendar_no, created_at, updated_at, content, priority, title, todo_cls, status)
SELECT '2024-12-15', 'Y', 1, NOW(), NOW(), '고객 피드백 분석', '높음', '피드백 분석', '분석', 'DONE'
WHERE NOT EXISTS (SELECT 1 FROM tb_todo WHERE due_date = '2024-12-15' AND calendar_no = 5 AND title = '피드백 분석');


-- >>>>>>>>>>>> 일정 @uzz99 <<<<<<<<<<<<<<
-- 관리자 전사 일정
INSERT INTO `tb_plan` (personal_yn, plan_date, calendar_no, created_at, updated_at, content, start_time, end_time, title, plan_cls)
SELECT 'N', '2024-10-15', 1, NOW(), NOW(), '전사 미팅', '09:00', '11:00', 'Q4 전사 미팅', 'COMPANY'
WHERE NOT EXISTS (SELECT 1 FROM tb_plan WHERE plan_date = '2024-10-15' AND calendar_no = 1 AND title = 'Q4 전사 미팅');

-- 테스트 전사 일정
INSERT INTO `tb_plan` (personal_yn, plan_date, calendar_no, created_at, updated_at, content, start_time, end_time, title, plan_cls)
SELECT 'N', '2024-11-25', 11, NOW(), NOW(), '사업 전략 발표', '09:00', '11:00', '전략 발표', 'COMPANY'
WHERE NOT EXISTS (SELECT 1 FROM tb_plan WHERE plan_date = '2024-11-25' AND calendar_no = 14 AND title = '전략 발표');

-- 삼다수 전사 일정
INSERT INTO `tb_plan` (personal_yn, plan_date, calendar_no, created_at, updated_at, content, start_time, end_time, title, plan_cls)
SELECT 'N', '2024-12-10', 12, NOW(), NOW(), '연말 결산 회의', '14:00', '17:00', '결산 회의', 'COMPANY'
WHERE NOT EXISTS (SELECT 1 FROM tb_plan WHERE plan_date = '2024-11-10' AND calendar_no = 15 AND title = '결산 회의');

INSERT INTO `tb_plan` (personal_yn, plan_date, calendar_no, created_at, domain_no, updated_at, content, end_time, start_time, title, plan_cls) VALUES
('Y', '2024-10-25', 1, '2024-11-06 15:35:33.627', 4, '2024-11-06 15:35:33.627', '개인 일정 조정', '04:30', '03:30', '개인 일정 조정', 'PERSONAL'),
('Y', '2024-10-11', 1, '2024-11-06 15:35:33.627', 18, '2024-11-06 15:35:33.627', '개인 프로젝트 작업', '15:30', '14:30', '개인 프로젝트 활동', 'PERSONAL'),
('Y', '2024-10-04', 1, '2024-11-06 15:35:33.627', 24, '2024-11-06 15:35:33.627', '제안서 초안 작성', '08:30', '06:30', '제안서 초안 작성', 'PROPOSAL'),
('Y', '2024-10-19', 1, '2024-11-06 15:35:33.627', 22, '2024-11-06 15:35:33.627', '제안서 검토 회의', '10:30', '09:00', '제안서 토론 미팅', 'PROPOSAL'),
('Y', '2024-10-03', 1, '2024-11-06 15:35:33.627', 26, '2024-11-06 15:35:33.627', '견적 작성 작업', '22:00', '20:00', '견적 작성 활동', 'ESTIMATE'),
('Y', '2024-10-11', 1, '2024-11-06 15:35:33.627', 12, '2024-11-06 15:35:33.627', '견적서 업데이트', '14:30', '13:00', '견적서 업데이트', 'ESTIMATE'),
('Y', '2024-10-04', 1, '2024-11-06 15:35:33.627', 15, '2024-11-06 15:35:33.627', '영업 전략 검토', '08:00', '06:30', '영업 전략 토론', 'SALES'),
('Y', '2024-10-10', 1, '2024-11-06 15:35:33.627', 12, '2024-11-06 15:35:33.627', '클라이언트 미팅 준비', '21:30', '20:30', '클라이언트 미팅 준비', 'SALES'),
('Y', '2024-10-01', 1, '2024-11-06 15:35:33.627', 21, '2024-11-06 15:35:33.627', '계약서 검토', '05:00', '03:00', '계약서 토론', 'CONTRACT'),
('Y', '2024-10-16', 1, '2024-11-06 15:35:33.627', 14, '2024-11-06 15:35:33.627', '계약 조건 조정', '04:30', '02:30', '계약 조건 조정', 'CONTRACT'),
('Y', '2024-10-05', 11, '2024-11-06 15:35:33.627', 12, '2024-11-06 15:35:33.627', '가족 모임 준비', '16:00', '14:30', '가족 모임 준비', 'PERSONAL'),
('Y', '2024-10-16', 11, '2024-11-06 15:35:33.627', 20, '2024-11-06 15:35:33.627', '개인 프로젝트 작업', '00:30', '22:30', '개인 프로젝트 활동', 'PERSONAL'),
('Y', '2024-10-23', 11, '2024-11-06 15:35:33.627', 16, '2024-11-06 15:35:33.627', '제안서 초안 작성', '03:00', '01:30', '제안서 초안 작성', 'PROPOSAL'),
('Y', '2024-10-28', 11, '2024-11-06 15:35:33.627', 12, '2024-11-06 15:35:33.627', '제안서 초안 작성', '08:00', '06:00', '제안서 초안 작성', 'PROPOSAL'),
('Y', '2024-10-14', 11, '2024-11-06 15:35:33.627', 15, '2024-11-06 15:35:33.627', '견적 작성 작업', '14:00', '13:00', '견적 작성 활동', 'ESTIMATE'),
('Y', '2024-10-11', 11, '2024-11-06 15:35:33.627', 8, '2024-11-06 15:35:33.627', '견적서 업데이트', '11:00', '09:30', '견적서 업데이트', 'ESTIMATE'),
('Y', '2024-10-23', 11, '2024-11-06 15:35:33.627', 15, '2024-11-06 15:35:33.627', '클라이언트 미팅 준비', '22:30', '21:00', '클라이언트 미팅 준비', 'SALES'),
('Y', '2024-10-07', 11, '2024-11-06 15:35:33.627', 27, '2024-11-06 15:35:33.627', '영업 전략 검토', '07:30', '06:30', '영업 전략 토론', 'SALES'),
('Y', '2024-10-17', 11, '2024-11-06 15:35:33.627', 16, '2024-11-06 15:35:33.627', '계약서 검토', '19:00', '17:30', '계약서 토론', 'CONTRACT'),
('Y', '2024-10-20', 11, '2024-11-06 15:35:33.627', 29, '2024-11-06 15:35:33.627', '계약서 검토', '11:00', '09:30', '계약서 토론', 'CONTRACT'),
('Y', '2024-10-06', 12, '2024-11-06 15:35:33.627', 2, '2024-11-06 15:35:33.627', '가족 모임 준비', '07:30', '06:00', '가족 모임 준비', 'PERSONAL'),
('Y', '2024-10-23', 12, '2024-11-06 15:35:33.627', 1, '2024-11-06 15:35:33.627', '개인 프로젝트 작업', '03:00', '01:00', '개인 프로젝트 활동', 'PERSONAL'),
('Y', '2024-10-22', 12, '2024-11-06 15:35:33.627', 21, '2024-11-06 15:35:33.627', '제안서 초안 작성', '10:30', '08:30', '제안서 초안 작성', 'PROPOSAL'),
('Y', '2024-10-06', 12, '2024-11-06 15:35:33.627', 5, '2024-11-06 15:35:33.627', '제안서 검토 회의', '11:00', '10:00', '제안서 토론 미팅', 'PROPOSAL'),
('Y', '2024-10-28', 12, '2024-11-06 15:35:33.627', 28, '2024-11-06 15:35:33.627', '견적서 업데이트', '15:30', '14:00', '견적서 업데이트', 'ESTIMATE'),
('Y', '2024-10-05', 12, '2024-11-06 15:35:33.627', 19, '2024-11-06 15:35:33.627', '견적 작성 작업', '21:00', '20:00', '견적 작성 활동', 'ESTIMATE'),
('Y', '2024-10-06', 12, '2024-11-06 15:35:33.627', 17, '2024-11-06 15:35:33.627', '영업 관련 미팅', '13:30', '12:30', '영업 관련 미팅', 'SALES'),
('Y', '2024-10-07', 12, '2024-11-06 15:35:33.627', 13, '2024-11-06 15:35:33.627', '영업 관련 미팅', '08:30', '06:30', '영업 관련 미팅', 'SALES'),
('Y', '2024-10-25', 12, '2024-11-06 15:35:33.627', 24, '2024-11-06 15:35:33.627', '계약 협상 회의', '07:00', '06:00', '계약 협상 미팅', 'CONTRACT'),
('Y', '2024-10-16', 12, '2024-11-06 15:35:33.627', 8, '2024-11-06 15:35:33.627', '계약 협상 회의', '08:00', '06:30', '계약 협상 미팅', 'CONTRACT'),
('Y', '2024-11-20', 1, '2024-11-06 15:35:33.628', 15, '2024-11-06 15:35:33.628', '개인 일정 조정', '13:00', '11:00', '개인 일정 조정', 'PERSONAL'),
('Y', '2024-11-23', 1, '2024-11-06 15:35:33.628', 18, '2024-11-06 15:35:33.628', '개인 프로젝트 작업', '16:00', '09:00', '개인 프로젝트 활동', 'PERSONAL'),
('Y', '2024-11-07', 1, '2024-11-06 15:35:33.628', 1, '2024-11-06 15:35:33.628', '제안서 초안 작성', '22:00', '20:00', '제안서 초안 작성', 'PROPOSAL'),
('Y', '2024-11-18', 1, '2024-11-06 15:35:33.628', 12, '2024-11-06 15:35:33.628', '제안서 초안 작성', '01:00', '23:00', '제안서 초안 작성', 'PROPOSAL'),
('Y', '2024-11-17', 1, '2024-11-06 15:35:33.628', 16, '2024-11-06 15:35:33.628', '예산 검토', '04:00', '02:00', '예산 토론', 'ESTIMATE'),
('Y', '2024-11-14', 1, '2024-11-06 15:35:33.628', 11, '2024-11-06 15:35:33.628', '예산 검토', '16:00', '14:00', '예산 토론', 'ESTIMATE'),
('Y', '2024-11-12', 1, '2024-11-06 15:35:33.628', 6, '2024-11-06 15:35:33.628', '클라이언트 미팅 준비', '23:30', '21:30', '클라이언트 미팅 준비', 'SALES'),
('Y', '2024-11-08', 1, '2024-11-06 15:35:33.628', 27, '2024-11-06 15:35:33.628', '클라이언트 미팅 준비', '14:00', '12:00', '클라이언트 미팅 준비', 'SALES'),
('Y', '2024-11-14', 1, '2024-11-06 15:35:33.628', 11, '2024-11-06 15:35:33.628', '계약 협상 회의', '18:00', '16:30', '계약 협상 미팅', 'CONTRACT'),
('Y', '2024-11-04', 1, '2024-11-06 15:35:33.628', 15, '2024-11-06 15:35:33.628', '계약서 검토', '07:00', '05:00', '계약서 토론', 'CONTRACT'),
('Y', '2024-11-12', 11, '2024-11-06 15:35:33.628', 21, '2024-11-06 15:35:33.628', '개인 일정 조정', '13:30', '12:00', '개인 일정 조정', 'PERSONAL'),
('Y', '2024-11-17', 11, '2024-11-06 15:35:33.628', 3, '2024-11-06 15:35:33.628', '개인 일정 조정', '04:00', '02:00', '개인 일정 조정', 'PERSONAL'),
('Y', '2024-11-18', 11, '2024-11-06 15:35:33.628', 16, '2024-11-06 15:35:33.628', '제안서 검토 회의', '15:00', '13:30', '제안서 토론 미팅', 'PROPOSAL'),
('Y', '2024-11-03', 11, '2024-11-06 15:35:33.628', 6, '2024-11-06 15:35:33.628', '제안서 초안 작성', '06:00', '04:00', '제안서 초안 작성', 'PROPOSAL'),
('Y', '2024-11-06', 11, '2024-11-06 15:35:33.628', 9, '2024-11-06 15:35:33.628', '견적 작성 작업', '10:00', '08:30', '견적 작성 활동', 'ESTIMATE'),
('Y', '2024-11-23', 11, '2024-11-06 15:35:33.628', 2, '2024-11-06 15:35:33.628', '견적서 업데이트', '08:30', '07:30', '견적서 업데이트', 'ESTIMATE'),
('Y', '2024-11-14', 11, '2024-11-06 15:35:33.628', 23, '2024-11-06 15:35:33.628', '클라이언트 미팅 준비', '14:00', '12:30', '클라이언트 미팅 준비', 'SALES'),
('Y', '2024-11-14', 11, '2024-11-06 15:35:33.628', 22, '2024-11-06 15:35:33.628', '클라이언트 미팅 준비', '14:00', '12:30', '클라이언트 미팅 준비', 'SALES'),
('Y', '2024-11-12', 11, '2024-11-06 15:35:33.628', 1, '2024-11-06 15:35:33.628', '계약 조건 조정', '22:00', '20:00', '계약 조건 조정', 'CONTRACT'),
('Y', '2024-11-20', 11, '2024-11-06 15:35:33.628', 1, '2024-11-06 15:35:33.628', '계약 협상 회의', '17:30', '16:30', '계약 협상 미팅', 'CONTRACT'),
('Y', '2024-11-25', 12, '2024-11-06 15:35:33.628', 13, '2024-11-06 15:35:33.628', '개인 프로젝트 작업', '18:00', '16:00', '개인 프로젝트 활동', 'PERSONAL'),
('Y', '2024-11-01', 12, '2024-11-06 15:35:33.628', 30, '2024-11-06 15:35:33.628', '가족 모임 준비', '06:30', '05:30', '가족 모임 준비', 'PERSONAL'),
('Y', '2024-11-24', 12, '2024-11-06 15:35:33.628', 4, '2024-11-06 15:35:33.628', '제안서 검토 회의', '22:30', '21:30', '제안서 토론 미팅', 'PROPOSAL'),
('Y', '2024-11-05', 12, '2024-11-06 15:35:33.628', 18, '2024-11-06 15:35:33.628', '제안서 검토 회의', '10:30', '08:30', '제안서 토론 미팅', 'PROPOSAL'),
('Y', '2024-11-09', 12, '2024-11-06 15:35:33.628', 15, '2024-11-06 15:35:33.628', '견적서 업데이트', '10:00', '08:00', '견적서 업데이트', 'ESTIMATE'),
('Y', '2024-11-13', 12, '2024-11-06 15:35:33.628', 17, '2024-11-06 15:35:33.628', '견적 작성 작업', '09:30', '08:30', '견적 작성 활동', 'ESTIMATE'),
('Y', '2024-11-02', 12, '2024-11-06 15:35:33.628', 16, '2024-11-06 15:35:33.628', '영업 관련 미팅', '03:00', '01:30', '영업 관련 미팅', 'SALES'),
('Y', '2024-11-08', 12, '2024-11-06 15:35:33.628', 29, '2024-11-06 15:35:33.628', '영업 관련 미팅', '01:00', '00:00', '영업 관련 미팅', 'SALES'),
('Y', '2024-11-10', 12, '2024-11-06 15:35:33.628', 15, '2024-11-06 15:35:33.628', '계약서 검토', '22:00', '21:00', '계약서 토론', 'CONTRACT'),
('Y', '2024-11-11', 12, '2024-11-06 15:35:33.628', 17, '2024-11-06 15:35:33.628', '계약서 검토', '02:30', '00:30', '계약서 토론', 'CONTRACT'),
('Y', '2024-12-26', 1, '2024-11-06 15:35:33.628', 19, '2024-11-06 15:35:33.628', '가족 모임 준비', '11:30', '10:30', '가족 모임 준비', 'PERSONAL'),
('Y', '2024-12-19', 1, '2024-11-06 15:35:33.628', 22, '2024-11-06 15:35:33.628', '개인 일정 조정', '02:00', '00:30', '개인 일정 조정', 'PERSONAL'),
('Y', '2024-12-09', 1, '2024-11-06 15:35:33.628', 1, '2024-11-06 15:35:33.628', '제안서 초안 작성', '00:00', '22:00', '제안서 초안 작성', 'PROPOSAL'),
('Y', '2024-12-22', 1, '2024-11-06 15:35:33.628', 15, '2024-11-06 15:35:33.628', '제안서 초안 작성', '01:30', '00:30', '제안서 초안 작성', 'PROPOSAL'),
('Y', '2024-12-08', 1, '2024-11-06 15:35:33.628', 17, '2024-11-06 15:35:33.628', '견적 작성 작업', '17:00', '15:00', '견적 작성 활동', 'ESTIMATE'),
('Y', '2024-12-13', 1, '2024-11-06 15:35:33.628', 17, '2024-11-06 15:35:33.628', '예산 검토', '16:30', '15:30', '예산 토론', 'ESTIMATE'),
('Y', '2024-12-05', 1, '2024-11-06 15:35:33.628', 16, '2024-11-06 15:35:33.628', '클라이언트 미팅 준비', '19:30', '18:30', '클라이언트 미팅 준비', 'SALES'),
('Y', '2024-12-17', 1, '2024-11-06 15:35:33.628', 1, '2024-11-06 15:35:33.628', '영업 관련 미팅', '05:00', '03:00', '영업 관련 미팅', 'SALES'),
('Y', '2024-12-19', 1, '2024-11-06 15:35:33.628', 15, '2024-11-06 15:35:33.628', '계약 조건 조정', '09:30', '08:30', '계약 조건 조정', 'CONTRACT'),
('Y', '2024-12-23', 1, '2024-11-06 15:35:33.628', 20, '2024-11-06 15:35:33.629', '계약서 검토', '20:30', '19:30', '계약서 토론', 'CONTRACT'),
('Y', '2024-12-22', 11, '2024-11-06 15:35:33.629', 25, '2024-11-06 15:35:33.629', '가족 모임 준비', '23:00', '21:00', '가족 모임 준비', 'PERSONAL'),
('Y', '2024-12-03', 11, '2024-11-06 15:35:33.629', 15, '2024-11-06 15:35:33.629', '개인 프로젝트 작업', '05:30', '03:30', '개인 프로젝트 활동', 'PERSONAL'),
('Y', '2024-12-12', 11, '2024-11-06 15:35:33.629', 12, '2024-11-06 15:35:33.629', '제안서 초안 작성', '05:00', '04:00', '제안서 초안 작성', 'PROPOSAL'),
('Y', '2024-12-08', 11, '2024-11-06 15:35:33.629', 19, '2024-11-06 15:35:33.629', '새로운 제안 논의', '06:30', '04:30', '새로운 제안 논의', 'PROPOSAL'),
('Y', '2024-12-15', 11, '2024-11-06 15:35:33.629', 23, '2024-11-06 15:35:33.629', '견적 작성 작업', '20:00', '18:00', '견적 작성 활동', 'ESTIMATE'),
('Y', '2024-12-08', 11, '2024-11-06 15:35:33.629', 30, '2024-11-06 15:35:33.629', '견적 작성 작업', '16:30', '14:30', '견적 작성 활동', 'ESTIMATE'),
('Y', '2024-12-03', 11, '2024-11-06 15:35:33.629', 6, '2024-11-06 15:35:33.629', '클라이언트 미팅 준비', '16:00', '14:30', '클라이언트 미팅 준비', 'SALES'),
('Y', '2024-12-02', 11, '2024-11-06 15:35:33.629', 14, '2024-11-06 15:35:33.629', '영업 전략 검토', '05:30', '04:30', '영업 전략 토론', 'SALES'),
('Y', '2024-12-15', 11, '2024-11-06 15:35:33.629', 25, '2024-11-06 15:35:33.629', '계약 조건 조정', '22:00', '20:00', '계약 조건 조정', 'CONTRACT'),
('Y', '2024-12-21', 11, '2024-11-06 15:35:33.629', 15, '2024-11-06 15:35:33.629', '계약서 검토', '10:00', '09:00', '계약서 토론', 'CONTRACT'),
('Y', '2024-12-17', 12, '2024-11-06 15:35:33.629', 10, '2024-11-06 15:35:33.629', '개인 일정 조정', '00:00', '22:30', '개인 일정 조정', 'PERSONAL'),
('Y', '2024-12-11', 12, '2024-11-06 15:35:33.629', 2, '2024-11-06 15:35:33.629', '가족 모임 준비', '01:30', '00:00', '가족 모임 준비', 'PERSONAL'),
('Y', '2024-12-02', 12, '2024-11-06 15:35:33.629', 23, '2024-11-06 15:35:33.629', '제안서 검토 회의', '23:30', '22:00', '제안서 토론 미팅', 'PROPOSAL'),
('Y', '2024-12-28', 12, '2024-11-06 15:35:33.629', 22, '2024-11-06 15:35:33.629', '제안서 검토 회의', '17:30', '16:00', '제안서 토론 미팅', 'PROPOSAL'),
('Y', '2024-12-16', 12, '2024-11-06 15:35:33.629', 23, '2024-11-06 15:35:33.629', '견적 작성 작업', '13:30', '12:30', '견적 작성 활동', 'ESTIMATE'),
('Y', '2024-12-11', 12, '2024-11-06 15:35:33.629', 7, '2024-11-06 15:35:33.629', '견적 작성 작업', '04:00', '02:30', '견적 작성 활동', 'ESTIMATE'),
('Y', '2024-12-26', 12, '2024-11-06 15:35:33.629', 8, '2024-11-06 15:35:33.629', '클라이언트 미팅 준비', '07:00', '06:00', '클라이언트 미팅 준비', 'SALES'),
('Y', '2024-12-13', 12, '2024-11-06 15:35:33.629', 17, '2024-11-06 15:35:33.629', '클라이언트 미팅 준비', '14:00', '13:00', '클라이언트 미팅 준비', 'SALES'),
('Y', '2024-12-12', 12, '2024-11-06 15:35:33.629', 2, '2024-11-06 15:35:33.629', '계약 조건 조정', '15:30', '14:30', '계약 조건 조정', 'CONTRACT'),
('Y', '2024-12-09', 12, '2024-11-06 15:35:33.629', 30, '2024-11-06 15:35:33.629', '계약 협상 회의', '03:30', '02:00', '계약 협상 미팅', 'CONTRACT');

-- >>>>>>>>>>>> 영업기회 <<<<<<<<<<<<<<
-- 영업기회
INSERT INTO tb_lead (created_at, updated_at, start_date, end_date, exp_sales, exp_profit, exp_margin, name, note, process, status, sub_process, success_per, aware_path, customer_no)
VALUES (NOW(), NOW(), '2023-12-01', '2024-01-15', 27900000, 13950000, 50, '커피왕 - 홍길동 원두 구매', '커피왕 - 홍길동 고객에게 제공되는 고급 원두와 커피머신 제안', 1, 'SUCCESS', 5, 100, 'NEWSPAPER', 1),
       (NOW(), NOW(), '2023-12-01', '2024-01-15', 26000000, 13000000, 50, '원두전문 - 김영희 원두 구매', '원두전문 - 김영희 고객에게 제공되는 고급 원두와 커피머신 제안', 1, 'SUCCESS', 5, 100, 'SEARCH', 2),
       (NOW(), NOW(), '2023-12-01', '2024-01-15', 25950000, 12975000, 50, '커피트레이드 - 박철수 원두 구매', '커피트레이드 - 박철수에게 제공되는 고급 원두와 커피머신 제안', 1, 'SUCCESS', 5, 100, 'EDUCATION', 3),
       (NOW(), NOW(), '2023-12-01', '2024-01-15', 27950000, 13975000, 50, '원두마켓 - 이승현 원두 구매', '원두마켓 - 이승현 고객에게 제공되는 고급 원두와 커피머신 제안', 1, 'SUCCESS', 5, 100, 'INTRODUCE', 4),
       (NOW(), NOW(), '2023-12-01', '2024-01-15', 29000000, 14500000, 50, '커피플랜트 - 정민수 원두 구매', '커피플랜트 - 정민수 고객에게 제공되는 고급 원두와 커피머신 제안', 1, 'SUCCESS', 5, 100, 'PARTNER', 5),
       (NOW(), NOW(), '2024-01-01', '2024-02-15', 27900000, 13950000, 50, '커피나무 - 서지수 원두 구매', '커피나무 - 서지수 고객에게 제공되는 고급 원두와 커피머신 제안', 1, 'SUCCESS', 5, 100,'ETC', 6),
       (NOW(), NOW(), '2024-01-01', '2024-02-15', 26000000, 13000000, 50, '원두가게 - 김도현 원두 구매', '원두가게 - 김도현 고객에게 제공되는 고급 원두와 커피머신 제안', 1, 'SUCCESS', 5, 100,'NEWSPAPER', 7),
       (NOW(), NOW(), '2024-01-01', '2024-02-15', 25950000, 12975000, 50, '커피스토어 - 최혜린 원두 구매', '커피스토어 - 최혜린 고객에게 제공되는 고급 원두와 커피머신 제안', 1, 'SUCCESS', 5, 100, 'SEARCH',8),
       (NOW(), NOW(), '2024-01-01', '2024-02-15', 27950000, 13975000, 50, '원두파머 - 한지원 원두 구매', '원두파머 - 한지원 고객에게 제공되는 고급 원두와 커피머신 제안', 1, 'SUCCESS', 5, 100, 'EDUCATION', 9),
       (NOW(), NOW(), '2024-02-01', '2024-03-17', 1410000, 987000, 70, '기존고객 원두 판매', '기존고객 다른 원두 판매', 1, 'SUCCESS', 5, 100, 'EXISTING', 2),
       (NOW(), NOW(), '2024-02-01', '2024-03-17', 1410000, 987000, 70, '기존고객 원두 판매', '기존고객 다른 원두 판매', 1, 'SUCCESS', 5, 100, 'EXISTING', 3),
       (NOW(), NOW(), '2024-02-01', '2024-03-17', 1410000, 987000, 70, '기존고객 원두 판매', '기존고객 다른 원두 판매', 1, 'SUCCESS', 5, 100, 'EXISTING', 5),
       (NOW(), NOW(), '2024-02-01', '2024-03-17', 29000000, 14500000, 50, '원두드림 - 장윤아 원두 구매', '원두드림 - 장윤아 고객에게 제공되는 고급 원두와 커피머신 제안', 1, 'SUCCESS', 5, 100, 'INTRODUCE', 10),
       (NOW(), NOW(), '2024-02-01', '2024-03-17', 27900000, 13950000, 50, '커피농장 - 고객11 원두 구매', '커피농장 - 고객11 고객에게 제공되는 고급 원두와 커피머신 제안', 1, 'SUCCESS', 5, 100, 'PARTNER', 11),
       (NOW(), NOW(), '2024-02-01', '2024-03-17', 26000000, 13000000, 50, '원두왕국 - 고객12 원두 구매', '원두왕국 - 고객12 고객에게 제공되는 고급 원두와 커피머신 제안', 1, 'SUCCESS', 5, 100, 'ETC',12),
       (NOW(), NOW(), '2024-02-01', '2024-03-17', 25950000, 12975000, 50, '바리스타 - 고객13 원두 구매', '바리스타 - 고객13 고객에게 제공되는 고급 원두와 커피머신 제안', 1, 'SUCCESS', 5, 100, 'NEWSPAPER',13),
       (NOW(), NOW(), '2024-03-01', '2024-04-15', 1410000, 987000, 70, '기존고객 원두 판매', '기존고객 다른 원두 판매', 1, 'FAIL', 2, 10, 'EXISTING', 6),
       (NOW(), NOW(), '2024-03-01', '2024-04-15', 1410000, 987000, 70, '기존고객 원두 판매', '기존고객 다른 원두 판매', 1, 'FAIL', 3, 20, 'EXISTING', 7),
       (NOW(), NOW(), '2024-03-01', '2024-04-15', 1410000, 987000, 70, '기존고객 원두 판매', '기존고객 다른 원두 판매', 1, 'HOLD', 4, 60, 'EXISTING', 9),
       (NOW(), NOW(), '2024-03-01', '2024-04-15', 27950000, 13975000, 50, '커피팜 - 고객14 원두 구매', '커피팜 - 고객14 고객에게 제공되는 고급 원두와 커피머신 제안', 1, 'SUCCESS', 5, 100, 'SEARCH',14),
       (NOW(), NOW(), '2024-03-01', '2024-04-15', 29000000, 14500000, 50, '원두해 - 고객15 원두 구매', '원두해 - 고객15 고객에게 제공되는 고급 원두와 커피머신 제안', 1, 'SUCCESS', 5, 100, 'SEARCH', 15),
       (NOW(), NOW(), '2024-03-01', '2024-04-15', 27900000, 13950000, 50, '커피향 - 고객16 원두 구매', '커피향 - 고객16 고객에게 제공되는 고급 원두와 커피머신 제안', 1, 'SUCCESS', 5, 100, 'INTRODUCE', 16),
       (NOW(), NOW(), '2024-03-01', '2024-04-15', 26000000, 13000000, 50, '원두콜렉션 - 고객17 원두 구매', '원두콜렉션 - 고객17 고객에게 제공되는 고급 원두와 커피머신 제안', 1, 'SUCCESS', 5, 100, 'PARTNER', 17),
       (NOW(), NOW(), '2024-04-01', '2024-05-16', 1410000, 987000, 70, '기존고객 원두 판매', '기존고객 다른 원두 판매', 1, 'SUCCESS', 5, 100, 'EXISTING', 10),
       (NOW(), NOW(), '2024-04-01', '2024-05-16', 1410000, 987000, 70, '기존고객 원두 판매', '기존고객 다른 원두 판매', 1, 'SUCCESS', 5, 100, 'EXISTING', 11),
       (NOW(), NOW(), '2024-04-01', '2024-05-16', 1410000, 987000, 70, '기존고객 원두 판매', '기존고객 다른 원두 판매', 1, 'SUCCESS', 5, 100, 'EXISTING', 13),
       (NOW(), NOW(), '2024-04-01', '2024-05-16', 25950000, 12975000, 50, '커피로드 - 고객18 원두 구매', '커피로드 - 고객18 고객에게 제공되는 고급 원두와 커피머신 제안', 1, 'SUCCESS', 5, 100, 'PARTNER', 18),
       (NOW(), NOW(), '2024-04-01', '2024-05-16', 27950000, 13975000, 50, '커피필드 - 고객19 원두 구매', '커피필드 - 고객19 고객에게 제공되는 고급 원두와 커피머신 제안', 1, 'SUCCESS', 5, 100, 'NEWSPAPER', 19),
       (NOW(), NOW(), '2024-04-01', '2024-05-16', 29000000, 14500000, 50, '원두농장 - 고객20 원두 구매', '원두농장 - 고객20 고객에게 제공되는 고급 원두와 커피머신 제안', 1, 'SUCCESS', 5, 100, 'PARTNER', 20),
       (NOW(), NOW(), '2024-04-01', '2024-05-16', 27900000, 13950000, 50, '커피의정원 - 고객21 원두 구매', '커피의정원 - 고객21 고객에게 제공되는 고급 원두와 커피머신 제안', 1, 'SUCCESS', 5, 100,'SEARCH',21),
       (NOW(), NOW(), '2024-05-01', '2024-06-15', 1410000, 987000, 70, '기존고객 원두 판매', '기존고객 다른 원두 판매', 1, 'HOLD', 2, 10, 'EXISTING', 18),
       (NOW(), NOW(), '2024-05-01', '2024-06-15', 1410000, 987000, 70, '기존고객 원두 판매', '기존고객 다른 원두 판매', 1, 'FAIL', 3, 20, 'EXISTING', 19),
       (NOW(), NOW(), '2024-05-01', '2024-06-15', 1410000, 987000, 70, '기존고객 원두 판매', '기존고객 다른 원두 판매', 1, 'HOLD', 4, 60, 'EXISTING', 20),
       (NOW(), NOW(), '2024-05-01', '2024-06-15', 26000000, 13000000, 50, '커피월드 - 고객22 원두 구매', '커피월드 - 고객22 고객에게 제공되는 고급 원두와 커피머신 제안', 1, 'SUCCESS', 5, 100,'EDUCATION',22),
       (NOW(), NOW(), '2024-05-01', '2024-06-15', 25950000, 12975000, 50, '원두유통 - 고객23 원두 구매', '원두유통 - 고객23 고객에게 제공되는 고급 원두와 커피머신 제안', 1, 'SUCCESS', 5, 100,'SEARCH',23),
       (NOW(), NOW(), '2024-05-01', '2024-06-15', 27950000, 13975000, 50, '커피와행복 - 고객24 원두 구매', '커피와행복 - 고객24 고객에게 제공되는 고급 원두와 커피머신 제안', 1, 'SUCCESS', 5, 100,'EDUCATION',24),
       (NOW(), NOW(), '2024-05-01', '2024-06-15', 29000000, 14500000, 50, '커피사랑 - 고객25 원두 구매', '커피사랑 - 고객25 고객에게 제공되는 고급 원두와 커피머신 제안', 1, 'SUCCESS', 5, 100,'EDUCATION',25),
       (NOW(), NOW(), '2024-06-01', '2024-07-16', 1410000, 987000, 70, '기존고객 원두 판매', '기존고객 다른 원두 판매', 1, 'SUCCESS', 5, 100, 'EXISTING', 22),
       (NOW(), NOW(), '2024-06-01', '2024-07-16', 1410000, 987000, 70, '기존고객 원두 판매', '기존고객 다른 원두 판매', 1, 'SUCCESS', 5, 100, 'EXISTING', 24),
       (NOW(), NOW(), '2024-06-01', '2024-07-16', 1410000, 987000, 70, '기존고객 원두 판매', '기존고객 다른 원두 판매', 1, 'SUCCESS', 5, 100, 'EXISTING', 25),
       (NOW(), NOW(), '2024-06-01', '2024-07-16', 27900000, 13950000, 50, '원두의고수 - 고객26 원두 구매', '원두의고수 - 고객26 고객에게 제공되는 고급 원두와 커피머신 제안', 1, 'SUCCESS', 5, 100,'EDUCATION',26),
       (NOW(), NOW(), '2024-06-01', '2024-07-16', 26000000, 13000000, 50, '커피도시 - 고객27 원두 구매', '커피도시 - 고객27 고객에게 제공되는 고급 원두와 커피머신 제안', 1, 'SUCCESS', 5, 100,'SEARCH',27),
       (NOW(), NOW(), '2024-06-01', '2024-07-16', 25950000, 12975000, 50, '원두의세계 - 고객28 원두 구매', '원두의세계 - 고객28 고객에게 제공되는 고급 원두와 커피머신 제안', 1, 'SUCCESS', 5, 100,'SEARCH',28),
       (NOW(), NOW(), '2024-06-01', '2024-07-16', 27950000, 13975000, 50, '커피에세이 - 고객29 원두 구매', '커피에세이 - 고객29 고객에게 제공되는 고급 원두와 커피머신 제안', 1, 'SUCCESS', 5, 100,'INTRODUCE',29),
       (NOW(), NOW(), '2024-07-01', '2024-08-15', 1410000, 987000, 70, '기존고객 원두 판매', '기존고객 다른 원두 판매', 1, 'FAIL', 2, 10, 'EXISTING', 27),
       (NOW(), NOW(), '2024-07-01', '2024-08-15', 1410000, 987000, 70, '기존고객 원두 판매', '기존고객 다른 원두 판매', 1, 'FAIL', 3, 20, 'EXISTING', 28),
       (NOW(), NOW(), '2024-07-01', '2024-08-15', 1410000, 987000, 70, '기존고객 원두 판매', '기존고객 다른 원두 판매', 1, 'FAIL', 4, 60, 'EXISTING', 29),
       (NOW(), NOW(), '2024-07-01', '2024-08-15', 29000000, 14500000, 50, '커피히어로 - 고객30 원두 구매', '커피히어로 - 고객30 고객에게 제공되는 고급 원두와 커피머신 제안', 1, 'SUCCESS', 5, 100,'SEARCH',30),
       (NOW(), NOW(), '2024-07-01', '2024-08-15', 27900000, 13950000, 50, '커피플랜트 - 고객31 원두 구매', '커피플랜트 - 고객31 고객에게 제공되는 고급 원두와 커피머신 제안', 1, 'SUCCESS', 5, 100,'INTRODUCE',31),
       (NOW(), NOW(), '2024-07-01', '2024-08-15', 26000000, 13000000, 50, '원두장터 - 고객32 원두 구매', '원두장터 - 고객32 고객에게 제공되는 고급 원두와 커피머신 제안', 1, 'SUCCESS', 5, 100,'PARTNER',32),
       (NOW(), NOW(), '2024-07-01', '2024-08-15', 25950000, 12975000, 50, '커피챔피언 - 고객33 원두 구매', '커피챔피언 - 고객33 고객에게 제공되는 고급 원두와 커피머신 제안', 1, 'SUCCESS', 5, 100,'PARTNER',33),
       (NOW(), NOW(), '2024-08-01', '2024-09-15', 1410000, 987000, 70, '기존고객 원두 판매', '기존고객 다른 원두 판매', 1, 'HOLD', 3, 20, 'EXISTING', 1),
       (NOW(), NOW(), '2024-08-01', '2024-09-15', 1410000, 987000, 70, '기존고객 원두 판매', '기존고객 다른 원두 판매', 1, 'SUCCESS', 5, 100, 'EXISTING', 1),
       (NOW(), NOW(), '2024-08-01', '2024-09-15', 1410000, 987000, 70, '기존고객 원두 판매', '기존고객 다른 원두 판매', 1, 'HOLD', 3, 20, 'EXISTING', 1),
       (NOW(), NOW(), '2024-08-01', '2024-09-15', 27950000, 13975000, 50, '커피스토어 - 고객34 원두 구매', '커피스토어 - 고객34 고객에게 제공되는 고급 원두와 커피머신 제안', 1, 'SUCCESS', 5, 100,'INTRODUCE',34),
       (NOW(), NOW(), '2024-08-01', '2024-09-15', 29000000, 14500000, 50, '원두박사 - 고객35 원두 구매', '원두박사 - 고객35 고객에게 제공되는 고급 원두와 커피머신 제안', 1, 'SUCCESS', 5, 100,'PARTNER',35),
       (NOW(), NOW(), '2024-08-01', '2024-09-15', 27900000, 13950000, 50, '커피로드 - 고객36 원두 구매', '커피로드 - 고객36 고객에게 제공되는 고급 원두와 커피머신 제안', 1, 'SUCCESS', 5, 100,'SEARCH',36),
       (NOW(), NOW(), '2024-08-01', '2024-09-15', 26000000, 13000000, 50, '커피유통 - 고객37 원두 구매', '커피유통 - 고객37 고객에게 제공되는 고급 원두와 커피머신 제안', 1, 'SUCCESS', 5, 100,'PARTNER',37),
       (NOW(), NOW(), '2024-09-01', '2024-10-16', 1410000, 987000, 70, '기존고객 원두 판매', '기존고객 다른 원두 판매', 1, 'FAIL', 2, 10, 'EXISTING', 34),
       (NOW(), NOW(), '2024-09-01', '2024-10-16', 1410000, 987000, 70, '기존고객 원두 판매', '기존고객 다른 원두 판매', 1, 'FAIL', 3, 20, 'EXISTING', 35),
       (NOW(), NOW(), '2024-09-01', '2024-10-16', 1410000, 987000, 70, '기존고객 원두 판매', '기존고객 다른 원두 판매', 1, 'FAIL', 4, 60, 'EXISTING', 36),
       (NOW(), NOW(), '2024-09-01', '2024-10-16', 25950000, 12975000, 50, '원두하우스 - 고객38 원두 구매', '원두하우스 - 고객38 고객에게 제공되는 고급 원두와 커피머신 제안', 1, 'SUCCESS', 5, 100,'SEARCH',38),
       (NOW(), NOW(), '2024-09-01', '2024-10-16', 27950000, 13975000, 50, '커피존 - 고객39 원두 구매', '커피존 - 고객39 고객에게 제공되는 고급 원두와 커피머신 제안', 1, 'SUCCESS', 5, 100,'INTRODUCE',39),
       (NOW(), NOW(), '2024-09-01', '2024-10-16', 29000000, 14500000, 50, '커피네이션 - 고객40 원두 구매', '커피네이션 - 고객40 고객에게 제공되는 고급 원두와 커피머신 제안', 1, 'SUCCESS', 5, 100,'PARTNER',40),
       (NOW(), NOW(), '2024-09-01', '2024-10-16', 27900000, 13950000, 50, '커피월드 - 고객41 원두 구매', '커피월드 - 고객41 고객에게 제공되는 고급 원두와 커피머신 제안', 1, 'SUCCESS', 5, 100,'INTRODUCE',41),
       (NOW(), NOW(), '2024-10-01', '2024-11-15', 1410000, 987000, 70, '기존고객 원두 판매', '기존고객 다른 원두 판매', 1, 'SUCCESS', 5, 100, 'EXISTING', 38),
       (NOW(), NOW(), '2024-10-01', '2024-11-15', 1410000, 987000, 70, '기존고객 원두 판매', '기존고객 다른 원두 판매', 1, 'SUCCESS', 5, 100, 'EXISTING', 40),
       (NOW(), NOW(), '2024-10-01', '2024-11-15', 1410000, 987000, 70, '기존고객 원두 판매', '기존고객 다른 원두 판매', 1, 'SUCCESS', 5, 100, 'EXISTING', 41),
       (NOW(), NOW(), '2024-10-01', '2024-11-15', 26000000, 13000000, 50, '원두사랑 - 고객42 원두 구매', '원두사랑 - 고객42 고객에게 제공되는 고급 원두와 커피머신 제안', 1, 'SUCCESS', 5, 100,'PARTNER',42),
       (NOW(), NOW(), '2024-10-01', '2024-11-15', 25950000, 12975000, 50, '커피천국 - 고객43 원두 구매', '커피천국 - 고객43 고객에게 제공되는 고급 원두와 커피머신 제안', 1, 'SUCCESS', 5, 100,'EDUCATION',43),
       (NOW(), NOW(), '2024-10-01', '2024-11-15', 27950000, 13975000, 50, '원두마을 - 고객44 원두 구매', '원두마을 - 고객44 고객에게 제공되는 고급 원두와 커피머신 제안', 1, 'SUCCESS', 5, 100,'SEARCH',44),
       (NOW(), NOW(), '2024-10-01', '2024-11-15', 29000000, 14500000, 50, '커피마켓 - 고객45 원두 구매', '커피마켓 - 고객45 고객에게 제공되는 고급 원두와 커피머신 제안', 1, 'SUCCESS', 5, 100,'PARTNER',45),
       (NOW(), NOW(), '2024-11-01', '2024-12-16', 1410000, 987000, 70, '기존고객 원두 판매', '기존고객 다른 원두 판매', 1, 'PROGRESS', 1, 0, 'EXISTING', 42),
       (NOW(), NOW(), '2024-11-01', '2024-12-16', 1410000, 987000, 70, '기존고객 원두 판매', '기존고객 다른 원두 판매', 1, 'PROGRESS', 1, 0, 'EXISTING', 43),
       (NOW(), NOW(), '2024-11-01', '2024-12-16', 1410000, 987000, 70, '기존고객 원두 판매', '기존고객 다른 원두 판매', 1, 'PROGRESS', 1, 0, 'EXISTING', 44),
       (NOW(), NOW(), '2024-11-01', '2024-12-16', 27900000, 13950000, 50, '커피천사 - 고객46 원두 구매', '커피천사 - 고객46 고객에게 제공되는 고급 원두와 커피머신 제안', 1, 'PROGRESS', 1, 0,'PARTNER',46),
       (NOW(), NOW(), '2024-11-01', '2024-12-16', 26000000, 13000000, 50, '원두천국 - 고객47 원두 구매', '원두천국 - 고객47 고객에게 제공되는 고급 원두와 커피머신 제안', 1, 'PROGRESS', 1, 0,'PARTNER',47),
       (NOW(), NOW(), '2024-11-01', '2024-12-16', 25950000, 12975000, 50, '커피존 - 고객48 원두 구매', '커피존 - 고객48 고객에게 제공되는 고급 원두와 커피머신 제안', 1, 'PROGRESS', 1, 0,'EDUCATION',48),
       (NOW(), NOW(), '2024-11-01', '2024-12-16', 27950000, 13975000, 50, '커피장인 - 고객49 원두 구매', '커피장인 - 고객49 고객에게 제공되는 고급 원두와 커피머신 제안', 1, 'PROGRESS', 1, 0,'SEARCH',49),
       (NOW(), NOW(), '2024-11-01', '2024-12-16', 29000000, 14500000, 50, '커피와함께 - 고객50 원두 구매', '커피와함께 - 고객50 고객에게 제공되는 고급 원두와 커피머신 제안', 1, 'PROGRESS', 1, 0,'EDUCATION',50) ;

-- 영업단계
INSERT INTO tb_step(complete_yn, complete_date, LEVEL, lead_no, sub_process_no)
VALUES ('Y', '2023-12-05', 0, 1, 1),
       ('Y', '2024-12-15', 1, 1, 2),
       ('Y', '2024-12-20', 2, 1, 3),
       ('Y', '2024-12-25', 3, 1, 4),
       ('Y', '2024-01-15', 4, 1, 5),
       ('Y', '2023-12-05', 0, 2, 1),
       ('Y', '2024-12-15', 1, 2, 2),
       ('Y', '2024-12-20', 2, 2, 3),
       ('Y', '2024-12-25', 3, 2, 4),
       ('Y', '2024-01-15', 4, 2, 5),
       ('Y', '2023-12-05', 0, 3, 1),
       ('Y', '2024-12-15', 1, 3, 2),
       ('Y', '2024-12-20', 2, 3, 3),
       ('Y', '2024-12-25', 3, 3, 4),
       ('Y', '2024-01-15', 4, 3, 5),
       ('Y', '2023-12-05', 0, 4, 1),
       ('Y', '2024-12-15', 1, 4, 2),
       ('Y', '2024-12-20', 2, 4, 3),
       ('Y', '2024-12-25', 3, 4, 4),
       ('Y', '2024-01-15', 4, 4, 5),
       ('Y', '2023-12-05', 0, 5, 1),
       ('Y', '2024-12-15', 1, 5, 2),
       ('Y', '2024-12-20', 2, 5, 3),
       ('Y', '2024-12-25', 3, 5, 4),
       ('Y', '2024-01-15', 4, 5, 5),
       ('Y', '2024-01-05', 0, 6, 1),
       ('Y', '2024-01-15', 1, 6, 2),
       ('Y', '2024-01-20', 2, 6, 3),
       ('Y', '2024-01-25', 3, 6, 4),
       ('Y', '2024-02-15', 4, 6, 5),
       ('Y', '2024-01-05', 0, 7, 1),
       ('Y', '2024-01-15', 1, 7, 2),
       ('Y', '2024-01-20', 2, 7, 3),
       ('Y', '2024-01-25', 3, 7, 4),
       ('Y', '2024-02-15', 4, 7, 5),
       ('Y', '2024-01-05', 0, 8, 1),
       ('Y', '2024-01-15', 1, 8, 2),
       ('Y', '2024-01-20', 2, 8, 3),
       ('Y', '2024-01-25', 3, 8, 4),
       ('Y', '2024-02-15', 4, 8, 5),
       ('Y', '2024-01-05', 0, 9, 1),
       ('Y', '2024-01-15', 1, 9, 2),
       ('Y', '2024-01-20', 2, 9, 3),
       ('Y', '2024-01-25', 3, 9, 4),
       ('Y', '2024-02-15', 4, 9, 5),
       ('Y', '2024-02-05', 0, 10, 1),
       ('Y', '2024-02-15', 1, 10, 2),
       ('Y', '2024-02-20', 2, 10, 3),
       ('Y', '2024-02-25', 3, 10, 4),
       ('Y', '2024-03-17', 4, 10, 5),
       ('Y', '2024-02-05', 0, 11, 1),
       ('Y', '2024-02-15', 1, 11, 2),
       ('Y', '2024-02-20', 2, 11, 3),
       ('Y', '2024-02-25', 3, 11, 4),
       ('Y', '2024-03-17', 4, 11, 5),
       ('Y', '2024-02-05', 0, 12, 1),
       ('Y', '2024-02-15', 1, 12, 2),
       ('Y', '2024-02-20', 2, 12, 3),
       ('Y', '2024-02-25', 3, 12, 4),
       ('Y', '2024-03-17', 4, 12, 5),
       ('Y', '2024-02-05', 0, 13, 1),
       ('Y', '2024-02-15', 1, 13, 2),
       ('Y', '2024-02-20', 2, 13, 3),
       ('Y', '2024-02-25', 3, 13, 4),
       ('Y', '2024-03-17', 4, 13, 5),
       ('Y', '2024-02-05', 0, 14, 1),
       ('Y', '2024-02-15', 1, 14, 2),
       ('Y', '2024-02-20', 2, 14, 3),
       ('Y', '2024-02-25', 3, 14, 4),
       ('Y', '2024-03-17', 4, 14, 5),
       ('Y', '2024-02-05', 0, 15, 1),
       ('Y', '2024-02-15', 1, 15, 2),
       ('Y', '2024-02-20', 2, 15, 3),
       ('Y', '2024-02-25', 3, 15, 4),
       ('Y', '2024-03-17', 4, 15, 5),
       ('Y', '2024-02-05', 0, 16, 1),
       ('Y', '2024-02-15', 1, 16, 2),
       ('Y', '2024-02-20', 2, 16, 3),
       ('Y', '2024-02-25', 3, 16, 4),
       ('Y', '2024-03-17', 4, 16, 5),
       ('Y', '2024-03-05', 0, 17, 1),
       ('Y', '2024-03-15', 1, 17, 2),
       ('N', NULL, 2, 17, 3),
       ('N', NULL, 3, 17, 4),
       ('N', NULL, 4, 17, 5),
       ('Y', '2024-03-05', 0, 18, 1),
       ('Y', '2024-03-15', 1, 18, 2),
       ('Y', '2024-03-20', 2, 18, 3),
       ('N', NULL, 3, 18, 4),
       ('N', NULL, 4, 18, 5),
       ('Y', '2024-03-05', 0, 19, 1),
       ('Y', '2024-03-15', 1, 19, 2),
       ('Y', '2024-03-20', 2, 19, 3),
       ('Y', '2024-03-25', 3, 19, 4),
       ('N', NULL, 4, 19, 5),
       ('Y', '2024-03-05', 0, 20, 1),
       ('Y', '2024-03-15', 1, 20, 2),
       ('Y', '2024-03-20', 2, 20, 3),
       ('Y', '2024-03-25', 3, 20, 4),
       ('Y', '2024-04-15', 4, 20, 5),
       ('Y', '2024-03-05', 0, 21, 1),
       ('Y', '2024-03-15', 1, 21, 2),
       ('Y', '2024-03-20', 2, 21, 3),
       ('Y', '2024-03-25', 3, 21, 4),
       ('Y', '2024-04-15', 4, 21, 5),
       ('Y', '2024-03-05', 0, 22, 1),
       ('Y', '2024-03-15', 1, 22, 2),
       ('Y', '2024-03-20', 2, 22, 3),
       ('Y', '2024-03-25', 3, 22, 4),
       ('Y', '2024-04-15', 4, 22, 5),
       ('Y', '2024-03-05', 0, 23, 1),
       ('Y', '2024-03-15', 1, 23, 2),
       ('Y', '2024-03-20', 2, 23, 3),
       ('Y', '2024-03-25', 3, 23, 4),
       ('Y', '2024-04-15', 4, 23, 5),
       ('Y', '2024-04-05', 0, 24, 1),
       ('Y', '2024-04-15', 1, 24, 2),
       ('Y', '2024-04-20', 2, 24, 3),
       ('Y', '2024-04-25', 3, 24, 4),
       ('Y', '2024-05-16', 4, 24, 5),
       ('Y', '2024-04-05', 0, 25, 1),
       ('Y', '2024-04-15', 1, 25, 2),
       ('Y', '2024-04-20', 2, 25, 3),
       ('Y', '2024-04-25', 3, 25, 4),
       ('Y', '2024-05-16', 4, 25, 5),
       ('Y', '2024-04-05', 0, 26, 1),
       ('Y', '2024-04-15', 1, 26, 2),
       ('Y', '2024-04-20', 2, 26, 3),
       ('Y', '2024-04-25', 3, 26, 4),
       ('Y', '2024-05-16', 4, 26, 5),
       ('Y', '2024-04-05', 0, 27, 1),
       ('Y', '2024-04-15', 1, 27, 2),
       ('Y', '2024-04-20', 2, 27, 3),
       ('Y', '2024-04-25', 3, 27, 4),
       ('Y', '2024-05-16', 4, 27, 5),
       ('Y', '2024-04-05', 0, 28, 1),
       ('Y', '2024-04-15', 1, 28, 2),
       ('Y', '2024-04-20', 2, 28, 3),
       ('Y', '2024-04-25', 3, 28, 4),
       ('Y', '2024-05-16', 4, 28, 5),
       ('Y', '2024-04-05', 0, 29, 1),
       ('Y', '2024-04-15', 1, 29, 2),
       ('Y', '2024-04-20', 2, 29, 3),
       ('Y', '2024-04-25', 3, 29, 4),
       ('Y', '2024-05-16', 4, 29, 5),
       ('Y', '2024-04-05', 0, 30, 1),
       ('Y', '2024-04-15', 1, 30, 2),
       ('Y', '2024-04-20', 2, 30, 3),
       ('Y', '2024-04-25', 3, 30, 4),
       ('Y', '2024-05-16', 4, 30, 5),
       ('Y', '2024-05-05', 0, 31, 1),
       ('Y', '2024-05-15', 1, 31, 2),
       ('N', NULL, 2, 31, 3),
       ('N', NULL, 3, 31, 4),
       ('N', NULL, 4, 31, 5),
       ('Y', '2024-05-05', 0, 32, 1),
       ('Y', '2024-05-15', 1, 32, 2),
       ('Y', '2024-05-20', 2, 32, 3),
       ('N', NULL, 3, 32, 4),
       ('N', NULL, 4, 32, 5),
       ('Y', '2024-05-05', 0, 33, 1),
       ('Y', '2024-05-15', 1, 33, 2),
       ('Y', '2024-05-20', 2, 33, 3),
       ('Y', '2024-05-25', 3, 33, 4),
       ('N', NULL, 4, 33, 5),
       ('Y', '2024-05-05', 0, 34, 1),
       ('Y', '2024-05-15', 1, 34, 2),
       ('Y', '2024-05-20', 2, 34, 3),
       ('Y', '2024-05-25', 3, 34, 4),
       ('Y', '2024-06-15', 4, 34, 5),
       ('Y', '2024-05-05', 0, 35, 1),
       ('Y', '2024-05-15', 1, 35, 2),
       ('Y', '2024-05-20', 2, 35, 3),
       ('Y', '2024-05-25', 3, 35, 4),
       ('Y', '2024-06-15', 4, 35, 5),
       ('Y', '2024-05-05', 0, 36, 1),
       ('Y', '2024-05-15', 1, 36, 2),
       ('Y', '2024-05-20', 2, 36, 3),
       ('Y', '2024-05-25', 3, 36, 4),
       ('Y', '2024-06-15', 4, 36, 5),
       ('Y', '2024-05-05', 0, 37, 1),
       ('Y', '2024-05-15', 1, 37, 2),
       ('Y', '2024-05-20', 2, 37, 3),
       ('Y', '2024-05-25', 3, 37, 4),
       ('Y', '2024-06-15', 4, 37, 5),
       ('Y', '2024-06-05', 0, 38, 1),
       ('Y', '2024-06-15', 1, 38, 2),
       ('Y', '2024-06-20', 2, 38, 3),
       ('Y', '2024-06-25', 3, 38, 4),
       ('Y', '2024-07-16', 4, 38, 5),
       ('Y', '2024-06-05', 0, 39, 1),
       ('Y', '2024-06-15', 1, 39, 2),
       ('Y', '2024-06-20', 2, 39, 3),
       ('Y', '2024-06-25', 3, 39, 4),
       ('Y', '2024-07-16', 4, 39, 5),
       ('Y', '2024-06-05', 0, 40, 1),
       ('Y', '2024-06-15', 1, 40, 2),
       ('Y', '2024-06-20', 2, 40, 3),
       ('Y', '2024-06-25', 3, 40, 4),
       ('Y', '2024-07-16', 4, 40, 5),
       ('Y', '2024-06-05', 0, 41, 1),
       ('Y', '2024-06-15', 1, 41, 2),
       ('Y', '2024-06-20', 2, 41, 3),
       ('Y', '2024-06-25', 3, 41, 4),
       ('Y', '2024-07-16', 4, 41, 5),
       ('Y', '2024-06-05', 0, 42, 1),
       ('Y', '2024-06-15', 1, 42, 2),
       ('Y', '2024-06-20', 2, 42, 3),
       ('Y', '2024-06-25', 3, 42, 4),
       ('Y', '2024-07-16', 4, 42, 5),
       ('Y', '2024-06-05', 0, 43, 1),
       ('Y', '2024-06-15', 1, 43, 2),
       ('Y', '2024-06-20', 2, 43, 3),
       ('Y', '2024-06-25', 3, 43, 4),
       ('Y', '2024-07-16', 4, 43, 5),
       ('Y', '2024-06-05', 0, 44, 1),
       ('Y', '2024-06-15', 1, 44, 2),
       ('Y', '2024-06-20', 2, 44, 3),
       ('Y', '2024-06-25', 3, 44, 4),
       ('Y', '2024-07-16', 4, 44, 5),
       ('Y', '2024-07-05', 0, 45, 1),
       ('Y', '2024-07-15', 1, 45, 2),
       ('N', NULL, 2, 45, 3),
       ('N', NULL, 3, 45, 4),
       ('N', NULL, 4, 45, 5),
       ('Y', '2024-07-05', 0, 46, 1),
       ('Y', '2024-07-15', 1, 46, 2),
       ('Y', '2024-07-20', 2, 46, 3),
       ('N', NULL, 3, 46, 4),
       ('N', NULL, 4, 46, 5),
       ('Y', '2024-07-05', 0, 47, 1),
       ('Y', '2024-07-15', 1, 47, 2),
       ('Y', '2024-07-20', 2, 47, 3),
       ('Y', '2024-07-25', 3, 47, 4),
       ('N', NULL, 4, 47, 5),
       ('Y', '2024-07-05', 0, 48, 1),
       ('Y', '2024-07-15', 1, 48, 2),
       ('Y', '2024-07-20', 2, 48, 3),
       ('Y', '2024-07-25', 3, 48, 4),
       ('Y', '2024-08-15', 4, 48, 5),
       ('Y', '2024-07-05', 0, 49, 1),
       ('Y', '2024-07-15', 1, 49, 2),
       ('Y', '2024-07-20', 2, 49, 3),
       ('Y', '2024-07-25', 3, 49, 4),
       ('Y', '2024-08-15', 4, 49, 5),
       ('Y', '2024-07-05', 0, 50, 1),
       ('Y', '2024-07-15', 1, 50, 2),
       ('Y', '2024-07-20', 2, 50, 3),
       ('Y', '2024-07-25', 3, 50, 4),
       ('Y', '2024-08-15', 4, 50, 5),
       ('Y', '2024-07-05', 0, 51, 1),
       ('Y', '2024-07-15', 1, 51, 2),
       ('Y', '2024-07-20', 2, 51, 3),
       ('Y', '2024-07-25', 3, 51, 4),
       ('Y', '2024-08-15', 4, 51, 5),
       ('Y', '2024-08-05', 0, 52, 1),
       ('Y', '2024-08-15', 1, 52, 2),
       ('Y', '2024-08-20', 2, 52, 3),
       ('N', NULL, 3, 52, 4),
       ('N', NULL, 4, 52, 5),
       ('Y', '2024-08-05', 0, 53, 1),
       ('Y', '2024-08-15', 1, 53, 2),
       ('Y', '2024-08-20', 2, 53, 3),
       ('Y', '2024-08-25', 3, 53, 4),
       ('Y', '2024-09-15', 4, 53, 5),
       ('Y', '2024-08-05', 0, 54, 1),
       ('Y', '2024-08-15', 1, 54, 2),
       ('Y', '2024-08-20', 2, 54, 3),
       ('N', NULL, 3, 54, 4),
       ('N', NULL, 4, 54, 5),
       ('Y', '2024-08-05', 0, 55, 1),
       ('Y', '2024-08-15', 1, 55, 2),
       ('Y', '2024-08-20', 2, 55, 3),
       ('Y', '2024-08-25', 3, 55, 4),
       ('Y', '2024-09-15', 4, 55, 5),
       ('Y', '2024-08-05', 0, 56, 1),
       ('Y', '2024-08-15', 1, 56, 2),
       ('Y', '2024-08-20', 2, 56, 3),
       ('Y', '2024-08-25', 3, 56, 4),
       ('Y', '2024-09-15', 4, 56, 5),
       ('Y', '2024-08-05', 0, 57, 1),
       ('Y', '2024-08-15', 1, 57, 2),
       ('Y', '2024-08-20', 2, 57, 3),
       ('Y', '2024-08-25', 3, 57, 4),
       ('Y', '2024-09-15', 4, 57, 5),
       ('Y', '2024-08-05', 0, 58, 1),
       ('Y', '2024-08-15', 1, 58, 2),
       ('Y', '2024-08-20', 2, 58, 3),
       ('Y', '2024-08-25', 3, 58, 4),
       ('Y', '2024-09-15', 4, 58, 5),
       ('Y', '2024-09-05', 0, 59, 1),
       ('Y', '2024-09-15', 1, 59, 2),
       ('N', NULL, 2, 59, 3),
       ('N', NULL, 3, 59, 4),
       ('N', NULL, 4, 59, 5),
       ('Y', '2024-09-05', 0, 60, 1),
       ('Y', '2024-09-15', 1, 60, 2),
       ('Y', '2024-09-20', 2, 60, 3),
       ('N', NULL, 3, 60, 4),
       ('N', NULL, 4, 60, 5),
       ('Y', '2024-09-05', 0, 61, 1),
       ('Y', '2024-09-15', 1, 61, 2),
       ('Y', '2024-09-20', 2, 61, 3),
       ('Y', '2024-09-25', 3, 61, 4),
       ('N', NULL, 4, 61, 5),
       ('Y', '2024-09-05', 0, 62, 1),
       ('Y', '2024-09-15', 1, 62, 2),
       ('Y', '2024-09-20', 2, 62, 3),
       ('Y', '2024-09-25', 3, 62, 4),
       ('Y', '2024-10-16', 4, 62, 5),
       ('Y', '2024-09-05', 0, 63, 1),
       ('Y', '2024-09-15', 1, 63, 2),
       ('Y', '2024-09-20', 2, 63, 3),
       ('Y', '2024-09-25', 3, 63, 4),
       ('Y', '2024-10-16', 4, 63, 5),
       ('Y', '2024-09-05', 0, 64, 1),
       ('Y', '2024-09-15', 1, 64, 2),
       ('Y', '2024-09-20', 2, 64, 3),
       ('Y', '2024-09-25', 3, 64, 4),
       ('Y', '2024-10-16', 4, 64, 5),
       ('Y', '2024-09-05', 0, 65, 1),
       ('Y', '2024-09-15', 1, 65, 2),
       ('Y', '2024-09-20', 2, 65, 3),
       ('Y', '2024-09-25', 3, 65, 4),
       ('Y', '2024-10-16', 4, 65, 5),
       ('Y', '2024-10-05', 0, 66, 1),
       ('Y', '2024-10-15', 1, 66, 2),
       ('Y', '2024-10-20', 2, 66, 3),
       ('Y', '2024-10-25', 3, 66, 4),
       ('Y', '2024-11-15', 4, 66, 5),
       ('Y', '2024-10-05', 0, 67, 1),
       ('Y', '2024-10-15', 1, 67, 2),
       ('Y', '2024-10-20', 2, 67, 3),
       ('Y', '2024-10-25', 3, 67, 4),
       ('Y', '2024-11-15', 4, 67, 5),
       ('Y', '2024-10-05', 0, 68, 1),
       ('Y', '2024-10-15', 1, 68, 2),
       ('Y', '2024-10-20', 2, 68, 3),
       ('Y', '2024-10-25', 3, 68, 4),
       ('Y', '2024-11-15', 4, 68, 5),
       ('Y', '2024-10-05', 0, 69, 1),
       ('Y', '2024-10-15', 1, 69, 2),
       ('Y', '2024-10-20', 2, 69, 3),
       ('Y', '2024-10-25', 3, 69, 4),
       ('Y', '2024-11-15', 4, 69, 5),
       ('Y', '2024-10-05', 0, 70, 1),
       ('Y', '2024-10-15', 1, 70, 2),
       ('Y', '2024-10-20', 2, 70, 3),
       ('Y', '2024-10-25', 3, 70, 4),
       ('Y', '2024-11-15', 4, 70, 5),
       ('Y', '2024-10-05', 0, 71, 1),
       ('Y', '2024-10-15', 1, 71, 2),
       ('Y', '2024-10-20', 2, 71, 3),
       ('Y', '2024-10-25', 3, 71, 4),
       ('Y', '2024-11-15', 4, 71, 5),
       ('Y', '2024-10-05', 0, 72, 1),
       ('Y', '2024-10-15', 1, 72, 2),
       ('Y', '2024-10-20', 2, 72, 3),
       ('Y', '2024-10-25', 3, 72, 4),
       ('Y', '2024-11-15', 4, 72, 5),
       ('Y', '2024-11-05', 0, 73, 1),
       ('N', NULL, 1, 73, 2),
       ('N', NULL, 2, 73, 3),
       ('N', NULL, 3, 73, 4),
       ('N', NULL, 4, 73, 5),
       ('Y', '2024-11-05', 0, 74, 1),
       ('N', NULL, 1, 74, 2),
       ('N', NULL, 2, 74, 3),
       ('N', NULL, 3, 74, 4),
       ('N', NULL, 4, 74, 5),
       ('Y', '2024-11-05', 0, 75, 1),
       ('N', NULL, 1, 75, 2),
       ('N', NULL, 2, 75, 3),
       ('N', NULL, 3, 75, 4),
       ('N', NULL, 4, 75, 5),
       ('Y', '2024-11-05', 0, 76, 1),
       ('N', NULL, 1, 76, 2),
       ('N', NULL, 2, 76, 3),
       ('N', NULL, 3, 76, 4),
       ('N', NULL, 4, 76, 5),
       ('Y', '2024-11-05', 0, 77, 1),
       ('N', NULL, 1, 77, 2),
       ('N', NULL, 2, 77, 3),
       ('N', NULL, 3, 77, 4),
       ('N', NULL, 4, 77, 5),
       ('Y', '2024-11-05', 0, 78, 1),
       ('N', NULL, 1, 78, 2),
       ('N', NULL, 2, 78, 3),
       ('N', NULL, 3, 78, 4),
       ('N', NULL, 4, 78, 5),
       ('Y', '2024-11-05', 0, 79, 1),
       ('N', NULL, 1, 79, 2),
       ('N', NULL, 2, 79, 3),
       ('N', NULL, 3, 79, 4),
       ('N', NULL, 4, 79, 5),
       ('Y', '2024-11-05', 0, 80, 1),
       ('N', NULL, 1, 80, 2),
       ('N', NULL, 2, 80, 3),
       ('N', NULL, 3, 80, 4),
       ('N', NULL, 4, 80, 5) ;

-- >>>>>>>>>>>> 영업활동 @uzz99 <<<<<<<<<<<<<<
INSERT INTO `tb_act` (act_date, calendar_no, created_at, lead_no, updated_at, act_cont, complete_yn, end_time, name, plan_cont, purpose, start_time, cls) VALUES
('2024-01-26', 4, '2024-11-06 02:07:03', 39, '2024-11-06 02:07:03', '일정 조정', 'N', '11:00', '프로모션 상담', '추가 상담 예정', '구매 상담', '09:30', 'EMAIL'),
('2024-02-20', 5, '2024-11-06 02:07:03', 28, '2024-11-06 02:07:03', '상담 요청', 'N', '15:30', '샘플 요청', '추가 상담 예정', '문의 응대', '14:00', 'PHONE'),
('2024-09-13', 9, '2024-11-06 02:07:03', 38, '2024-11-06 02:07:03', '서비스 요청', 'N', '20:00', '샘플 요청', '제품 테스트', '구매 상담', '19:00', 'OTHER'),
('2024-06-12', 10, '2024-11-06 02:07:03', 29, '2024-11-06 02:07:03', '서비스 요청', 'Y', '16:30', '프로모션 상담', '발송 준비', '구매 상담', '14:30', 'EMAIL'),
('2024-01-22', 10, '2024-11-06 02:07:03', 2, '2024-11-06 02:07:03', '제품 문의', 'Y', '04:30', '프로모션 상담', '추가 상담 예정', '구매 상담', '02:30', 'PHONE'),
('2024-04-09', 9, '2024-11-06 02:07:03', 29, '2024-11-06 02:07:03', '상담 요청', 'N', '10:30', '프로모션 상담', '제품 테스트', '구매 상담', '09:30', 'ONLINE'),
('2024-11-06', 1, '2024-11-06 02:07:03', 50, '2024-11-06 02:07:03', '일정 조정', 'Y', '12:00', '샘플 요청', '제품 테스트', '기타', '10:30', 'EMAIL'),
('2024-10-19', 14, '2024-11-06 02:07:03', 18, '2024-11-06 02:07:03', '제품 문의', 'Y', '12:00', '샘플 요청', '추가 상담 예정', '기타', '10:00', 'ONLINE'),
('2024-09-14', 1, '2024-11-06 02:07:03', 15, '2024-11-06 02:07:03', '제품 문의', 'Y', '19:00', '프로모션 상담', '제품 테스트', '기타', '17:00', 'PHONE'),
('2024-12-18', 9, '2024-11-06 02:07:03', 15, '2024-11-06 02:07:03', '후속 연락', 'N', '09:00', '재구매 상담', '제품 테스트', '구매 상담', '07:00', 'VISIT'),
('2024-04-12', 10, '2024-11-06 02:07:03', 50, '2024-11-06 02:07:03', '후속 연락', 'Y', '04:30', '재구매 상담', '발송 준비', '기타', '02:30', 'ONLINE'),
('2024-02-24', 10, '2024-11-06 02:07:03', 11, '2024-11-06 02:07:03', '상담 요청', 'Y', '01:00', '재구매 상담', '추가 상담 예정', '기타', '23:30', 'ONLINE'),
('2024-04-04', 5, '2024-11-06 02:07:03', 14, '2024-11-06 02:07:03', '제품 문의', 'Y', '16:30', '재구매 상담', '발송 준비', '구매 상담', '14:30', 'EMAIL'),
('2024-11-15', 1, '2024-11-06 02:07:03', 49, '2024-11-06 02:07:03', '상담 요청', 'Y', '05:00', '재구매 상담', '제품 테스트', '문의 응대', '04:00', 'OTHER'),
('2024-04-06', 9, '2024-11-06 02:07:03', 22, '2024-11-06 02:07:03', '서비스 요청', 'Y', '19:00', '커피 시음회', '추가 상담 예정', '문의 응대', '18:00', 'OTHER'),
('2024-07-18', 1, '2024-11-06 02:07:03', 10, '2024-11-06 02:07:03', '상담 요청', 'Y', '05:00', '신제품 발표', '추가 상담 예정', '기타', '04:00', 'PHONE'),
('2024-01-09', 9, '2024-11-06 02:07:03', 24, '2024-11-06 02:07:03', '일정 조정', 'N', '01:30', '커피 시음회', '추가 상담 예정', '구매 상담', '23:30', 'EMAIL'),
('2024-10-20', 9, '2024-11-06 02:07:03', 23, '2024-11-06 02:07:03', '후속 연락', 'N', '11:00', '샘플 요청', '추가 상담 예정', '구매 상담', '10:00', 'ONLINE'),
('2024-10-28', 14, '2024-11-06 02:07:03', 23, '2024-11-06 02:07:03', '상담 요청', 'Y', '17:00', '샘플 요청', '제품 테스트', '기타', '16:00', 'VISIT'),
('2024-01-15', 10, '2024-11-06 02:07:03', 18, '2024-11-06 02:07:03', '제품 문의', 'Y', '15:30', '프로모션 상담', '추가 상담 예정', '문의 응대', '14:30', 'ONLINE'),
('2024-08-17', 9, '2024-11-06 02:07:03', 43, '2024-11-06 02:07:03', '상담 요청', 'Y', '00:00', '신제품 발표', '발송 준비', '구매 상담', '22:00', 'VISIT'),
('2024-02-05', 9, '2024-11-06 02:07:03', 4, '2024-11-06 02:07:03', '서비스 요청', 'Y', '16:30', '프로모션 상담', '제품 테스트', '문의 응대', '14:30', 'EMAIL'),
('2024-06-04', 4, '2024-11-06 02:07:03', 6, '2024-11-06 02:07:03', '서비스 요청', 'N', '22:00', '신제품 발표', '제품 테스트', '문의 응대', '20:30', 'PHONE'),
('2024-04-19', 1, '2024-11-06 02:07:03', 41, '2024-11-06 02:07:03', '제품 문의', 'Y', '05:00', '샘플 요청', '제품 테스트', '구매 상담', '04:00', 'PHONE'),
('2024-03-21', 9, '2024-11-06 02:07:03', 44, '2024-11-06 02:07:03', '제품 문의', 'Y', '06:00', '프로모션 상담', '추가 상담 예정', '기타', '05:00', 'OTHER'),
('2024-09-27', 1, '2024-11-06 02:07:03', 26, '2024-11-06 02:07:03', '일정 조정', 'N', '17:00', '프로모션 상담', '추가 상담 예정', '문의 응대', '16:00', 'VISIT'),
('2024-01-26', 11, '2024-11-06 02:07:03', 13, '2024-11-06 02:07:03', '상담 요청', 'N', '00:30', '재구매 상담', '발송 준비', '기타', '23:00', 'EMAIL'),
('2024-06-06', 1, '2024-11-06 02:07:03', 49, '2024-11-06 02:07:03', '제품 문의', 'N', '07:00', '샘플 요청', '제품 테스트', '기타', '05:00', 'ONLINE'),
('2024-06-28', 12, '2024-11-06 02:07:03', 35, '2024-11-06 02:07:03', '제품 문의', 'N', '18:00', '샘플 요청', '제품 테스트', '구매 상담', '16:00', 'PHONE'),
('2024-07-27', 9, '2024-11-06 02:07:03', 12, '2024-11-06 02:07:03', '서비스 요청', 'N', '04:30', '프로모션 상담', '추가 상담 예정', '구매 상담', '02:30', 'EMAIL'),
('2024-01-22', 10, '2024-11-06 02:07:03', 36, '2024-11-06 02:07:03', '서비스 요청', 'Y', '21:00', '프로모션 상담', '발송 준비', '문의 응대', '20:00', 'PHONE'),
('2024-02-19', 15, '2024-11-06 02:07:03', 41, '2024-11-06 02:07:03', '일정 조정', 'N', '02:30', '재구매 상담', '발송 준비', '기타', '01:30', 'VISIT'),
('2024-06-16', 4, '2024-11-06 02:07:03', 15, '2024-11-06 02:07:03', '후속 연락', 'N', '22:00', '프로모션 상담', '발송 준비', '문의 응대', '20:00', 'EMAIL'),
('2024-03-24', 10, '2024-11-06 02:07:03', 49, '2024-11-06 02:07:03', '서비스 요청', 'N', '10:00', '커피 시음회', '제품 테스트', '기타', '08:30', 'PHONE'),
('2024-06-14', 11, '2024-11-06 02:07:03', 18, '2024-11-06 02:07:03', '일정 조정', 'Y', '09:30', '신제품 발표', '제품 테스트', '기타', '08:00', 'VISIT'),
('2024-04-04', 10, '2024-11-06 02:07:03', 1, '2024-11-06 02:07:03', '서비스 요청', 'Y', '21:00', '프로모션 상담', '발송 준비', '기타', '20:00', 'PHONE'),
('2024-10-05', 9, '2024-11-06 02:07:03', 15, '2024-11-06 02:07:03', '제품 문의', 'Y', '12:30', '샘플 요청', '발송 준비', '기타', '10:30', 'ONLINE'),
('2024-06-07', 1, '2024-11-06 02:07:03', 36, '2024-11-06 02:07:03', '제품 문의', 'Y', '06:00', '재구매 상담', '발송 준비', '문의 응대', '04:00', 'ONLINE'),
('2024-07-06', 10, '2024-11-06 02:07:03', 28, '2024-11-06 02:07:03', '제품 문의', 'N', '11:30', '프로모션 상담', '발송 준비', '기타', '10:30', 'VISIT'),
('2024-09-23', 1, '2024-11-06 02:07:03', 47, '2024-11-06 02:07:03', '일정 조정', 'N', '23:30', '프로모션 상담', '추가 상담 예정', '문의 응대', '22:00', 'EMAIL'),
('2024-05-20', 4, '2024-11-06 02:07:03', 22, '2024-11-06 02:07:03', '후속 연락', 'N', '19:30', '커피 시음회', '제품 테스트', '구매 상담', '18:30', 'OTHER'),
('2024-07-27', 1, '2024-11-06 02:07:03', 26, '2024-11-06 02:07:03', '일정 조정', 'Y', '07:00', '프로모션 상담', '제품 테스트', '문의 응대', '06:00', 'OTHER'),
('2024-03-11', 1, '2024-11-06 02:07:03', 23, '2024-11-06 02:07:03', '일정 조정', 'N', '03:00', '신제품 발표', '발송 준비', '구매 상담', '01:00', 'ONLINE'),
('2024-01-03', 5, '2024-11-06 02:07:03', 22, '2024-11-06 02:07:03', '제품 문의', 'N', '00:00', '프로모션 상담', '발송 준비', '구매 상담', '23:00', 'VISIT'),
('2024-06-16', 1, '2024-11-06 02:07:03', 35, '2024-11-06 02:07:03', '제품 문의', 'Y', '01:30', '재구매 상담', '제품 테스트', '문의 응대', '00:30', 'PHONE'),
('2024-01-26', 10, '2024-11-06 02:07:03', 20, '2024-11-06 02:07:03', '제품 문의', 'N', '15:00', '신제품 발표', '발송 준비', '기타', '13:30', 'VISIT'),
('2024-08-08', 15, '2024-11-06 02:07:03', 12, '2024-11-06 02:07:03', '서비스 요청', 'Y', '04:30', '신제품 발표', '추가 상담 예정', '기타', '03:00', 'EMAIL'),
('2024-07-12', 9, '2024-11-06 02:07:03', 33, '2024-11-06 02:07:03', '서비스 요청', 'N', '10:00', '커피 시음회', '제품 테스트', '문의 응대', '09:00', 'PHONE'),
('2024-03-28', 1, '2024-11-06 02:07:03', 7, '2024-11-06 02:07:03', '일정 조정', 'N', '23:30', '재구매 상담', '제품 테스트', '기타', '22:00', 'ONLINE'),
('2024-12-14', 12, '2024-11-06 02:07:03', 33, '2024-11-06 02:07:03', '제품 문의', 'Y', '21:30', '커피 시음회', '추가 상담 예정', '문의 응대', '20:00', 'ONLINE'),
('2024-11-19', 9, '2024-11-06 02:07:03', 6, '2024-11-06 02:07:03', '후속 연락', 'N', '07:30', '커피 시음회', '발송 준비', '기타', '05:30', 'EMAIL'),
('2024-07-08', 9, '2024-11-06 02:07:03', 47, '2024-11-06 02:07:03', '후속 연락', 'Y', '10:30', '프로모션 상담', '발송 준비', '기타', '08:30', 'ONLINE'),
('2024-09-06', 1, '2024-11-06 02:07:03', 20, '2024-11-06 02:07:03', '후속 연락', 'N', '17:00', '재구매 상담', '제품 테스트', '기타', '15:30', 'VISIT'),
('2024-10-03', 4, '2024-11-06 02:07:03', 49, '2024-11-06 02:07:03', '일정 조정', 'N', '22:30', '커피 시음회', '제품 테스트', '문의 응대', '21:30', 'OTHER'),
('2024-11-20', 1, '2024-11-06 02:07:03', 42, '2024-11-06 02:07:03', '상담 요청', 'N', '12:30', '커피 시음회', '추가 상담 예정', '구매 상담', '11:30', 'VISIT'),
('2024-04-13', 9, '2024-11-06 02:07:03', 13, '2024-11-06 02:07:03', '제품 문의', 'N', '03:00', '재구매 상담', '제품 테스트', '기타', '01:00', 'OTHER'),
('2024-03-09', 10, '2024-11-06 02:07:03', 15, '2024-11-06 02:07:03', '제품 문의', 'N', '16:00', '샘플 요청', '발송 준비', '문의 응대', '15:00', 'EMAIL'),
('2024-02-28', 14, '2024-11-06 02:07:03', 5, '2024-11-06 02:07:03', '후속 연락', 'Y', '22:30', '커피 시음회', '추가 상담 예정', '문의 응대', '21:30', 'PHONE'),
('2024-09-11', 10, '2024-11-06 02:07:03', 50, '2024-11-06 02:07:03', '후속 연락', 'N', '04:00', '샘플 요청', '추가 상담 예정', '문의 응대', '02:30', 'OTHER'),
('2024-12-09', 1, '2024-11-06 02:07:03', 15, '2024-11-06 02:07:03', '상담 요청', 'Y', '10:30', '신제품 발표', '추가 상담 예정', '문의 응대', '09:30', 'EMAIL'),
('2024-12-25', 9, '2024-11-06 02:07:03', 29, '2024-11-06 02:07:03', '제품 문의', 'N', '09:30', '프로모션 상담', '제품 테스트', '기타', '08:00', 'OTHER'),
('2024-10-18', 10, '2024-11-06 02:07:03', 6, '2024-11-06 02:07:03', '제품 문의', 'N', '14:00', '커피 시음회', '추가 상담 예정', '기타', '13:00', 'PHONE'),
('2024-04-17', 5, '2024-11-06 02:07:03', 33, '2024-11-06 02:07:03', '서비스 요청', 'Y', '04:00', '샘플 요청', '제품 테스트', '기타', '02:00', 'VISIT'),
('2024-02-28', 15, '2024-11-06 02:07:03', 20, '2024-11-06 02:07:03', '서비스 요청', 'N', '17:00', '샘플 요청', '추가 상담 예정', '문의 응대', '15:30', 'ONLINE'),
('2024-09-27', 4, '2024-11-06 02:07:03', 19, '2024-11-06 02:07:03', '서비스 요청', 'N', '02:30', '신제품 발표', '발송 준비', '문의 응대', '00:30', 'PHONE'),
('2024-03-24', 14, '2024-11-06 02:07:03', 36, '2024-11-06 02:07:03', '서비스 요청', 'Y', '12:00', '재구매 상담', '추가 상담 예정', '문의 응대', '10:30', 'EMAIL'),
('2024-11-05', 10, '2024-11-06 02:07:03', 36, '2024-11-06 02:07:03', '후속 연락', 'N', '10:00', '신제품 발표', '추가 상담 예정', '문의 응대', '08:30', 'OTHER'),
('2024-05-05', 9, '2024-11-06 02:07:03', 1, '2024-11-06 02:07:03', '상담 요청', 'N', '05:00', '커피 시음회', '추가 상담 예정', '문의 응대', '03:00', 'VISIT'),
('2024-03-21', 11, '2024-11-06 02:07:03', 19, '2024-11-06 02:07:03', '상담 요청', 'Y', '22:00', '신제품 발표', '발송 준비', '구매 상담', '21:00', 'ONLINE'),
('2024-04-27', 4, '2024-11-06 02:07:03', 47, '2024-11-06 02:07:03', '서비스 요청', 'N', '20:00', '샘플 요청', '발송 준비', '기타', '19:00', 'PHONE'),
('2024-06-05', 1, '2024-11-06 02:07:03', 26, '2024-11-06 02:07:03', '일정 조정', 'N', '23:00', '프로모션 상담', '제품 테스트', '문의 응대', '21:30', 'EMAIL'),
('2024-06-14', 11, '2024-11-06 02:07:03', 15, '2024-11-06 02:07:03', '후속 연락', 'Y', '23:30', '프로모션 상담', '발송 준비', '문의 응대', '21:30', 'OTHER'),
('2024-02-07', 9, '2024-11-06 02:07:03', 44, '2024-11-06 02:07:03', '서비스 요청', 'Y', '08:00', '샘플 요청', '제품 테스트', '문의 응대', '06:30', 'VISIT'),
('2024-07-26', 11, '2024-11-06 02:07:03', 9, '2024-11-06 02:07:03', '후속 연락', 'Y', '12:30', '프로모션 상담', '제품 테스트', '문의 응대', '10:30', 'ONLINE'),
('2024-05-01', 14, '2024-11-06 02:07:03', 9, '2024-11-06 02:07:03', '제품 문의', 'Y', '17:30', '샘플 요청', '추가 상담 예정', '구매 상담', '15:30', 'ONLINE'),
('2024-01-27', 5, '2024-11-06 02:07:03', 4, '2024-11-06 02:07:03', '제품 문의', 'N', '22:30', '샘플 요청', '발송 준비', '구매 상담', '21:00', 'ONLINE'),
('2024-07-04', 5, '2024-11-06 02:07:03', 31, '2024-11-06 02:07:03', '서비스 요청', 'Y', '22:30', '커피 시음회', '제품 테스트', '문의 응대', '20:30', 'OTHER'),
('2024-03-02', 9, '2024-11-06 02:07:03', 13, '2024-11-06 02:07:03', '후속 연락', 'N', '02:30', '커피 시음회', '발송 준비', '구매 상담', '01:30', 'VISIT'),
('2024-12-26', 14, '2024-11-06 02:07:03', 14, '2024-11-06 02:07:03', '일정 조정', 'Y', '08:30', '커피 시음회', '제품 테스트', '기타', '07:30', 'VISIT'),
('2024-03-16', 9, '2024-11-06 02:07:03', 33, '2024-11-06 02:07:03', '제품 문의', 'N', '08:00', '샘플 요청', '추가 상담 예정', '기타', '06:30', 'PHONE'),
('2024-05-28', 9, '2024-11-06 02:07:03', 26, '2024-11-06 02:07:03', '일정 조정', 'N', '09:30', '재구매 상담', '발송 준비', '문의 응대', '07:30', 'OTHER'),
('2024-07-23', 10, '2024-11-06 02:07:03', 30, '2024-11-06 02:07:03', '후속 연락', 'Y', '23:00', '커피 시음회', '발송 준비', '문의 응대', '21:00', 'PHONE'),
('2024-03-03', 11, '2024-11-06 02:07:03', 43, '2024-11-06 02:07:03', '서비스 요청', 'N', '10:00', '프로모션 상담', '추가 상담 예정', '구매 상담', '08:30', 'ONLINE'),
('2024-12-10', 5, '2024-11-06 02:07:03', 31, '2024-11-06 02:07:03', '서비스 요청', 'Y', '04:00', '커피 시음회', '발송 준비', '기타', '02:00', 'EMAIL'),
('2024-01-04', 1, '2024-11-06 02:07:03', 47, '2024-11-06 02:07:03', '서비스 요청', 'N', '17:30', '커피 시음회', '제품 테스트', '기타', '15:30', 'OTHER'),
('2024-10-04', 1, '2024-11-06 02:07:03', 26, '2024-11-06 02:07:03', '서비스 요청', 'Y', '10:00', '커피 시음회', '제품 테스트', '구매 상담', '08:00', 'PHONE'),
('2024-03-09', 9, '2024-11-06 02:07:03', 24, '2024-11-06 02:07:03', '제품 문의', 'Y', '21:00', '재구매 상담', '발송 준비', '기타', '20:00', 'OTHER'),
('2024-10-25', 10, '2024-11-06 02:07:03', 20, '2024-11-06 02:07:03', '서비스 요청', 'N', '22:30', '프로모션 상담', '발송 준비', '구매 상담', '20:30', 'VISIT'),
('2024-08-07', 15, '2024-11-06 02:07:03', 5, '2024-11-06 02:07:03', '제품 문의', 'Y', '15:30', '신제품 발표', '제품 테스트', '문의 응대', '14:30', 'PHONE'),
('2024-11-10', 15, '2024-11-06 02:07:03', 23, '2024-11-06 02:07:03', '제품 문의', 'N', '23:00', '샘플 요청', '제품 테스트', '구매 상담', '21:00', 'EMAIL'),
('2024-06-22', 1, '2024-11-06 02:07:03', 41, '2024-11-06 02:07:03', '제품 문의', 'Y', '13:30', '신제품 발표', '제품 테스트', '기타', '11:30', 'PHONE'),
('2024-07-19', 1, '2024-11-06 02:07:03', 19, '2024-11-06 02:07:03', '제품 문의', 'Y', '04:30', '샘플 요청', '발송 준비', '구매 상담', '03:00', 'VISIT'),
('2024-01-06', 14, '2024-11-06 02:07:03', 30, '2024-11-06 02:07:03', '일정 조정', 'Y', '03:00', '커피 시음회', '발송 준비', '기타', '01:30', 'VISIT'),
('2024-02-03', 10, '2024-11-06 02:07:03', 25, '2024-11-06 02:07:03', '일정 조정', 'N', '19:00', '샘플 요청', '추가 상담 예정', '문의 응대', '17:30', 'ONLINE'),
('2024-03-04', 5, '2024-11-06 02:07:03', 8, '2024-11-06 02:07:03', '후속 연락', 'N', '21:00', '신제품 발표', '발송 준비', '문의 응대', '19:00', 'PHONE'),
('2024-06-13', 4, '2024-11-06 02:07:03', 35, '2024-11-06 02:07:03', '제품 문의', 'N', '05:30', '커피 시음회', '발송 준비', '기타', '04:30', 'PHONE'),
('2024-11-14', 4, '2024-11-06 02:07:03', 35, '2024-11-06 02:07:03', '상담 요청', 'Y', '13:30', '재구매 상담', '발송 준비', '구매 상담', '12:00', 'PHONE'),
('2024-09-26', 9, '2024-11-06 02:07:03', 42, '2024-11-06 02:07:03', '서비스 요청', 'N', '23:00', '커피 시음회', '추가 상담 예정', '문의 응대', '21:00', 'VISIT'),
('2024-05-25', 11, '2024-11-06 02:07:03', 50, '2024-11-06 02:07:03', '일정 조정', 'N', '07:30', '프로모션 상담', '제품 테스트', '기타', '06:00', 'OTHER'),
('2024-03-14', 9, '2024-11-06 02:07:03', 4, '2024-11-06 02:07:03', '상담 요청', 'N', '19:30', '커피 시음회', '제품 테스트', '구매 상담', '18:30', 'VISIT');


-- >>>>>>>>>>>> 제안 <<<<<<<<<<<<<<

-- 제안 데이터 생성 (총 200개)

INSERT INTO tb_proposal (prop_no, created_at, updated_at, name, pr_date, req_date, start_date, end_date, submit_date, cont, note, lead_no)
VALUES
    (1, NOW(), NOW(), '커피왕 - 홍길동 원두 구매 제안', '2024-01-01', '2024-01-05', '2024-01-10', '2024-01-15', '2024-01-12', '고급 원두 및 커피머신 제공 제안', '커피왕 - 홍길동 고객에게 제공되는 고급 원두와 커피머신 제안', 1),
    (2, NOW(), NOW(), '원두전문 - 김영희 원두 구매 제안', '2024-01-02', '2024-01-06', '2024-01-11', '2024-01-16', '2024-01-13', '고급 원두 및 커피머신 제공 제안', '원두전문 - 김영희 고객에게 제공되는 고급 원두와 커피머신 제안', 2),
    (3, NOW(), NOW(), '커피트레이드 - 박철수 원두 구매 제안', '2024-01-03', '2024-01-07', '2024-01-12', '2024-01-17', '2024-01-14', '고급 원두 및 커피머신 제공 제안', '커피트레이드 - 박철수 고객에게 제공되는 고급 원두와 커피머신 제안', 3),
    (4, NOW(), NOW(), '원두마켓 - 이승현 원두 구매 제안', '2024-01-04', '2024-01-08', '2024-01-13', '2024-01-18', '2024-01-15', '고급 원두 및 커피머신 제공 제안', '원두마켓 - 이승현 고객에게 제공되는 고급 원두와 커피머신 제안', 4),
    (5, NOW(), NOW(), '커피플랜트 - 정민수 원두 구매 제안', '2024-01-05', '2024-01-09', '2024-01-14', '2024-01-19', '2024-01-16', '고급 원두 및 커피머신 제공 제안', '커피플랜트 - 정민수 고객에게 제공되는 고급 원두와 커피머신 제안', 5),
    (6, NOW(), NOW(), '커피나무 - 서지수 원두 구매 제안', '2024-01-06', '2024-01-10', '2024-01-15', '2024-01-20', '2024-01-17', '고급 원두 및 커피머신 제공 제안', '커피나무 - 서지수 고객에게 제공되는 고급 원두와 커피머신 제안', 6),
    (7, NOW(), NOW(), '원두가게 - 김도현 원두 구매 제안', '2024-01-07', '2024-01-11', '2024-01-16', '2024-01-21', '2024-01-18', '고급 원두 및 커피머신 제공 제안', '원두가게 - 김도현 고객에게 제공되는 고급 원두와 커피머신 제안', 7),
    (8, NOW(), NOW(), '커피스토어 - 최혜린 원두 구매 제안', '2024-01-08', '2024-01-12', '2024-01-17', '2024-01-22', '2024-01-19', '고급 원두 및 커피머신 제공 제안', '커피스토어 - 최혜린 고객에게 제공되는 고급 원두와 커피머신 제안', 8),
    (9, NOW(), NOW(), '원두파머 - 한지원 원두 구매 제안', '2024-01-09', '2024-01-13', '2024-01-18', '2024-01-23', '2024-01-20', '고급 원두 및 커피머신 제공 제안', '원두파머 - 한지원 고객에게 제공되는 고급 원두와 커피머신 제안', 9),
    (10, NOW(), NOW(), '원두드림 - 장윤아 원두 구매 제안', '2024-01-10', '2024-01-14', '2024-01-19', '2024-01-24', '2024-01-21', '고급 원두 및 커피머신 제공 제안', '원두드림 - 장윤아 고객에게 제공되는 고급 원두와 커피머신 제안', 10),
    (11, NOW(), NOW(), '커피농장 - 고객11 원두 구매 제안', '2024-02-01', '2024-02-05', '2024-02-10', '2024-02-15', '2024-02-12', '고급 원두 및 커피머신 제공 제안', '커피농장 - 고객11 고객에게 제공되는 고급 원두와 커피머신 제안', 11),
    (12, NOW(), NOW(), '원두왕국 - 고객12 원두 구매 제안', '2024-02-02', '2024-02-06', '2024-02-11', '2024-02-16', '2024-02-13', '고급 원두 및 커피머신 제공 제안', '원두왕국 - 고객12 고객에게 제공되는 고급 원두와 커피머신 제안', 12),
    (13, NOW(), NOW(), '바리스타 - 고객13 원두 구매 제안', '2024-02-03', '2024-02-07', '2024-02-12', '2024-02-17', '2024-02-14', '고급 원두 및 커피머신 제공 제안', '바리스타 - 고객13 고객에게 제공되는 고급 원두와 커피머신 제안', 13),
    (14, NOW(), NOW(), '커피마스터 - 고객14 원두 구매 제안', '2024-02-04', '2024-02-08', '2024-02-13', '2024-02-18', '2024-02-15', '고급 원두 및 커피머신 제공 제안', '커피마스터 - 고객14 고객에게 제공되는 고급 원두와 커피머신 제안', 14),
    (15, NOW(), NOW(), '커피블렌드 - 고객15 원두 구매 제안', '2024-02-05', '2024-02-09', '2024-02-14', '2024-02-19', '2024-02-16', '고급 원두 및 커피머신 제공 제안', '커피블렌드 - 고객15 고객에게 제공되는 고급 원두와 커피머신 제안', 15),
    (16, NOW(), NOW(), '커피프로 - 고객16 원두 구매 제안', '2024-02-06', '2024-02-10', '2024-02-15', '2024-02-20', '2024-02-17', '고급 원두 및 커피머신 제공 제안', '커피프로 - 고객16 고객에게 제공되는 고급 원두와 커피머신 제안', 16),
    (17, NOW(), NOW(), '커피존 - 고객17 원두 구매 제안', '2024-02-07', '2024-02-11', '2024-02-16', '2024-02-21', '2024-02-18', '고급 원두 및 커피머신 제공 제안', '커피존 - 고객17 고객에게 제공되는 고급 원두와 커피머신 제안', 17),
    (18, NOW(), NOW(), '원두카페 - 고객18 원두 구매 제안', '2024-02-08', '2024-02-12', '2024-02-17', '2024-02-22', '2024-02-19', '고급 원두 및 커피머신 제공 제안', '원두카페 - 고객18 고객에게 제공되는 고급 원두와 커피머신 제안', 18),
    (19, NOW(), NOW(), '커피샵 - 고객19 원두 구매 제안', '2024-02-09', '2024-02-13', '2024-02-18', '2024-02-23', '2024-02-20', '고급 원두 및 커피머신 제공 제안', '커피샵 - 고객19 고객에게 제공되는 고급 원두와 커피머신 제안', 19),
    (20, NOW(), NOW(), '원두월드 - 고객20 원두 구매 제안', '2024-02-10', '2024-02-14', '2024-02-19', '2024-02-24', '2024-02-21', '고급 원두 및 커피머신 제공 제안', '원두월드 - 고객20 고객에게 제공되는 고급 원두와 커피머신 제안', 20),
    (21, NOW(), NOW(), '커피카페 - 고객21 원두 구매 제안', '2024-02-06', '2024-02-10', '2024-02-15', '2024-02-20', '2024-02-18', '고급 원두 및 커피머신 제공 제안', '커피카페 - 고객21 고객에게 제공되는 고급 원두와 커피머신 제안', 21),
    (22, NOW(), NOW(), '프리미엄커피 - 고객22 원두 구매 제안', '2024-02-07', '2024-02-11', '2024-02-16', '2024-02-21', '2024-02-19', '고급 원두 및 커피머신 제공 제안', '프리미엄커피 - 고객22 고객에게 제공되는 고급 원두와 커피머신 제안', 22),
    (23, NOW(), NOW(), '카페미니 - 고객23 원두 구매 제안', '2024-02-08', '2024-02-12', '2024-02-17', '2024-02-22', '2024-02-20', '고급 원두 및 커피머신 제공 제안', '카페미니 - 고객23 고객에게 제공되는 고급 원두와 커피머신 제안', 23),
    (24, NOW(), NOW(), '커피비즈 - 고객24 원두 구매 제안', '2024-02-09', '2024-02-13', '2024-02-18', '2024-02-23', '2024-02-21', '고급 원두 및 커피머신 제공 제안', '커피비즈 - 고객24 고객에게 제공되는 고급 원두와 커피머신 제안', 24),
    (25, NOW(), NOW(), '모닝커피 - 고객25 원두 구매 제안', '2024-02-10', '2024-02-14', '2024-02-19', '2024-02-24', '2024-02-22', '고급 원두 및 커피머신 제공 제안', '모닝커피 - 고객25 고객에게 제공되는 고급 원두와 커피머신 제안', 25),
    (26, NOW(), NOW(), '커피하우스 - 고객26 원두 구매 제안', '2024-02-11', '2024-02-15', '2024-02-20', '2024-02-25', '2024-02-23', '고급 원두 및 커피머신 제공 제안', '커피하우스 - 고객26 고객에게 제공되는 고급 원두와 커피머신 제안', 26),
    (27, NOW(), NOW(), '그랜드커피 - 고객27 원두 구매 제안', '2024-02-12', '2024-02-16', '2024-02-21', '2024-02-26', '2024-02-24', '고급 원두 및 커피머신 제공 제안', '그랜드커피 - 고객27 고객에게 제공되는 고급 원두와 커피머신 제안', 27),
    (28, NOW(), NOW(), '커피팝 - 고객28 원두 구매 제안', '2024-02-13', '2024-02-17', '2024-02-22', '2024-02-27', '2024-02-25', '고급 원두 및 커피머신 제공 제안', '커피팝 - 고객28 고객에게 제공되는 고급 원두와 커피머신 제안', 28),
    (29, NOW(), NOW(), '라떼타임 - 고객29 원두 구매 제안', '2024-02-14', '2024-02-18', '2024-02-23', '2024-02-28', '2024-02-26', '고급 원두 및 커피머신 제공 제안', '라떼타임 - 고객29 고객에게 제공되는 고급 원두와 커피머신 제안', 29),
    (30, NOW(), NOW(), '브라운커피 - 고객30 원두 구매 제안', '2024-02-15', '2024-02-19', '2024-02-24', '2024-03-01', '2024-02-28', '고급 원두 및 커피머신 제공 제안', '브라운커피 - 고객30 고객에게 제공되는 고급 원두와 커피머신 제안', 30),
    (31, NOW(), NOW(), '카페리치 - 고객31 원두 구매 제안', '2024-02-16', '2024-02-20', '2024-02-25', '2024-03-02', '2024-03-01', '고급 원두 및 커피머신 제공 제안', '카페리치 - 고객31 고객에게 제공되는 고급 원두와 커피머신 제안', 31),
    (32, NOW(), NOW(), '모카커피 - 고객32 원두 구매 제안', '2024-02-17', '2024-02-21', '2024-02-26', '2024-03-03', '2024-03-02', '고급 원두 및 커피머신 제공 제안', '모카커피 - 고객32 고객에게 제공되는 고급 원두와 커피머신 제안', 32),
    (33, NOW(), NOW(), '커피로드 - 고객33 원두 구매 제안', '2024-02-18', '2024-02-22', '2024-02-27', '2024-03-04', '2024-03-03', '고급 원두 및 커피머신 제공 제안', '커피로드 - 고객33 고객에게 제공되는 고급 원두와 커피머신 제안', 33),
    (34, NOW(), NOW(), '카페로맨스 - 고객34 원두 구매 제안', '2024-02-19', '2024-02-23', '2024-02-28', '2024-03-05', '2024-03-04', '고급 원두 및 커피머신 제공 제안', '카페로맨스 - 고객34 고객에게 제공되는 고급 원두와 커피머신 제안', 34),
    (35, NOW(), NOW(), '스위트커피 - 고객35 원두 구매 제안', '2024-02-20', '2024-02-24', '2024-03-01', '2024-03-06', '2024-03-05', '고급 원두 및 커피머신 제공 제안', '스위트커피 - 고객35 고객에게 제공되는 고급 원두와 커피머신 제안', 35),
    (36, NOW(), NOW(), '프렌치커피 - 고객36 원두 구매 제안', '2024-02-21', '2024-02-25', '2024-03-02', '2024-03-07', '2024-03-06', '고급 원두 및 커피머신 제공 제안', '프렌치커피 - 고객36 고객에게 제공되는 고급 원두와 커피머신 제안', 36),
    (37, NOW(), NOW(), '카페플랜 - 고객37 원두 구매 제안', '2024-02-22', '2024-02-26', '2024-03-03', '2024-03-08', '2024-03-07', '고급 원두 및 커피머신 제공 제안', '카페플랜 - 고객37 고객에게 제공되는 고급 원두와 커피머신 제안', 37),
    (38, NOW(), NOW(), '커피팰리스 - 고객38 원두 구매 제안', '2024-02-23', '2024-02-27', '2024-03-04', '2024-03-09', '2024-03-08', '고급 원두 및 커피머신 제공 제안', '커피팰리스 - 고객38 고객에게 제공되는 고급 원두와 커피머신 제안', 38),
    (39, NOW(), NOW(), '에코커피 - 고객39 원두 구매 제안', '2024-02-24', '2024-02-28', '2024-03-05', '2024-03-10', '2024-03-09', '고급 원두 및 커피머신 제공 제안', '에코커피 - 고객39 고객에게 제공되는 고급 원두와 커피머신 제안', 39),
    (40, NOW(), NOW(), '로얄커피 - 고객40 원두 구매 제안', '2024-02-25', '2024-03-01', '2024-03-06', '2024-03-11', '2024-03-10', '고급 원두 및 커피머신 제공 제안', '로얄커피 - 고객40 고객에게 제공되는 고급 원두와 커피머신 제안', 40),
    (41, NOW(), NOW(), '커피카페 - 고객41 원두 구매 후속 제안', '2024-03-01', '2024-03-05', '2024-03-10', '2024-03-15', '2024-03-14', '원두 품질 개선 및 추가 주문 제안', '커피카페 - 고객41에게 품질 개선 및 추가 원두 구매 제안', 41),
    (42, NOW(), NOW(), '프리미엄커피 - 고객42 원두 구매 후속 제안', '2024-03-02', '2024-03-06', '2024-03-11', '2024-03-16', '2024-03-15', '고급 원두 리필 및 머신 서비스 연장 제안', '프리미엄커피 - 고객42 고급 원두 리필 및 머신 서비스 연장 제안', 42),
    (43, NOW(), NOW(), '카페미니 - 고객43 원두 구매 후속 제안', '2024-03-03', '2024-03-07', '2024-03-12', '2024-03-17', '2024-03-16', '고급 원두 추가 공급 및 머신 업그레이드 제안', '카페미니 - 고객43 고급 원두 추가 공급 및 머신 업그레이드 제안', 43),
    (44, NOW(), NOW(), '커피비즈 - 고객44 원두 구매 후속 제안', '2024-03-04', '2024-03-08', '2024-03-13', '2024-03-18', '2024-03-17', '기존 원두 품질 향상 및 새로운 메뉴 제안', '커피비즈 - 고객44 원두 품질 향상 및 새로운 메뉴 제안', 44),
    (45, NOW(), NOW(), '모닝커피 - 고객45 원두 구매 후속 제안', '2024-03-05', '2024-03-09', '2024-03-14', '2024-03-19', '2024-03-18', '프리미엄 원두 재구매 및 추가 옵션 제안', '모닝커피 - 고객45 프리미엄 원두 재구매 및 추가 옵션 제안', 45),
    (46, NOW(), NOW(), '커피하우스 - 고객46 원두 구매 후속 제안', '2024-03-06', '2024-03-10', '2024-03-15', '2024-03-20', '2024-03-19', '신제품 커피 및 추가 서비스 제공 제안', '커피하우스 - 고객46 신제품 커피 및 서비스 제공 제안', 46),
    (47, NOW(), NOW(), '그랜드커피 - 고객47 원두 구매 후속 제안', '2024-03-07', '2024-03-11', '2024-03-16', '2024-03-21', '2024-03-20', '품질 향상 및 신규 제품 라인 제안', '그랜드커피 - 고객47 품질 향상 및 신규 제품 라인 제안', 47),
    (48, NOW(), NOW(), '커피팝 - 고객48 원두 구매 후속 제안', '2024-03-08', '2024-03-12', '2024-03-17', '2024-03-22', '2024-03-21', '신규 머신 도입 및 원두 품질 개선 제안', '커피팝 - 고객48 신규 머신 도입 및 원두 품질 개선 제안', 48),
    (49, NOW(), NOW(), '라떼타임 - 고객49 원두 구매 후속 제안', '2024-03-09', '2024-03-13', '2024-03-18', '2024-03-23', '2024-03-22', '후속 원두 공급 및 머신 관리 서비스 제안', '라떼타임 - 고객49 후속 원두 공급 및 머신 관리 서비스 제안', 49),
    (50, NOW(), NOW(), '브라운커피 - 고객50 원두 구매 후속 제안', '2024-03-10', '2024-03-14', '2024-03-19', '2024-03-24', '2024-03-23', '기존 커피 머신 업그레이드 및 신규 제품 제안', '브라운커피 - 고객50 커피 머신 업그레이드 및 신규 제품 제안', 50),
    (51, NOW(), NOW(), '카페리치 - 고객51 원두 구매 후속 제안', '2024-03-11', '2024-03-15', '2024-03-20', '2024-03-25', '2024-03-24', '프리미엄 원두 재구매 및 신규 제품 추가 제안', '카페리치 - 고객51 프리미엄 원두 재구매 및 제품 추가 제안', 51),
    (52, NOW(), NOW(), '모카커피 - 고객52 원두 구매 후속 제안', '2024-03-12', '2024-03-16', '2024-03-21', '2024-03-26', '2024-03-25', '커피 머신 업그레이드 및 원두 리필 제안', '모카커피 - 고객52 커피 머신 업그레이드 및 원두 리필 제안', 52),
    (53, NOW(), NOW(), '커피로드 - 고객53 원두 구매 후속 제안', '2024-03-13', '2024-03-17', '2024-03-22', '2024-03-27', '2024-03-26', '후속 제품 공급 및 서비스 연장 제안', '커피로드 - 고객53 후속 제품 공급 및 서비스 연장 제안', 53),
    (54, NOW(), NOW(), '카페로맨스 - 고객54 원두 구매 후속 제안', '2024-03-14', '2024-03-18', '2024-03-23', '2024-03-28', '2024-03-27', '기존 원두 재공급 및 커피 머신 지원 제안', '카페로맨스 - 고객54 원두 재공급 및 커피 머신 지원 제안', 54),
    (55, NOW(), NOW(), '스위트커피 - 고객55 원두 구매 후속 제안', '2024-03-15', '2024-03-19', '2024-03-24', '2024-03-29', '2024-03-28', '고급 원두 추가 공급 및 커피 머신 관리 서비스 제안', '스위트커피 - 고객55 고급 원두 추가 공급 및 커피 머신 관리 서비스 제안', 55),
    (56, NOW(), NOW(), '프렌치커피 - 고객56 원두 구매 후속 제안', '2024-03-16', '2024-03-20', '2024-03-25', '2024-03-30', '2024-03-29', '기존 제품 리필 및 업그레이드 제안', '프렌치커피 - 고객56 기존 제품 리필 및 업그레이드 제안', 56),
    (57, NOW(), NOW(), '카페플랜 - 고객57 원두 구매 후속 제안', '2024-03-17', '2024-03-21', '2024-03-26', '2024-03-31', '2024-03-30', '추가 원두 공급 및 서비스 개선 제안', '카페플랜 - 고객57 추가 원두 공급 및 서비스 개선 제안', 57),
    (58, NOW(), NOW(), '커피팰리스 - 고객58 원두 구매 후속 제안', '2024-03-18', '2024-03-22', '2024-03-27', '2024-04-01', '2024-03-31', '후속 커피 공급 및 고객 맞춤 서비스 제안', '커피팰리스 - 고객58 후속 커피 공급 및 맞춤 서비스 제안', 58),
    (59, NOW(), NOW(), '에코커피 - 고객59 원두 구매 후속 제안', '2024-03-19', '2024-03-23', '2024-03-28', '2024-04-02', '2024-04-01', '신제품 공급 및 서비스 연장 제안', '에코커피 - 고객59 신제품 공급 및 서비스 연장 제안', 59),
    (60, NOW(), NOW(), '로얄커피 - 고객60 원두 구매 후속 제안', '2024-03-20', '2024-03-24', '2024-03-29', '2024-04-03', '2024-04-02', '기존 원두 공급 연장 및 새로운 머신 제안', '로얄커피 - 고객60 기존 원두 공급 연장 및 새로운 머신 제안', 60),
    (61, NOW(), NOW(), '카페서울 - 고객61 원두 구매 후속 제안', '2024-04-01', '2024-04-05', '2024-04-10', '2024-04-15', '2024-04-14', '원두 품질 개선 및 서비스 연장 제안', '카페서울 - 고객61 원두 품질 개선 및 서비스 연장 제안', 61),
    (62, NOW(), NOW(), '블랙커피 - 고객62 원두 구매 후속 제안', '2024-04-02', '2024-04-06', '2024-04-11', '2024-04-16', '2024-04-15', '고급 원두 리필 및 원두 추가 주문 제안', '블랙커피 - 고객62 고급 원두 리필 및 원두 추가 주문 제안', 62),
    (63, NOW(), NOW(), '프렌치카페 - 고객63 원두 구매 후속 제안', '2024-04-03', '2024-04-07', '2024-04-12', '2024-04-17', '2024-04-16', '기존 원두 품질 개선 및 새로운 옵션 제안', '프렌치카페 - 고객63 기존 원두 품질 개선 및 새로운 옵션 제안', 63),
    (64, NOW(), NOW(), '카페유니크 - 고객64 원두 구매 후속 제안', '2024-04-04', '2024-04-08', '2024-04-13', '2024-04-18', '2024-04-17', '신규 원두 공급 및 커피 머신 업그레이드 제안', '카페유니크 - 고객64 신규 원두 공급 및 커피 머신 업그레이드 제안', 64),
    (65, NOW(), NOW(), '모닝브루 - 고객65 원두 구매 후속 제안', '2024-04-05', '2024-04-09', '2024-04-14', '2024-04-19', '2024-04-18', '기존 원두 재구매 및 서비스 연장 제안', '모닝브루 - 고객65 기존 원두 재구매 및 서비스 연장 제안', 65),
    (66, NOW(), NOW(), '커피샵 - 고객66 원두 구매 후속 제안', '2024-04-06', '2024-04-10', '2024-04-15', '2024-04-20', '2024-04-19', '고급 원두 리필 및 새로운 메뉴 추가 제안', '커피샵 - 고객66 고급 원두 리필 및 새로운 메뉴 추가 제안', 66),
    (67, NOW(), NOW(), '카페드림 - 고객67 원두 구매 후속 제안', '2024-04-07', '2024-04-11', '2024-04-16', '2024-04-21', '2024-04-20', '기존 원두 리필 및 추가 서비스 제안', '카페드림 - 고객67 기존 원두 리필 및 추가 서비스 제안', 67),
    (68, NOW(), NOW(), '프리미엄커피 - 고객68 원두 구매 후속 제안', '2024-04-08', '2024-04-12', '2024-04-17', '2024-04-22', '2024-04-21', '원두 품질 향상 및 서비스 연장 제안', '프리미엄커피 - 고객68 원두 품질 향상 및 서비스 연장 제안', 68),
    (69, NOW(), NOW(), '커피월드 - 고객69 원두 구매 후속 제안', '2024-04-09', '2024-04-13', '2024-04-18', '2024-04-23', '2024-04-22', '고급 원두 리필 및 머신 업그레이드 제안', '커피월드 - 고객69 고급 원두 리필 및 머신 업그레이드 제안', 69),
    (70, NOW(), NOW(), '커피로맨스 - 고객70 원두 구매 후속 제안', '2024-04-10', '2024-04-14', '2024-04-19', '2024-04-24', '2024-04-23', '신규 원두 공급 및 서비스 연장 제안', '커피로맨스 - 고객70 신규 원두 공급 및 서비스 연장 제안', 70),
    (71, NOW(), NOW(), '카페시크릿 - 고객71 원두 구매 후속 제안', '2024-04-11', '2024-04-15', '2024-04-20', '2024-04-25', '2024-04-24', '기존 원두 재공급 및 커피 머신 업그레이드 제안', '카페시크릿 - 고객71 기존 원두 재공급 및 커피 머신 업그레이드 제안', 71),
    (72, NOW(), NOW(), '그린커피 - 고객72 원두 구매 후속 제안', '2024-04-12', '2024-04-16', '2024-04-21', '2024-04-26', '2024-04-25', '고급 원두 리필 및 추가 메뉴 제안', '그린커피 - 고객72 고급 원두 리필 및 추가 메뉴 제안', 72),
    (73, NOW(), NOW(), '카페퀸즈 - 고객73 원두 구매 후속 제안', '2024-04-13', '2024-04-17', '2024-04-22', '2024-04-27', '2024-04-26', '커피 머신 업그레이드 및 서비스 연장 제안', '카페퀸즈 - 고객73 커피 머신 업그레이드 및 서비스 연장 제안', 73),
    (74, NOW(), NOW(), '커피비즈 - 고객74 원두 구매 후속 제안', '2024-04-14', '2024-04-18', '2024-04-23', '2024-04-28', '2024-04-27', '후속 제품 공급 및 커피 머신 개선 제안', '커피비즈 - 고객74 후속 제품 공급 및 커피 머신 개선 제안', 74),
    (75, NOW(), NOW(), '리치커피 - 고객75 원두 구매 후속 제안', '2024-04-15', '2024-04-19', '2024-04-24', '2024-04-29', '2024-04-28', '기존 원두 리필 및 서비스 추가 제안', '리치커피 - 고객75 기존 원두 리필 및 서비스 추가 제안', 75),
    (76, NOW(), NOW(), '커피포인트 - 고객76 원두 구매 후속 제안', '2024-04-16', '2024-04-20', '2024-04-25', '2024-04-30', '2024-04-29', '원두 품질 향상 및 새로운 서비스 제안', '커피포인트 - 고객76 원두 품질 향상 및 새로운 서비스 제안', 76),
    (77, NOW(), NOW(), '카페베이커리 - 고객77 원두 구매 후속 제안', '2024-04-17', '2024-04-21', '2024-04-26', '2024-05-01', '2024-04-30', '후속 원두 공급 및 서비스 연장 제안', '카페베이커리 - 고객77 후속 원두 공급 및 서비스 연장 제안', 77),
    (78, NOW(), NOW(), '커피마스터 - 고객78 원두 구매 후속 제안', '2024-04-18', '2024-04-22', '2024-04-27', '2024-05-02', '2024-05-01', '기존 원두 품질 향상 및 새로운 제품 제안', '커피마스터 - 고객78 기존 원두 품질 향상 및 새로운 제품 제안', 78),
    (79, NOW(), NOW(), '브라운커피 - 고객79 원두 구매 후속 제안', '2024-04-19', '2024-04-23', '2024-04-28', '2024-05-03', '2024-05-02', '고급 원두 리필 및 커피 머신 개선 제안', '브라운커피 - 고객79 고급 원두 리필 및 커피 머신 개선 제안', 79),
    (80, NOW(), NOW(), '그랜드카페 - 고객80 원두 구매 후속 제안', '2024-04-20', '2024-04-24', '2024-04-29', '2024-05-04', '2024-05-03', '기존 원두 재공급 및 추가 서비스 제안', '그랜드카페 - 고객80 기존 원두 재공급 및 추가 서비스 제안', 80),
    (81, NOW(), NOW(), '커피팜 - 고객14 원두 구매 제안', '2024-03-01', '2024-03-05', '2024-03-10', '2024-03-15', '2024-03-12', '고급 원두 및 커피머신 제공 제안', '커피팜 - 고객14 고객에게 제공되는 고급 원두와 커피머신 제안', 14),
    (82, NOW(), NOW(), '원두해 - 고객15 원두 구매 제안', '2024-03-02', '2024-03-06', '2024-03-11', '2024-03-16', '2024-03-13', '고급 원두 및 커피머신 제공 제안', '원두해 - 고객15 고객에게 제공되는 고급 원두와 커피머신 제안', 15),
    (83, NOW(), NOW(), '커피향 - 고객16 원두 구매 제안', '2024-03-03', '2024-03-07', '2024-03-12', '2024-03-17', '2024-03-14', '고급 원두 및 커피머신 제공 제안', '커피향 - 고객16 고객에게 제공되는 고급 원두와 커피머신 제안', 16),
    (84, NOW(), NOW(), '원두콜렉션 - 고객17 원두 구매 제안', '2024-03-04', '2024-03-08', '2024-03-13', '2024-03-18', '2024-03-15', '고급 원두 및 커피머신 제공 제안', '원두콜렉션 - 고객17 고객에게 제공되는 고급 원두와 커피머신 제안', 17),
    (85, NOW(), NOW(), '커피왕 - 고객18 원두 구매 제안', '2024-03-05', '2024-03-09', '2024-03-14', '2024-03-19', '2024-03-16', '고급 원두 및 커피머신 제공 제안', '커피왕 - 고객18 고객에게 제공되는 고급 원두와 커피머신 제안', 18),
    (86, NOW(), NOW(), '원두전문 - 고객19 원두 구매 제안', '2024-03-06', '2024-03-10', '2024-03-15', '2024-03-20', '2024-03-17', '고급 원두 및 커피머신 제공 제안', '원두전문 - 고객19 고객에게 제공되는 고급 원두와 커피머신 제안', 19),
    (87, NOW(), NOW(), '커피트레이드 - 고객20 원두 구매 제안', '2024-03-07', '2024-03-11', '2024-03-16', '2024-03-21', '2024-03-18', '고급 원두 및 커피머신 제공 제안', '커피트레이드 - 고객20 고객에게 제공되는 고급 원두와 커피머신 제안', 20),
    (88, NOW(), NOW(), '원두마켓 - 고객21 원두 구매 제안', '2024-03-08', '2024-03-12', '2024-03-17', '2024-03-22', '2024-03-19', '고급 원두 및 커피머신 제공 제안', '원두마켓 - 고객21 고객에게 제공되는 고급 원두와 커피머신 제안', 21),
    (89, NOW(), NOW(), '커피플랜트 - 고객22 원두 구매 제안', '2024-03-09', '2024-03-13', '2024-03-18', '2024-03-23', '2024-03-20', '고급 원두 및 커피머신 제공 제안', '커피플랜트 - 고객22 고객에게 제공되는 고급 원두와 커피머신 제안', 22),
    (90, NOW(), NOW(), '커피나무 - 고객23 원두 구매 제안', '2024-03-10', '2024-03-14', '2024-03-19', '2024-03-24', '2024-03-21', '고급 원두 및 커피머신 제공 제안', '커피나무 - 고객23 고객에게 제공되는 고급 원두와 커피머신 제안', 23),
    (91, NOW(), NOW(), '커피팜 - 고객24 원두 구매 제안', '2024-03-11', '2024-03-15', '2024-03-20', '2024-03-25', '2024-03-22', '고급 원두 및 커피머신 제공 제안', '커피팜 - 고객24 고객에게 제공되는 고급 원두와 커피머신 제안', 24),
    (92, NOW(), NOW(), '원두해 - 고객25 원두 구매 제안', '2024-03-12', '2024-03-16', '2024-03-21', '2024-03-26', '2024-03-23', '고급 원두 및 커피머신 제공 제안', '원두해 - 고객25 고객에게 제공되는 고급 원두와 커피머신 제안', 25),
    (93, NOW(), NOW(), '커피향 - 고객26 원두 구매 제안', '2024-03-13', '2024-03-17', '2024-03-22', '2024-03-27', '2024-03-24', '고급 원두 및 커피머신 제공 제안', '커피향 - 고객26 고객에게 제공되는 고급 원두와 커피머신 제안', 26),
    (94, NOW(), NOW(), '원두콜렉션 - 고객27 원두 구매 제안', '2024-03-14', '2024-03-18', '2024-03-23', '2024-03-28', '2024-03-25', '고급 원두 및 커피머신 제공 제안', '원두콜렉션 - 고객27 고객에게 제공되는 고급 원두와 커피머신 제안', 27),
    (95, NOW(), NOW(), '커피왕 - 고객28 원두 구매 제안', '2024-03-15', '2024-03-19', '2024-03-24', '2024-03-29', '2024-03-26', '고급 원두 및 커피머신 제공 제안', '커피왕 - 고객28 고객에게 제공되는 고급 원두와 커피머신 제안', 28),
    (96, NOW(), NOW(), '원두전문 - 고객29 원두 구매 제안', '2024-03-16', '2024-03-20', '2024-03-25', '2024-03-30', '2024-03-27', '고급 원두 및 커피머신 제공 제안', '원두전문 - 고객29 고객에게 제공되는 고급 원두와 커피머신 제안', 29),
    (97, NOW(), NOW(), '커피트레이드 - 고객30 원두 구매 제안', '2024-03-17', '2024-03-21', '2024-03-26', '2024-03-31', '2024-03-28', '고급 원두 및 커피머신 제공 제안', '커피트레이드 - 고객30 고객에게 제공되는 고급 원두와 커피머신 제안', 30),
    (98, NOW(), NOW(), '원두마켓 - 고객31 원두 구매 제안', '2024-03-18', '2024-03-22', '2024-03-27', '2024-04-01', '2024-03-29', '고급 원두 및 커피머신 제공 제안', '원두마켓 - 고객31 고객에게 제공되는 고급 원두와 커피머신 제안', 31),
    (99, NOW(), NOW(), '커피플랜트 - 고객32 원두 구매 제안', '2024-03-19', '2024-03-23', '2024-03-28', '2024-04-02', '2024-03-30', '고급 원두 및 커피머신 제공 제안', '커피플랜트 - 고객32 고객에게 제공되는 고급 원두와 커피머신 제안', 32),
    (100, NOW(), NOW(), '커피나무 - 고객33 원두 구매 제안', '2024-03-20', '2024-03-24', '2024-03-29', '2024-04-03', '2024-04-01', '고급 원두 및 커피머신 제공 제안', '커피나무 - 고객33 고객에게 제공되는 고급 원두와 커피머신 제안', 33),
    (101, NOW(), NOW(), '기존고객 원두 판매 - 고객10 원두 구매 제안', '2024-04-01', '2024-04-05', '2024-04-10', '2024-04-15', '2024-04-12', '기존 고객에게 고급 원두 제공 제안', '기존 고객에게 제공되는 고급 원두와 커피머신 제안', 10),
    (102, NOW(), NOW(), '기존고객 원두 판매 - 고객11 원두 구매 제안', '2024-04-02', '2024-04-06', '2024-04-11', '2024-04-16', '2024-04-13', '기존 고객에게 고급 원두 제공 제안', '기존 고객에게 제공되는 고급 원두와 커피머신 제안', 11),
    (103, NOW(), NOW(), '기존고객 원두 판매 - 고객13 원두 구매 제안', '2024-04-03', '2024-04-07', '2024-04-12', '2024-04-17', '2024-04-14', '기존 고객에게 고급 원두 제공 제안', '기존 고객에게 제공되는 고급 원두와 커피머신 제안', 13),
    (104, NOW(), NOW(), '커피로드 - 고객18 원두 구매 제안', '2024-04-04', '2024-04-08', '2024-04-13', '2024-04-18', '2024-04-15', '고급 원두 및 커피머신 제공 제안', '커피로드 - 고객18 고객에게 제공되는 고급 원두와 커피머신 제안', 18),
    (105, NOW(), NOW(), '커피필드 - 고객19 원두 구매 제안', '2024-04-05', '2024-04-09', '2024-04-14', '2024-04-19', '2024-04-16', '고급 원두 및 커피머신 제공 제안', '커피필드 - 고객19 고객에게 제공되는 고급 원두와 커피머신 제안', 19),
    (106, NOW(), NOW(), '원두농장 - 고객20 원두 구매 제안', '2024-04-06', '2024-04-10', '2024-04-15', '2024-04-20', '2024-04-17', '고급 원두 및 커피머신 제공 제안', '원두농장 - 고객20 고객에게 제공되는 고급 원두와 커피머신 제안', 20),
    (107, NOW(), NOW(), '커피의정원 - 고객21 원두 구매 제안', '2024-04-07', '2024-04-11', '2024-04-16', '2024-04-21', '2024-04-18', '고급 원두 및 커피머신 제공 제안', '커피의정원 - 고객21 고객에게 제공되는 고급 원두와 커피머신 제안', 21),
    (108, NOW(), NOW(), '기존고객 원두 판매 - 고객18 원두 구매 제안', '2024-05-01', '2024-05-05', '2024-05-10', '2024-05-15', '2024-05-12', '기존 고객에게 고급 원두 제공 제안', '기존 고객에게 제공되는 고급 원두와 커피머신 제안', 18),
    (109, NOW(), NOW(), '기존고객 원두 판매 - 고객19 원두 구매 제안', '2024-05-02', '2024-05-06', '2024-05-11', '2024-05-16', '2024-05-13', '기존 고객에게 고급 원두 제공 제안', '기존 고객에게 제공되는 고급 원두와 커피머신 제안', 19),
    (110, NOW(), NOW(), '기존고객 원두 판매 - 고객20 원두 구매 제안', '2024-05-03', '2024-05-07', '2024-05-12', '2024-05-17', '2024-05-14', '기존 고객에게 고급 원두 제공 제안', '기존 고객에게 제공되는 고급 원두와 커피머신 제안', 20),
    (111, NOW(), NOW(), '커피월드 - 고객22 원두 구매 제안', '2024-05-04', '2024-05-08', '2024-05-13', '2024-05-18', '2024-05-15', '고급 원두 및 커피머신 제공 제안', '커피월드 - 고객22 고객에게 제공되는 고급 원두와 커피머신 제안', 22),
    (112, NOW(), NOW(), '원두유통 - 고객23 원두 구매 제안', '2024-05-05', '2024-05-09', '2024-05-14', '2024-05-19', '2024-05-16', '고급 원두 및 커피머신 제공 제안', '원두유통 - 고객23 고객에게 제공되는 고급 원두와 커피머신 제안', 23),
    (113, NOW(), NOW(), '커피와행복 - 고객24 원두 구매 제안', '2024-05-06', '2024-05-10', '2024-05-15', '2024-05-20', '2024-05-17', '고급 원두 및 커피머신 제공 제안', '커피와행복 - 고객24 고객에게 제공되는 고급 원두와 커피머신 제안', 24),
    (114, NOW(), NOW(), '커피사랑 - 고객25 원두 구매 제안', '2024-05-07', '2024-05-11', '2024-05-16', '2024-05-21', '2024-05-18', '고급 원두 및 커피머신 제공 제안', '커피사랑 - 고객25 고객에게 제공되는 고급 원두와 커피머신 제안', 25),
    (115, NOW(), NOW(), '커피아카데미 - 고객10 원두 구매 제안', '2024-06-01', '2024-06-05', '2024-06-10', '2024-06-15', '2024-06-12', '고급 원두 및 커피머신 제공 제안', '커피아카데미 - 고객10에게 제공되는 고급 원두와 커피머신 제안', 10),
    (116, NOW(), NOW(), '커피밸리 - 고객11 원두 구매 제안', '2024-06-02', '2024-06-06', '2024-06-11', '2024-06-16', '2024-06-13', '고급 원두 및 커피머신 제공 제안', '커피밸리 - 고객11에게 제공되는 고급 원두와 커피머신 제안', 11),
    (117, NOW(), NOW(), '커피원 - 고객12 원두 구매 제안', '2024-06-03', '2024-06-07', '2024-06-12', '2024-06-17', '2024-06-14', '고급 원두 및 커피머신 제공 제안', '커피원 - 고객12에게 제공되는 고급 원두와 커피머신 제안', 12),
    (118, NOW(), NOW(), '커피마스터 - 고객13 원두 구매 제안', '2024-06-04', '2024-06-08', '2024-06-13', '2024-06-18', '2024-06-15', '고급 원두 및 커피머신 제공 제안', '커피마스터 - 고객13에게 제공되는 고급 원두와 커피머신 제안', 13),
    (119, NOW(), NOW(), '커피팡 - 고객14 원두 구매 제안', '2024-06-05', '2024-06-09', '2024-06-14', '2024-06-19', '2024-06-16', '고급 원두 및 커피머신 제공 제안', '커피팡 - 고객14에게 제공되는 고급 원두와 커피머신 제안', 14),
    (120, NOW(), NOW(), '커피헬퍼 - 고객15 원두 구매 제안', '2024-06-06', '2024-06-10', '2024-06-15', '2024-06-20', '2024-06-17', '고급 원두 및 커피머신 제공 제안', '커피헬퍼 - 고객15에게 제공되는 고급 원두와 커피머신 제안', 15),
    (121, NOW(), NOW(), '커피월드 - 고객16 원두 구매 제안', '2024-06-07', '2024-06-11', '2024-06-16', '2024-06-21', '2024-06-18', '고급 원두 및 커피머신 제공 제안', '커피월드 - 고객16에게 제공되는 고급 원두와 커피머신 제안', 16),
    (122, NOW(), NOW(), '커피존 - 고객17 원두 구매 제안', '2024-06-08', '2024-06-12', '2024-06-17', '2024-06-22', '2024-06-19', '고급 원두 및 커피머신 제공 제안', '커피존 - 고객17에게 제공되는 고급 원두와 커피머신 제안', 17),
    (123, NOW(), NOW(), '커피소울 - 고객18 원두 구매 제안', '2024-06-09', '2024-06-13', '2024-06-18', '2024-06-23', '2024-06-20', '고급 원두 및 커피머신 제공 제안', '커피소울 - 고객18에게 제공되는 고급 원두와 커피머신 제안', 18),
    (124, NOW(), NOW(), '커피피크 - 고객19 원두 구매 제안', '2024-06-10', '2024-06-14', '2024-06-19', '2024-06-24', '2024-06-21', '고급 원두 및 커피머신 제공 제안', '커피피크 - 고객19에게 제공되는 고급 원두와 커피머신 제안', 19),
    (125, NOW(), NOW(), '기존고객 원두 판매 - 고객22 원두 구매 제안', '2024-06-10', '2024-06-15', '2024-06-16', '2024-06-25', '2024-06-20', '기존고객에게 고급 원두 및 커피머신 제공', '기존고객 원두 판매 - 고객22 원두 구매 및 서비스 제공', 22),
    (126, NOW(), NOW(), '기존고객 원두 판매 - 고객24 원두 구매 제안', '2024-06-10', '2024-06-15', '2024-06-16', '2024-06-25', '2024-06-20', '기존고객에게 고급 원두 및 커피머신 제공', '기존고객 원두 판매 - 고객24 원두 구매 및 서비스 제공', 24),
    (127, NOW(), NOW(), '기존고객 원두 판매 - 고객25 원두 구매 제안', '2024-06-10', '2024-06-15', '2024-06-16', '2024-06-25', '2024-06-20', '기존고객에게 고급 원두 및 커피머신 제공', '기존고객 원두 판매 - 고객25 원두 구매 및 서비스 제공', 25),
    (128, NOW(), NOW(), '원두의고수 - 고객26 원두 구매 제안', '2024-06-10', '2024-06-15', '2024-06-16', '2024-06-25', '2024-06-20', '고급 원두 및 커피머신 제공', '원두의고수 - 고객26 고급 원두와 커피머신 제공 제안', 26),
    (129, NOW(), NOW(), '커피도시 - 고객27 원두 구매 제안', '2024-06-10', '2024-06-15', '2024-06-16', '2024-06-25', '2024-06-20', '고급 원두 및 커피머신 제공', '커피도시 - 고객27 고급 원두와 커피머신 제공 제안', 27),
    (130, NOW(), NOW(), '원두의세계 - 고객28 원두 구매 제안', '2024-06-10', '2024-06-15', '2024-06-16', '2024-06-25', '2024-06-20', '고급 원두 및 커피머신 제공', '원두의세계 - 고객28 고급 원두와 커피머신 제공 제안', 28),
    (131, NOW(), NOW(), '커피에세이 - 고객29 원두 구매 제안', '2024-06-10', '2024-06-15', '2024-06-16', '2024-06-25', '2024-06-20', '고급 원두 및 커피머신 제공', '커피에세이 - 고객29 고급 원두와 커피머신 제공 제안', 29),
    (132, NOW(), NOW(), '기존고객 원두 판매 - 고객22 원두 구매 제안', '2024-06-11', '2024-06-16', '2024-06-17', '2024-06-26', '2024-06-21', '기존고객에게 고급 원두 및 커피머신 제공', '기존고객 원두 판매 - 고객22 원두 구매 제안', 22),
    (133, NOW(), NOW(), '기존고객 원두 판매 - 고객22 원두 구매 제안', '2024-06-12', '2024-06-17', '2024-06-18', '2024-06-27', '2024-06-22', '기존고객에게 고급 원두 및 커피머신 제공', '기존고객 원두 판매 - 고객22 원두 구매 제안', 22),
    (134, NOW(), NOW(), '기존고객 원두 판매 - 고객24 원두 구매 제안', '2024-06-11', '2024-06-16', '2024-06-17', '2024-06-26', '2024-06-21', '기존고객에게 고급 원두 및 커피머신 제공', '기존고객 원두 판매 - 고객24 원두 구매 제안', 24),
    (135, NOW(), NOW(), '기존고객 원두 판매 - 고객24 원두 구매 제안', '2024-06-12', '2024-06-17', '2024-06-18', '2024-06-27', '2024-06-22', '기존고객에게 고급 원두 및 커피머신 제공', '기존고객 원두 판매 - 고객24 원두 구매 제안', 24),
    (136, NOW(), NOW(), '기존고객 원두 판매 - 고객25 원두 구매 제안', '2024-06-11', '2024-06-16', '2024-06-17', '2024-06-26', '2024-06-21', '기존고객에게 고급 원두 및 커피머신 제공', '기존고객 원두 판매 - 고객25 원두 구매 제안', 25),
    (137, NOW(), NOW(), '기존고객 원두 판매 - 고객25 원두 구매 제안', '2024-06-12', '2024-06-17', '2024-06-18', '2024-06-27', '2024-06-22', '기존고객에게 고급 원두 및 커피머신 제공', '기존고객 원두 판매 - 고객25 원두 구매 제안', 25),
    (138, NOW(), NOW(), '원두의고수 - 고객26 원두 구매 제안', '2024-06-11', '2024-06-16', '2024-06-17', '2024-06-26', '2024-06-21', '고급 원두 및 커피머신 제공', '원두의고수 - 고객26 고급 원두와 커피머신 제공 제안', 26),
    (139, NOW(), NOW(), '원두의고수 - 고객26 원두 구매 제안', '2024-06-12', '2024-06-17', '2024-06-18', '2024-06-27', '2024-06-22', '고급 원두 및 커피머신 제공', '원두의고수 - 고객26 고급 원두와 커피머신 제공 제안', 26),
    (140, NOW(), NOW(), '커피도시 - 고객27 원두 구매 제안', '2024-06-11', '2024-06-16', '2024-06-17', '2024-06-26', '2024-06-21', '고급 원두 및 커피머신 제공', '커피도시 - 고객27 고급 원두와 커피머신 제공 제안', 27),
    (141, NOW(), NOW(), '커피도시 - 고객27 원두 구매 제안', '2024-06-12', '2024-06-17', '2024-06-18', '2024-06-27', '2024-06-22', '고급 원두 및 커피머신 제공', '커피도시 - 고객27 고급 원두와 커피머신 제공 제안', 27),
    (142, NOW(), NOW(), '원두의세계 - 고객28 원두 구매 제안', '2024-06-11', '2024-06-16', '2024-06-17', '2024-06-26', '2024-06-21', '고급 원두 및 커피머신 제공', '원두의세계 - 고객28 고급 원두와 커피머신 제공 제안', 28),
    (143, NOW(), NOW(), '원두의세계 - 고객28 원두 구매 제안', '2024-06-12', '2024-06-17', '2024-06-18', '2024-06-27', '2024-06-22', '고급 원두 및 커피머신 제공', '원두의세계 - 고객28 고급 원두와 커피머신 제공 제안', 28),
    (144, NOW(), NOW(), '커피에세이 - 고객29 원두 구매 제안', '2024-06-11', '2024-06-16', '2024-06-17', '2024-06-26', '2024-06-21', '고급 원두 및 커피머신 제공', '커피에세이 - 고객29 고급 원두와 커피머신 제공 제안', 29),
    (145, NOW(), NOW(), '커피에세이 - 고객29 원두 구매 제안', '2024-06-12', '2024-06-17', '2024-06-18', '2024-06-27', '2024-06-22', '고급 원두 및 커피머신 제공', '커피에세이 - 고객29 고급 원두와 커피머신 제공 제안', 29),
    (146, NOW(), NOW(), '기존고객 원두 판매 - 제안1', '2024-07-03', '2024-07-05', '2024-07-01', '2024-08-15', '2024-07-12', '기존 고객에게 제공되는 원두 판매 제안', '기존 고객에게 제공되는 원두 및 서비스 제안', 27),
    (147, NOW(), NOW(), '기존고객 원두 판매 - 제안2', '2024-07-04', '2024-07-06', '2024-07-01', '2024-08-15', '2024-07-13', '기존 고객에게 제공되는 원두 판매 제안', '기존 고객에게 제공되는 원두 및 서비스 제안', 27),
    (148, NOW(), NOW(), '기존고객 원두 판매 - 제안3', '2024-07-05', '2024-07-07', '2024-07-01', '2024-08-15', '2024-07-14', '기존 고객에게 제공되는 원두 판매 제안', '기존 고객에게 제공되는 원두 및 서비스 제안', 27),
    (149, NOW(), NOW(), '기존고객 원두 판매 - 제안4', '2024-07-06', '2024-07-08', '2024-07-01', '2024-08-15', '2024-07-15', '기존 고객에게 제공되는 원두 판매 제안', '기존 고객에게 제공되는 원두 및 서비스 제안', 28),
    (150, NOW(), NOW(), '기존고객 원두 판매 - 제안5', '2024-07-07', '2024-07-09', '2024-07-01', '2024-08-15', '2024-07-16', '기존 고객에게 제공되는 원두 판매 제안', '기존 고객에게 제공되는 원두 및 서비스 제안', 28),
    (151, NOW(), NOW(), '기존고객 원두 판매 - 제안6', '2024-07-08', '2024-07-10', '2024-07-01', '2024-08-15', '2024-07-17', '기존 고객에게 제공되는 원두 판매 제안', '기존 고객에게 제공되는 원두 및 서비스 제안', 28),
    (152, NOW(), NOW(), '기존고객 원두 판매 - 제안7', '2024-07-09', '2024-07-11', '2024-07-01', '2024-08-15', '2024-07-18', '기존 고객에게 제공되는 원두 판매 제안', '기존 고객에게 제공되는 원두 및 서비스 제안', 29),
    (153, NOW(), NOW(), '기존고객 원두 판매 - 제안8', '2024-07-10', '2024-07-12', '2024-07-01', '2024-08-15', '2024-07-19', '기존 고객에게 제공되는 원두 판매 제안', '기존 고객에게 제공되는 원두 및 서비스 제안', 29),
    (154, NOW(), NOW(), '커피히어로 원두 구매 제안 - 제안1', '2024-07-03', '2024-07-05', '2024-07-01', '2024-08-15', '2024-07-12', '고급 원두 및 커피머신 제공 제안', '커피히어로 - 고객30에게 제공되는 고급 원두 및 커피머신 제안', 30),
    (155, NOW(), NOW(), '커피히어로 원두 구매 제안 - 제안2', '2024-07-04', '2024-07-06', '2024-07-01', '2024-08-15', '2024-07-13', '고급 원두 및 커피머신 제공 제안', '커피히어로 - 고객30에게 제공되는 고급 원두 및 커피머신 제안', 30),
    (156, NOW(), NOW(), '커피플랜트 원두 구매 제안 - 제안1', '2024-07-05', '2024-07-07', '2024-07-01', '2024-08-15', '2024-07-14', '고급 원두 및 커피머신 제공 제안', '커피플랜트 - 고객31에게 제공되는 고급 원두 및 커피머신 제안', 31),
    (157, NOW(), NOW(), '커피플랜트 원두 구매 제안 - 제안2', '2024-07-06', '2024-07-08', '2024-07-01', '2024-08-15', '2024-07-15', '고급 원두 및 커피머신 제공 제안', '커피플랜트 - 고객31에게 제공되는 고급 원두 및 커피머신 제안', 31),
    (158, NOW(), NOW(), '원두장터 원두 구매 제안 - 제안1', '2024-07-07', '2024-07-09', '2024-07-01', '2024-08-15', '2024-07-16', '고급 원두 및 커피머신 제공 제안', '원두장터 - 고객32에게 제공되는 고급 원두 및 커피머신 제안', 32),
    (159, NOW(), NOW(), '원두장터 원두 구매 제안 - 제안2', '2024-07-08', '2024-07-10', '2024-07-01', '2024-08-15', '2024-07-17', '고급 원두 및 커피머신 제공 제안', '원두장터 - 고객32에게 제공되는 고급 원두 및 커피머신 제안', 32),
    (160, NOW(), NOW(), '커피챔피언 원두 구매 제안 - 제안1', '2024-07-09', '2024-07-11', '2024-07-01', '2024-08-15', '2024-07-18', '고급 원두 및 커피머신 제공 제안', '커피챔피언 - 고객33에게 제공되는 고급 원두 및 커피머신 제안', 33),
    (161, NOW(), NOW(), '커피챔피언 원두 구매 제안 - 제안2', '2024-07-10', '2024-07-12', '2024-07-01', '2024-08-15', '2024-07-19', '고급 원두 및 커피머신 제공 제안', '커피챔피언 - 고객33에게 제공되는 고급 원두 및 커피머신 제안', 33),
    (162, NOW(), NOW(), '기존고객 원두 판매 - 제안 1', '2024-08-02', '2024-08-06', '2024-08-10', '2024-08-15', '2024-08-12', '기존 고객에게 제공되는 다른 원두 및 서비스 제안', '기존고객에게 다른 원두 및 커피 관련 서비스 제안', 1),
    (163, NOW(), NOW(), '기존고객 원두 판매 - 제안 2', '2024-08-03', '2024-08-07', '2024-08-11', '2024-08-16', '2024-08-13', '기존 고객에게 제공되는 고급 원두 및 서비스 제안', '기존고객에게 고급 원두 및 서비스 제공', 1),
    (164, NOW(), NOW(), '기존고객 원두 판매 - 제안 3', '2024-08-04', '2024-08-08', '2024-08-12', '2024-08-17', '2024-08-14', '기존 고객에게 제공되는 새로운 원두 및 서비스를 포함한 제안', '기존고객에게 새로운 원두 및 서비스 제공', 1),
    (165, NOW(), NOW(), '커피스토어 - 고객34 원두 구매 제안 1', '2024-08-05', '2024-08-09', '2024-08-13', '2024-08-18', '2024-08-15', '고급 원두 및 커피머신 제공 제안', '커피스토어 - 고객34에게 제공되는 고급 원두와 커피머신 제안', 34),
    (166, NOW(), NOW(), '커피스토어 - 고객34 원두 구매 제안 2', '2024-08-06', '2024-08-10', '2024-08-14', '2024-08-19', '2024-08-16', '고급 원두 및 커피머신 제공 제안', '커피스토어 - 고객34에게 제공되는 고급 원두와 커피머신 제안', 34),
    (167, NOW(), NOW(), '원두박사 - 고객35 원두 구매 제안 1', '2024-08-07', '2024-08-11', '2024-08-15', '2024-08-20', '2024-08-17', '고급 원두 및 커피머신 제공 제안', '원두박사 - 고객35에게 제공되는 고급 원두와 커피머신 제안', 35),
    (168, NOW(), NOW(), '원두박사 - 고객35 원두 구매 제안 2', '2024-08-08', '2024-08-12', '2024-08-16', '2024-08-21', '2024-08-18', '고급 원두 및 커피머신 제공 제안', '원두박사 - 고객35에게 제공되는 고급 원두와 커피머신 제안', 35),
    (169, NOW(), NOW(), '커피로드 - 고객36 원두 구매 제안 1', '2024-08-09', '2024-08-13', '2024-08-17', '2024-08-22', '2024-08-19', '고급 원두 및 커피머신 제공 제안', '커피로드 - 고객36에게 제공되는 고급 원두와 커피머신 제안', 36),
    (170, NOW(), NOW(), '커피로드 - 고객36 원두 구매 제안 2', '2024-08-10', '2024-08-14', '2024-08-18', '2024-08-23', '2024-08-20', '고급 원두 및 커피머신 제공 제안', '커피로드 - 고객36에게 제공되는 고급 원두와 커피머신 제안', 36),
    (171, NOW(), NOW(), '커피유통 - 고객37 원두 구매 제안 1', '2024-08-11', '2024-08-15', '2024-08-19', '2024-08-24', '2024-08-21', '고급 원두 및 커피머신 제공 제안', '커피유통 - 고객37에게 제공되는 고급 원두와 커피머신 제안', 37),
    (172, NOW(), NOW(), '커피유통 - 고객37 원두 구매 제안 2', '2024-08-12', '2024-08-16', '2024-08-20', '2024-08-25', '2024-08-22', '고급 원두 및 커피머신 제공 제안', '커피유통 - 고객37에게 제공되는 고급 원두와 커피머신 제안', 37),
    (173, NOW(), NOW(), '기존고객 원두 판매 - 제안 4', '2024-09-02', '2024-09-06', '2024-09-10', '2024-09-15', '2024-09-12', '기존 고객에게 제공되는 새로운 원두 및 서비스 제안', '기존고객에게 제공되는 새로운 원두 및 커피 관련 서비스 제안', 34),
    (174, NOW(), NOW(), '기존고객 원두 판매 - 제안 5', '2024-09-03', '2024-09-07', '2024-09-11', '2024-09-16', '2024-09-13', '기존 고객에게 제공되는 새로운 원두 및 서비스 제안', '기존고객에게 제공되는 고급 원두 및 서비스 제안', 35),
    (175, NOW(), NOW(), '기존고객 원두 판매 - 제안 6', '2024-09-04', '2024-09-08', '2024-09-12', '2024-09-17', '2024-09-14', '기존 고객에게 제공되는 다른 원두 및 커피 관련 서비스 제안', '기존고객에게 다른 원두 및 커피 서비스 제안', 36),
    (176, NOW(), NOW(), '커피존 - 고객39 원두 구매 제안 1', '2024-09-05', '2024-09-09', '2024-09-13', '2024-09-18', '2024-09-15', '고급 원두 및 커피머신 제공 제안', '커피존 - 고객39에게 제공되는 고급 원두와 커피머신 제안', 39),
    (177, NOW(), NOW(), '커피존 - 고객39 원두 구매 제안 2', '2024-09-06', '2024-09-10', '2024-09-14', '2024-09-19', '2024-09-16', '고급 원두 및 커피머신 제공 제안', '커피존 - 고객39에게 제공되는 고급 원두와 커피머신 제안', 39),
    (178, NOW(), NOW(), '커피네이션 - 고객40 원두 구매 제안 1', '2024-09-07', '2024-09-11', '2024-09-15', '2024-09-20', '2024-09-17', '고급 원두 및 커피머신 제공 제안', '커피네이션 - 고객40에게 제공되는 고급 원두와 커피머신 제안', 40),
    (179, NOW(), NOW(), '커피네이션 - 고객40 원두 구매 제안 2', '2024-09-08', '2024-09-12', '2024-09-16', '2024-09-21', '2024-09-18', '고급 원두 및 커피머신 제공 제안', '커피네이션 - 고객40에게 제공되는 고급 원두와 커피머신 제안', 40),
    (180, NOW(), NOW(), '기존고객 원두 판매 - 고객38 원두 구매 제안', '2024-10-01', '2024-10-05', '2024-10-10', '2024-10-15', '2024-10-12', '기존 고객에게 고급 원두 제공 제안', '기존고객 원두 판매 - 고객38 고객에게 제공되는 고급 원두 판매 제안', 38),
    (181, NOW(), NOW(), '기존고객 원두 판매 - 고객40 원두 구매 제안', '2024-10-01', '2024-10-05', '2024-10-10', '2024-10-15', '2024-10-12', '기존 고객에게 고급 원두 제공 제안', '기존고객 원두 판매 - 고객40 고객에게 제공되는 고급 원두 판매 제안', 40),
    (182, NOW(), NOW(), '기존고객 원두 판매 - 고객41 원두 구매 제안', '2024-10-01', '2024-10-05', '2024-10-10', '2024-10-15', '2024-10-12', '기존 고객에게 고급 원두 제공 제안', '기존고객 원두 판매 - 고객41 고객에게 제공되는 고급 원두 판매 제안', 41),
    (183, NOW(), NOW(), '원두사랑 - 고객42 원두 구매 제안', '2024-10-01', '2024-10-05', '2024-10-10', '2024-10-15', '2024-10-12', '고급 원두와 커피머신 제공 제안', '원두사랑 - 고객42 고객에게 제공되는 고급 원두와 커피머신 제안', 42),
    (184, NOW(), NOW(), '커피천국 - 고객43 원두 구매 제안', '2024-10-01', '2024-10-05', '2024-10-10', '2024-10-15', '2024-10-12', '고급 원두와 커피머신 제공 제안', '커피천국 - 고객43 고객에게 제공되는 고급 원두와 커피머신 제안', 43),
    (185, NOW(), NOW(), '원두마을 - 고객44 원두 구매 제안', '2024-10-01', '2024-10-05', '2024-10-10', '2024-10-15', '2024-10-12', '고급 원두와 커피머신 제공 제안', '원두마을 - 고객44 고객에게 제공되는 고급 원두와 커피머신 제안', 44),
    (186, NOW(), NOW(), '커피마켓 - 고객45 원두 구매 제안', '2024-10-01', '2024-10-05', '2024-10-10', '2024-10-15', '2024-10-12', '고급 원두와 커피머신 제공 제안', '커피마켓 - 고객45 고객에게 제공되는 고급 원두와 커피머신 제안', 45),
    (187, NOW(), NOW(), '기존고객 원두 판매 - 고객42 원두 구매 제안', '2024-11-01', '2024-11-05', '2024-11-10', '2024-11-15', '2024-11-12', '기존 고객에게 고급 원두 제공 제안', '기존고객 원두 판매 - 고객42 고객에게 제공되는 고급 원두 판매 제안', 42),
    (188, NOW(), NOW(), '기존고객 원두 판매 - 고객43 원두 구매 제안', '2024-11-01', '2024-11-05', '2024-11-10', '2024-11-15', '2024-11-12', '기존 고객에게 고급 원두 제공 제안', '기존고객 원두 판매 - 고객43 고객에게 제공되는 고급 원두 판매 제안', 43),
    (189, NOW(), NOW(), '기존고객 원두 판매 - 고객44 원두 구매 제안', '2024-11-01', '2024-11-05', '2024-11-10', '2024-11-15', '2024-11-12', '기존 고객에게 고급 원두 제공 제안', '기존고객 원두 판매 - 고객44 고객에게 제공되는 고급 원두 판매 제안', 44),
    (190, NOW(), NOW(), '커피천사 - 고객46 원두 구매 제안', '2024-11-01', '2024-11-05', '2024-11-10', '2024-11-15', '2024-11-12', '고급 원두와 커피머신 제공 제안', '커피천사 - 고객46 고객에게 제공되는 고급 원두와 커피머신 제안', 46),
    (191, NOW(), NOW(), '원두천국 - 고객47 원두 구매 제안', '2024-11-01', '2024-11-05', '2024-11-10', '2024-11-15', '2024-11-12', '고급 원두와 커피머신 제공 제안', '원두천국 - 고객47 고객에게 제공되는 고급 원두와 커피머신 제안', 47),
    (192, NOW(), NOW(), '커피존 - 고객48 원두 구매 제안', '2024-11-01', '2024-11-05', '2024-11-10', '2024-11-15', '2024-11-12', '고급 원두와 커피머신 제공 제안', '커피존 - 고객48 고객에게 제공되는 고급 원두와 커피머신 제안', 48),
    (193, NOW(), NOW(), '커피장인 - 고객49 원두 구매 제안', '2024-11-01', '2024-11-05', '2024-11-10', '2024-11-15', '2024-11-12', '고급 원두와 커피머신 제공 제안', '커피장인 - 고객49 고객에게 제공되는 고급 원두와 커피머신 제안', 49),
    (194, NOW(), NOW(), '커피와함께 - 고객50 원두 구매 제안', '2024-11-01', '2024-11-05', '2024-11-10', '2024-11-15', '2024-11-12', '고급 원두와 커피머신 제공 제안', '커피와함께 - 고객50 고객에게 제공되는 고급 원두와 커피머신 제안', 50),
    (195, NOW(), NOW(), '기존고객 원두 판매 제안 - 고객40', '2024-10-02', '2024-10-05', '2024-10-10', '2024-10-30', '2024-10-12', '고급 원두 및 커피머신 제안', '기존고객 원두 판매 - 고객40 제안', 40),
    (196, NOW(), NOW(), '기존고객 원두 판매 제안 - 고객41', '2024-10-03', '2024-10-06', '2024-10-11', '2024-10-28', '2024-10-13', '고급 원두 및 커피머신 제안', '기존고객 원두 판매 - 고객41 제안', 41),
    (197, NOW(), NOW(), '원두사랑 - 고객42 원두 구매 제안', '2024-10-04', '2024-10-07', '2024-10-12', '2024-10-27', '2024-10-14', '고급 원두 및 커피머신 제안', '원두사랑 - 고객42 제안', 42),
    (198, NOW(), NOW(), '커피천국 - 고객43 원두 구매 제안', '2024-10-05', '2024-10-08', '2024-10-13', '2024-10-29', '2024-10-15', '고급 원두 및 커피머신 제안', '커피천국 - 고객43 제안', 43),
    (199, NOW(), NOW(), '원두마을 - 고객44 원두 구매 제안', '2024-10-06', '2024-10-09', '2024-10-14', '2024-10-29', '2024-10-16', '고급 원두 및 커피머신 제안', '원두마을 - 고객44 제안', 44),
    (200, NOW(), NOW(), '커피마켓 - 고객45 원두 구매 제안', '2024-10-07', '2024-10-10', '2024-10-15', '2024-10-30', '2024-10-17', '고급 원두 및 커피머신 제안', '커피마켓 - 고객45 제안', 45);

-- >>>>>>>>>>>> 견적 <<<<<<<<<<<<<<

-- 견적 데이터 생성 (총 100개)

INSERT INTO tb_estimate (est_no, created_at, updated_at, est_date, name, note, prod_cnt, supply_price, surtax_yn, tax, tax_cls, total_price, prop_no)
VALUES
    (1, NOW(), NOW(), '2024-01-20', '사무실용 커피 머신 및 원두 견적', '고급 원두 구매에 대한 견적', 530, 370000, 'Y', 6900000, '매출과세', 69000000, 1),
    (2, NOW(), NOW(), '2024-01-20', '고객 맞춤형 커피 머신 및 원두 견적', '수프레모 나리뇨 원두에 대한 견적', 190, 700000, 'N', 6420000, '매출면세', 66000000, 2),
    (3, NOW(), NOW(), '2024-01-22', '커피 머신 & 원두 패키지 견적', '시다모 원두 및 예가체프 아바야 게이샤 원두에 대한 견적', 770, 440000, 'N', 9492000, '수출영세', 117200000, 3),
    (4, NOW(), NOW(), '2024-01-23', '카페 창업용 커피 머신 및 원두 견적', '멜파라이 소리치 원두에 대한 견적', 365, 165000, 'N', 4375000, '매출면세', 30300000, 4),
    (5, NOW(), NOW(), '2024-01-25', '직원용 커피 머신 및 원두 견적', '루비아 다크 브라운 원두에 대한 견적', 530, 370000, 'N', 6900000, '매출과세', 69000000, 5),
    (6, NOW(), NOW(), '2024-01-26', '전문 커피 머신 및 원두 공급 견적', '수프레모 나리뇨 원두 및 예가체프 아바야 게이샤 원두에 대한 견적', 190, 700000, 'N', 6420000, '매출면세', 66000000, 6),
    (7, NOW(), NOW(), '2024-01-27', '커피 머신 및 원두 견적서', '시다모 원두 및 멜파라이 소리치 원두에 대한 견적', 770, 440000, 'N', 9492000, '수출영세', 117200000, 7),
    (8, NOW(), NOW(), '2024-01-29', '휴게실용 커피 머신 및 원두 공급 견적', '루비아 다크 브라운 원두 및 수프레모 나리뇨 원두에 대한 견적', 615, 310000, 'N', 8725000, '매출면세', 66550000, 8),
    (9, NOW(), NOW(), '2024-01-30', '원두 구매 견적', '예가체프 아바야 게이샤 원두에 대한 견적', 200, 150000, 'N', 3300000, '매출과세', 33000000, 9),
    (10, NOW(), NOW(), '2024-02-01', '커피 기계 및 원두 공급 견적', '루비아 다크 브라운 원두 및 수프레모 나리뇨 원두에 대한 견적', 420, 240000, 'N', 4356000, '매출면세', 50400000, 10),
    (11, NOW(), NOW(), '2024-02-06', '원두 구매 견적', '시다모 원두 및 멜파라이 소리치 원두에 대한 견적', 460, 225000, 'Y', 6585000, '매출과세', 53000000, 11),
    (12, NOW(), NOW(), '2024-02-07', '매장 운영을 위한 원두 및 커피 머신 견적', '수프레모 나리뇨 원두에 대한 견적', 100, 300000, 'N', 3900000, '수출영세', 30000000, 12),
    (13, NOW(), NOW(), '2024-02-10', '원두 구매 견적', '루비아 다크 브라운 원두 및 예가체프 아바야 게이샤 원두에 대한 견적', 340, 600000, 'Y', 5520000, '매출과세', 86000000, 13),
    (14, NOW(), NOW(), '2024-02-12', '원두 구매 견적', '시다모 원두 및 멜파라이 소리치 원두에 대한 견적', 300, 180000, 'N', 5040000, '매출면세', 54000000, 14),
    (15, NOW(), NOW(), '2024-02-14', '사무실용 커피 머신 및 원두 견적', '수프레모 나리뇨 원두에 대한 견적', 220, 60000, 'Y', 1452000, '수출영세', 13200000, 15),
    (16, NOW(), NOW(), '2024-02-24', '카페 개업을 위한 원두 및 머신 견적', '고급 원두 및 커피머신 견적', 175, 70000, 'Y', 1715000, '매출과세', 12250000, 15),
    (17, NOW(), NOW(), '2024-02-25', '커피 기계 및 원두 공급 견적', '커피머신 및 원두 견적', 190, 95000, 'N', 2660000, '매출면세', 18050000, 16),
    (18, NOW(), NOW(), '2024-02-26', '비즈니스용 커피 머신 및 원두 견적', '고급 원두, 커피머신 포함 견적', 370, 270000, 'N', 5730000, '매출과세', 50200000, 17),
    (19, NOW(), NOW(), '2024-02-27', '사무실용 커피 머신 및 원두 견적', '원두 및 커피 액세서리 견적', 420, 240000, 'N', 5541000, '매출면세', 49200000, 18),
    (20, NOW(), NOW(), '2024-03-28', '커피 머신 및 원두 패키지 견적서', '커피머신 및 원두 견적', 530, 375000, 'Y', 7430000, '매출과세', 99000000, 19),
    (21, NOW(), NOW(), '2024-03-21', '고급 원두 및 커피 머신 견적', '고급 원두 및 커피머신 제공 견적', 520, 270000, 'N', 8118000, '매출면세', 68200000, 20),
    (22, NOW(), NOW(), '2024-03-22', '고급 원두 및 커피 머신 견적', '고급 원두 및 커피머신 제공 견적', 470, 270000, 'Y', 8088000, '매출과세', 62650000, 21),
    (23, NOW(), NOW(), '2024-03-23', '사무용 커피 머신 및 원두 견적', '고급 원두 및 커피머신 제공 견적', 475, 325000, 'N', 6602500, '매출면세', 76850000, 22),
    (24, NOW(), NOW(), '2024-03-24', '카페 디자인 및 커피 머신/원두 공급 견적', '고급 원두 및 커피머신 제공 견적', 530, 255000, 'Y', 6687000, '매출과세', 67700000, 23),
    (25, NOW(), NOW(), '2024-03-25', '고객 맞춤형 커피 머신 및 원두 견적', '고급 원두 및 커피머신 제공 견적', 460, 260000, 'N', 7428000, '수출영세', 59400000, 24),
    (26, NOW(), NOW(), '2024-03-26', '사무실용 원두 및 커피 머신 세트 견적', '고급 원두 및 커피머신 제공 견적', 580, 180000, 'Y', 5136000, '매출과세', 51800000, 25),
    (27, NOW(), NOW(), '2024-03-27', '고객 맞춤형 커피 머신 및 원두 견적', '고급 원두 및 커피머신 제공 견적', 380, 320000, 'N', 5292000, '매출면세', 60600000, 26),
    (28, NOW(), NOW(), '2024-03-28', '친환경 원두 및 커피 머신 견적', '고급 원두 및 커피머신 제공 견적', 510, 230000, 'Y', 8199000, '매출과세', 57900000, 27),
    (29, NOW(), NOW(), '2024-03-29', '카페 창업용 커피 머신 및 원두 견적', '고급 원두 및 커피머신 제공 견적', 430, 290000, 'N', 6510000, '수출영세', 61900000, 28),
    (30, NOW(), NOW(), '2024-03-30', '사무용 커피 머신 및 원두 견적 ', '고급 원두 및 커피머신 제공 견적', 500, 275000, 'Y', 7405000, '매출과세', 67750000, 29),
    (31, NOW(), NOW(), '2024-04-01', '친환경 원두 및 커피 머신 견적', '고급 원두 및 커피머신 제공 견적', 470, 230000, 'N', 5907000, '매출면세', 53900000, 30),
    (32, NOW(), NOW(), '2024-04-02', '이벤트용 커피 머신 및 원두 렌탈 견적', '고급 원두 및 커피머신 제공 견적', 530, 200000, 'Y', 6612000, '매출과세', 52850000, 31),
    (33, NOW(), NOW(), '2024-04-03', '카페용 커피 머신 및 원두 공급 견적', '고급 원두 및 커피머신 제공 견적', 450, 315000, '부가세 미포함', 7650000, '수출영세', 69750000, 32),
    (34, NOW(), NOW(), '2024-04-04', '카페 디자인 및 커피 머신/원두 공급 견적', '고급 원두 및 커피머신 제공 견적', 475, 270000, '부가세 포함', 7370000, '매출과세', 61000000, 33),
    (35, NOW(), NOW(), '2024-04-05', '커피마스터 - 원두 구매 견적', '고급 원두 및 커피머신 제공 견적', 395, 265000, 'N', 6239000, '매출면세', 52600000, 34),
    (36, NOW(), NOW(), '2024-04-06', '친환경 원두 및 커피 머신 견적', '고급 원두 및 커피머신 제공 견적', 445, 305000, 'Y', 7747000, '매출과세', 67725000, 35),
    (37, NOW(), NOW(), '2024-04-07', '이벤트용 커피 머신 및 원두 렌탈 견적', '고급 원두 및 커피머신 제공 견적', 430, 210000, 'N', 4923000, '수출영세', 45050000, 36),
    (38, NOW(), NOW(), '2024-04-08', '고객 맞춤형 커피 머신 및 원두 견적', '고급 원두 및 커피머신 제공 견적', 515, 225000, 'Y', 5346000, '매출과세', 58725000, 37),
    (39, NOW(), NOW(), '2024-04-09', '정기적인 커피 머신 및 원두 공급 서비스 견적', '고급 원두 및 커피머신 제공 견적', 545, 290000, 'N', 8421000, '매출면세', 78400000, 38),
    (40, NOW(), NOW(), '2024-04-06', '직원 휴게실 커피 머신 및 원두 세트 견적', '고급 원두 및 커피머신 제공 견적', 530, 270000, 'N', 7640000, '수출영세', 69800000, 39),
    (41, NOW(), NOW(), '2024-04-07', '친환경 원두 및 커피 머신 견적', '고급 원두 및 커피머신 제공 견적', 485, 250000, 'N', 7087500, '매출과세', 59325000, 40),
    (42, NOW(), NOW(), '2024-04-08', '고객 맞춤형 커피 머신 및 원두 견적', '고급 원두 및 커피머신 제공 견적', 465, 255000, 'N', 6592500, '매출면세', 59250000, 41),
    (43, NOW(), NOW(), '2024-05-09', '이벤트용 커피 머신 및 원두 렌탈 견적', '고급 원두 및 커피머신 제공 견적', 450, 290000, 'N', 6887500, '매출과세', 63750000, 42),
    (44, NOW(), NOW(), '2024-05-10', '사무용 커피 머신 및 원두 견적 ', '고급 원두 및 커피머신 제공 견적', 550, 300000, 'N', 7436500, '매출면세', 82450000, 43),
    (45, NOW(), NOW(), '2024-05-11', '이벤트용 커피 머신 및 원두 렌탈 견적', '고급 원두 및 커피머신 제공 견적', 515, 225000, 'N', 7725000, '매출과세', 57125000, 44),
    (46, NOW(), NOW(), '2024-05-12', '정기적인 커피 머신 및 원두 공급 서비스 견적', '고급 원두 및 커피머신 제공 견적', 525, 255000, 'N', 5646250, '수출영세', 66625000, 45),
    (47, NOW(), NOW(), '2024-05-13', '친환경 원두 및 커피 머신 견적적', '고급 원두 및 커피머신 제공 견적', 450, 285000, 'Y', 7677000, '매출과세', 63900000, 46),
    (48, NOW(), NOW(), '2024-05-14', '고객 맞춤형 커피 머신 및 원두 견적', '고급 원두 및 커피머신 제공 견적', 475, 270000, 'N', 6085000, '매출면세', 64000000, 47),
    (49, NOW(), NOW(), '2024-05-15', '사무실 커피 머신 설치 및 원두 공급 견적', '고급 원두 및 커피머신 제공 견적', 550, 270000, 'Y', 6936000, '매출과세', 74100000, 48),
    (50, NOW(), NOW(), '2024-05-16', '카페 및 레스토랑용 원두 및 커피 머신 견적', '고급 원두 및 커피머신 제공 견적', 510, 4650000, 'N', 465000, '매출면세', 5085000, 49),
    (51, NOW(), NOW(), '2024-05-17', '직원 휴게실 커피 머신 및 원두 세트 견적', '고급 원두 및 커피머신 제공 견적', 495, 7107750, 'Y', 57725000, '매출과세', 352000, 50),
    (52, NOW(), NOW(), '2024-05-18', '고급 원두 및 커피 머신 견적', '고급 원두 및 커피머신 제공 견적', 515, 230000, 'N', 5310000, '수출영세', 58875000, 51),
    (53, NOW(), NOW(), '2024-05-19', '직원 휴게실 커피 머신 및 원두 세트 견적', '고급 원두 및 커피머신 제공 견적', 480, 230000, 'Y', 5736000, '매출과세', 55300000, 52),
    (54, NOW(), NOW(), '2024-05-20', '사무용 커피 머신 및 원두 견적 ', '고급 원두 및 커피머신 제공 견적', 535, 255000, 'N', 7150000, '매출면세', 68250000, 53),
    (55, NOW(), NOW(), '2024-05-21', '자동화된 커피 머신 및 원두 패키지 견적', '고급 원두 및 커피머신 제공 견적', 485, 255000, 'Y', 8596750, '매출과세', 61775000, 54),
    (56, NOW(), NOW(), '2024-05-22', '고급 원두 및 커피 머신 견적', '고급 원두 및 커피머신 제공 견적', 500, 285000, 'N', 6903000, '수출영세', 71775000, 55),
    (57, NOW(), NOW(), '2024-06-23', '카페 디자인 및 커피 머신/원두 공급 견적', '고급 원두 및 커피머신 제공 견적', 540, 245000, 'Y', 6887500, '매출과세', 65250000, 56),
    (58, NOW(), NOW(), '2024-06-24', '직원 휴게실 커피 머신 및 원두 세트 견적', '고급 원두 및 커피머신 제공 견적', 505, 230000, 'N', 6240750, '매출면세', 58525000, 57),
    (59, NOW(), NOW(), '2024-06-25', '고급 원두 및 커피 머신 견적', '고급 원두 및 커피머신 제공 견적', 420, 270000, 'Y', 6488000, '매출과세', 56600000, 58),
    (60, NOW(), NOW(), '2024-06-26', '직원 휴게실 커피 머신 및 원두 세트 견적', '고급 원두 및 커피머신 제공 견적', 540, 245000, 'Y', 7282000, '수출영세', 66100000, 59),
    (61, NOW(), NOW(), '2024-06-27', '이벤트용 커피 머신 및 원두 렌탈 견적', '고급 원두 및 커피머신 제공 견적', 485, 250000, 'Y', 7170000, '매출과세', 60475000, 60),
    (62, NOW(), NOW(), '2024-06-28', '이벤트용 커피 머신 및 원두 렌탈 견적', '고급 원두 및 커피머신 제공 견적', 520, 290000, 'Y', 8180000, '매출면세', 75050000, 61),
    (63, NOW(), NOW(), '2024-06-29', '카페 디자인 및 커피 머신/원두 공급 견적', '고급 원두 및 커피머신 제공 견적', 505, 215000, 'Y', 6543250, '매출과세', 54325000, 62),
    (64, NOW(), NOW(), '2024-06-30', '사무실용 커피 머신 및 원두 견적', '고급 원두 및 커피머신 제공 견적', 555, 255000, 'N', 6412500, '매출면세', 70800000, 63),
    (65, NOW(), NOW(), '2024-06-01', '직원용 커피 머신 및 원두 견적', '고급 원두 및 커피머신 제공 견적', 545, 255000, 'N', 9292500, '매출과세', 69050000, 64),
    (66, NOW(), NOW(), '2024-06-02', '고객 맞춤형 커피 머신 및 원두 견적', '고급 원두 및 커피머신 제공 견적', 465, 265000, 'N', 6450000, '수출영세', 61800000, 65),
    (67, NOW(), NOW(), '2024-06-03', '스마트 커피 머신 및 원두 패키지 견적', '고급 원두 및 커피머신 제공 견적', 475, 285000, 'N', 6412500, '매출과세', 67125000, 66),
    (68, NOW(), NOW(), '2024-06-04', '고객 맞춤형 커피 머신 및 원두 견적', '고급 원두 및 커피머신 제공 견적', 470, 215000, 'N', 5416500, '매출면세', 50650000, 67),
    (69, NOW(), NOW(), '2024-07-05', '새로운 커피 머신 및 원두 패키지 견적', '고급 원두 및 커피머신 제공 견적', 460, 255000, 'Y', 5588000, '매출과세', 58600000, 68),
    (70, NOW(), NOW(), '2024-07-06', '카페 디자인 및 커피 머신/원두 공급 견적', '고급 원두 및 커피머신 제공 견적', 515, 255000, 'Y', 7191000, '매출면세', 65550000, 69),
    (71, NOW(), NOW(), '2024-07-07', '카페 창업용 커피 머신 및 원두 견적', '고급 원두 및 커피머신 제공 견적', 505, 295000, 'Y', 8059500, '매출과세', 74600000, 70),
    (72, NOW(), NOW(), '2024-07-08', '고급 원두 및 커피 머신 견적', '고급 원두 및 커피머신 제공 견적', 460, 255000, 'N', 6675250, '매출면세', 58275000, 71),
    (73, NOW(), NOW(), '2024-07-09', '정기적인 커피 머신 및 원두 공급 서비스 견적', '고급 원두 및 커피머신 제공 견적', 560, 225000, 'Y', 6252750, '매출과세', 62775000, 72),
    (74, NOW(), NOW(), '2024-07-10', '자동화된 커피 머신 및 원두 패키지 견적', '고급 원두 및 커피머신 제공 견적', 500, 245000, 'N', 7045000, '수출영세', 61850000, 73),
    (75, NOW(), NOW(), '2024-07-11', '카페 디자인 및 커피 머신/원두 공급 견적', '고급 원두 및 커피머신 제공 견적', 465, 280000, 'Y', 6176250, '매출과세', 65025000, 74),
    (76, NOW(), NOW(), '2024-07-12', '고급 원두 및 커피 머신 견적 ', '고급 원두 및 커피머신 제공 견적', 550, 240000, 'N', 8736000, '매출면세', 65800000, 75),
    (77, NOW(), NOW(), '2024-08-13', '소형 커피 머신과 원두 견적', '고급 원두 및 커피머신 제공 견적', 485, 235000, 'Y', 6389000, '매출과세', 57100000, 76),
    (78, NOW(), NOW(), '2024-08-14', '이벤트용 커피 머신 및 원두 렌탈 견적', '고급 원두 및 커피머신 제공 견적', 480, 250000, 'N', 6292000, '매출면세', 59800000, 77),
    (79, NOW(), NOW(), '2024-08-15', '커피마스터 - 원두 구매 견적', '고급 원두 및 커피머신 제공 견적', 505, 220000, 'N', 5094000, '매출과세', 55275000, 78),
    (80, NOW(), NOW(), '2024-08-16', '커피팝 - 원두 구매 견적', '고급 원두 및 커피머신 제공 견적', 450, 285000, 'Y', 7738500, '수출영세', 64075000, 79),
    (81, NOW(), NOW(), '2024-08-17', '소형 커피 머신과 원두 견적', '고급 원두 및 커피머신 제공 견적', 505, 270000, 'Y', 8103000, '매출과세', 68100000, 80),
    (82, NOW(), NOW(), '2024-08-18', '직원용 커피 머신 및 원두 견적', '고급 원두 및 커피머신 제공 견적', 530, 240000, 'Y', 5684500, '매출면세', 63400000, 81),
    (83, NOW(), NOW(), '2024-08-19', '카페 창업용 커피 머신 및 원두 견적', '고급 원두 및 커피머신 제공 견적', 505, 255000, 'Y', 6434000, '매출과세', 64350000, 82),
    (84, NOW(), NOW(), '2024-09-20', '고객 대기실용 커피 머신 및 원두 견적', '고급 원두 및 커피머신 제공 견적', 490, 275000, 'N', 7539000, '수출영세', 67550000, 83),
    (85, NOW(), NOW(), '2024-09-21', '사무실 커피 머신 설치 및 원두 공급 견적', '고급 원두 및 커피머신 제공 견적', 530, 295000, 'N', 9033750, '매출과세', 78125000, 84),
    (86, NOW(), NOW(), '2024-09-22', '사무용 커피 머신 및 원두 견적 ', '고급 원두 및 커피머신 제공 견적', 505, 205000, 'N', 5772750, '매출면세', 51825000, 85),
    (87, NOW(), NOW(), '2024-09-23', '카페용 커피 머신 및 원두 공급 견적', '고급 원두 및 커피머신 제공 견적', 460, 235000, 'Y', 5712750, '매출과세', 54075000, 86),
    (88, NOW(), NOW(), '2024-09-24', '카페 창업용 커피 머신 및 원두 견적', '고급 원두 및 커피머신 제공 견적', 515, 255000, 'N', 8571500, '수출영세', 65600000, 87),
    (89, NOW(), NOW(), '2024-09-25', '사무용 커피 머신 및 원두 견적 ', '고급 원두 및 커피머신 제공 견적', 580, 275000, 'Y', 7188000, '매출과세', 79725000, 88),
    (90, NOW(), NOW(), '2024-09-26', '비즈니스용 커피 머신과 원두 패키지 견적', '고급 원두 및 커피머신 제공 견적', 475, 295000, 'N', 7410000, '매출면세', 70000000, 89),
    (91, NOW(), NOW(), '2024-09-27', '고객 맞춤형 커피 머신 및 원두 견적', '고급 원두 및 커피머신 제공 견적', 475, 245000, 'Y', 8071500, '매출과세', 58050000, 90),
    (92, NOW(), NOW(), '2024-10-28', '카페용 커피 머신 및 원두 공급 견적', '고급 원두 및 커피머신 제공 견적', 515, 245000, 'N', 5962000, '수출영세', 62825000, 91),
    (93, NOW(), NOW(), '2024-10-29', '사무실 커피 머신 설치 및 원두 공급 견적', '고급 원두 및 커피머신 제공 견적', 580, 215000, 'Y', 6587250, '매출과세', 62375000, 92),
    (94, NOW(), NOW(), '2024-10-30', '카페 창업용 커피 머신 및 원두 견적', '고급 원두 및 커피머신 제공 견적', 480, 240000, 'N', 5722500, '매출면세', 57750000, 93),
    (95, NOW(), NOW(), '2024-10-31', '비즈니스용 커피 머신과 원두 패키지 견적 ', '고급 원두 및 커피머신 제공 견적', 495, 265000, 'Y', 7326000, '매출과세', 65650000, 94),
    (96, NOW(), NOW(), '2024-11-01', '이벤트용 커피 머신 및 원두 렌탈 견적', '고급 원두 및 커피머신 제공 견적', 520, 285000, 'N', 7332000, '수출영세', 74150000, 95),
    (97, NOW(), NOW(), '2024-11-02', '카페용 커피 머신 및 원두 공급 견적', '고급 원두 및 커피머신 제공 견적', 525, 250000, 'Y', 7875000, '매출과세', 66500000, 96),
    (98, NOW(), NOW(), '2024-11-03', '자동화된 커피 머신 및 원두 패키지 견적', '고급 원두 및 커피머신 제공 견적', 455, 215000, 'N', 6104250, '매출면세', 48875000, 97),
    (99, NOW(), NOW(), '2024-11-04', '직원용 커피 머신 및 원두 견적', '고급 원두 및 커피머신 제공 견적', 465, 240000, 'Y', 5595000, '매출과세', 55875000, 98),
    (100, NOW(), NOW(), '2024-11-05', '정기적인 커피 머신 및 원두 공급 서비스 견적', '고급 원두 및 커피머신 제공 견적', 720, 405000, 'N', 10541500, '수출영세', 97300000, 99);

-- >>>>>>>>>>>> 견적별 물품 <<<<<<<<<<<<<<

-- 견적별 물품 데이터 생성 (총 200개)
INSERT INTO tb_est_prod (est_prod_no, created_at, updated_at, discount, qty, supply_price, tax_rate, tax, total_amt, unit_amt, unit_prop_amt, est_no, prod_no)
VALUES
    (1, NOW(), NOW(), 5, 200, 150000, 11, 3300000, 33000000, 150000, 135000, 1, 1),
    (2, NOW(), NOW(), 10, 150, 120000, 8, 1440000, 18000000, 120000, 108000, 1, 2),
    (3, NOW(), NOW(), 7, 180, 100000, 12, 2160000, 18000000, 100000, 90000, 1, 3),
    (4, NOW(), NOW(), 15, 100, 300000, 13, 3900000, 30000000, 300000, 270000, 2, 4),
    (5, NOW(), NOW(), 20, 90, 400000, 7, 2520000, 36000000, 400000, 360000, 2, 5),
    (6, NOW(), NOW(), 12, 250, 200000, 6, 3000000, 50000000, 200000, 180000, 3, 6),
    (7, NOW(), NOW(), 10, 300, 180000, 14, 5040000, 54000000, 180000, 162000, 3, 7),
    (8, NOW(), NOW(), 5, 220, 60000, 11, 1452000, 13200000, 60000, 54000, 3, 8),
    (9, NOW(), NOW(), 8, 175, 70000, 14, 1715000, 12250000, 70000, 63000, 4, 9),
    (10, NOW(), NOW(), 10, 190, 95000, 14, 2660000, 18050000, 95000, 85500, 4, 10),
    (11, NOW(), NOW(), 12, 200, 150000, 11, 3300000, 33000000, 150000, 135000, 5, 1),
    (12, NOW(), NOW(), 5, 150, 120000, 8, 1440000, 18000000, 120000, 108000, 5, 2),
    (13, NOW(), NOW(), 10, 180, 100000, 12, 2160000, 18000000, 100000, 90000, 5, 3),
    (14, NOW(), NOW(), 8, 100, 300000, 13, 3900000, 30000000, 300000, 270000, 6, 4),
    (15, NOW(), NOW(), 15, 90, 400000, 7, 2520000, 36000000, 400000, 360000, 6, 5),
    (16, NOW(), NOW(), 10, 250, 200000, 6, 3000000, 50000000, 200000, 180000, 7, 6),
    (17, NOW(), NOW(), 12, 300, 180000, 14, 5040000, 54000000, 180000, 162000, 7, 7),
    (18, NOW(), NOW(), 7, 220, 60000, 11, 1452000, 13200000, 60000, 54000, 7, 8),
    (19, NOW(), NOW(), 10, 175, 70000, 14, 1715000, 12250000, 70000, 63000, 8, 9),
    (20, NOW(), NOW(), 5, 190, 95000, 14, 2660000, 18050000, 95000, 85500, 8, 10),
    (21, NOW(), NOW(), 5, 200, 150000, 11, 3300000, 33000000, 150000, 135000, 9, 1),
    (22, NOW(), NOW(), 10, 150, 120000, 8, 1440000, 18000000, 120000, 108000, 10, 2),
    (23, NOW(), NOW(), 7, 180, 100000, 12, 2160000, 18000000, 100000, 90000, 11, 3),
    (24, NOW(), NOW(), 15, 100, 300000, 13, 3900000, 30000000, 300000, 270000, 12, 4),
    (25, NOW(), NOW(), 20, 90, 400000, 7, 2520000, 36000000, 400000, 360000, 13, 5),
    (26, NOW(), NOW(), 12, 250, 200000, 6, 3000000, 50000000, 200000, 180000, 13, 6),
    (27, NOW(), NOW(), 10, 300, 180000, 14, 5040000, 54000000, 180000, 162000, 14, 7),
    (28, NOW(), NOW(), 5, 220, 60000, 11, 1452000, 13200000, 60000, 54000, 15, 8),
    (29, NOW(), NOW(), 8, 175, 70000, 14, 1715000, 12250000, 70000, 63000, 16, 9),
    (30, NOW(), NOW(), 10, 190, 95000, 14, 2660000, 18050000, 95000, 85500, 17, 10),
    (31, NOW(), NOW(), 5, 210, 140000, 11, 3234000, 29400000, 140000, 126000, 18, 1),
    (32, NOW(), NOW(), 12, 160, 130000, 12, 2496000, 20800000, 130000, 117000, 18, 2),
    (33, NOW(), NOW(), 8, 190, 150000, 10, 2850000, 28500000, 150000, 135000, 19, 3),
    (34, NOW(), NOW(), 6, 230, 90000, 13, 2691000, 20700000, 90000, 81000, 19, 4),
    (35, NOW(), NOW(), 14, 250, 200000, 8, 4000000, 50000000, 200000, 180000, 20, 5),
    (36, NOW(), NOW(), 10, 280, 175000, 7, 3430000, 49000000, 175000, 157500, 20, 6),
    (37, NOW(), NOW(), 7, 220, 160000, 9, 3168000, 35200000, 160000, 144000, 21, 7),
    (38, NOW(), NOW(), 15, 300, 110000, 15, 4950000, 33000000, 110000, 99000, 21, 8),
    (39, NOW(), NOW(), 5, 275, 125000, 12, 4125000, 34375000, 125000, 112500, 22, 9),
    (40, NOW(), NOW(), 10, 195, 145000, 14, 3963000, 28275000, 145000, 130500, 22, 10),
    (41, NOW(), NOW(), 8, 260, 155000, 10, 4030000, 40300000, 155000, 139500, 23, 1),
    (42, NOW(), NOW(), 9, 215, 170000, 7, 2572500, 36550000, 170000, 153000, 23, 2),
    (43, NOW(), NOW(), 10, 290, 130000, 9, 3387000, 37700000, 130000, 117000, 24, 3),
    (44, NOW(), NOW(), 6, 240, 125000, 11, 3300000, 30000000, 125000, 112500, 24, 4),
    (45, NOW(), NOW(), 14, 210, 140000, 12, 3528000, 29400000, 140000, 126000, 25, 5),
    (46, NOW(), NOW(), 5, 250, 120000, 13, 3900000, 30000000, 120000, 108000, 25, 6),
    (47, NOW(), NOW(), 10, 270, 100000, 8, 2160000, 27000000, 100000, 90000, 26, 7),
    (48, NOW(), NOW(), 8, 310, 80000, 12, 2976000, 24800000, 80000, 72000, 26, 8),
    (49, NOW(), NOW(), 15, 200, 150000, 14, 3150000, 30000000, 150000, 135000, 27, 9),
    (50, NOW(), NOW(), 10, 180, 170000, 7, 2142000, 30600000, 170000, 153000, 27, 10),
    (51, NOW(), NOW(), 7, 270, 90000, 13, 3159000, 24300000, 90000, 81000, 28, 1),
    (52, NOW(), NOW(), 10, 240, 140000, 15, 5040000, 33600000, 140000, 126000, 28, 2),
    (53, NOW(), NOW(), 5, 200, 160000, 11, 3520000, 32000000, 160000, 144000, 29, 3),
    (54, NOW(), NOW(), 12, 230, 130000, 8, 2990000, 29900000, 130000, 117000, 29, 4),
    (55, NOW(), NOW(), 8, 290, 125000, 10, 3625000, 36250000, 125000, 112500, 30, 5),
    (56, NOW(), NOW(), 10, 210, 150000, 12, 3780000, 31500000, 150000, 135000, 30, 6),
    (57, NOW(), NOW(), 7, 250, 110000, 9, 2475000, 27500000, 110000, 99000, 31, 7),
    (58, NOW(), NOW(), 9, 220, 120000, 13, 3432000, 26400000, 120000, 108000, 31, 8),
    (59, NOW(), NOW(), 10, 280, 95000, 11, 2937000, 26600000, 95000, 85500, 32, 9),
    (60, NOW(), NOW(), 12, 250, 105000, 14, 3675000, 26250000, 105000, 94500, 32, 10),
    (61, NOW(), NOW(), 5, 250, 135000, 12, 4050000, 33750000, 135000, 121500, 33, 1),
    (62, NOW(), NOW(), 7, 200, 180000, 10, 3600000, 36000000, 180000, 162000, 33, 2),
    (63, NOW(), NOW(), 10, 175, 160000, 11, 3080000, 28000000, 160000, 144000, 34, 3),
    (64, NOW(), NOW(), 6, 300, 110000, 13, 4290000, 33000000, 110000, 99000, 34, 4),
    (65, NOW(), NOW(), 8, 215, 140000, 14, 4214000, 30100000, 140000, 126000, 35, 5),
    (66, NOW(), NOW(), 12, 180, 125000, 9, 2025000, 22500000, 125000, 112500, 35, 6),
    (67, NOW(), NOW(), 10, 195, 155000, 7, 2122000, 30225000, 155000, 139500, 36, 7),
    (68, NOW(), NOW(), 5, 250, 150000, 15, 5625000, 37500000, 150000, 135000, 36, 8),
    (69, NOW(), NOW(), 7, 210, 115000, 10, 2415000, 24150000, 115000, 103500, 37, 9),
    (70, NOW(), NOW(), 9, 220, 95000, 12, 2508000, 20900000, 95000, 85500, 37, 10),
    (71, NOW(), NOW(), 15, 240, 90000, 11, 2376000, 21600000, 90000, 81000, 38, 1),
    (72, NOW(), NOW(), 8, 275, 135000, 8, 2970000, 37125000, 135000, 121500, 38, 2),
    (73, NOW(), NOW(), 10, 260, 170000, 9, 3969000, 44200000, 170000, 153000, 39, 3),
    (74, NOW(), NOW(), 6, 285, 120000, 13, 4452000, 34200000, 120000, 108000, 39, 4),
    (75, NOW(), NOW(), 8, 230, 160000, 10, 3680000, 36800000, 160000, 144000, 40, 5),
    (76, NOW(), NOW(), 5, 300, 110000, 12, 3960000, 33000000, 110000, 99000, 40, 6),
    (77, NOW(), NOW(), 10, 275, 105000, 14, 4042500, 28875000, 105000, 94500, 41, 7),
    (78, NOW(), NOW(), 9, 210, 145000, 8, 3045000, 30450000, 145000, 130500, 41, 8),
    (79, NOW(), NOW(), 7, 225, 130000, 11, 3217500, 29250000, 130000, 117000, 42, 9),
    (80, NOW(), NOW(), 15, 240, 125000, 10, 3375000, 30000000, 125000, 112500, 42, 10),
    (81, NOW(), NOW(), 5, 250, 115000, 13, 3737500, 28750000, 115000, 103500, 43, 1),
    (82, NOW(), NOW(), 12, 200, 175000, 9, 3150000, 35000000, 175000, 157500, 43, 2),
    (83, NOW(), NOW(), 8, 270, 155000, 11, 4594500, 41850000, 155000, 139500, 44, 3),
    (84, NOW(), NOW(), 10, 280, 145000, 7, 2842000, 40600000, 145000, 130500, 44, 4),
    (85, NOW(), NOW(), 6, 290, 100000, 15, 4350000, 29000000, 100000, 90000, 45, 5),
    (86, NOW(), NOW(), 10, 225, 125000, 12, 3375000, 28125000, 125000, 112500, 45, 6),
    (87, NOW(), NOW(), 5, 250, 140000, 8, 2800000, 35000000, 140000, 126000, 46, 7),
    (88, NOW(), NOW(), 7, 275, 115000, 9, 2846250, 31625000, 115000, 103500, 46, 8),
    (89, NOW(), NOW(), 12, 240, 135000, 13, 4212000, 32400000, 135000, 121500, 47, 9),
    (90, NOW(), NOW(), 10, 210, 150000, 11, 3465000, 31500000, 150000, 135000, 47, 10),
    (91, NOW(), NOW(), 7, 250, 130000, 10, 3250000, 32500000, 130000, 117000, 48, 1),
    (92, NOW(), NOW(), 10, 225, 140000, 9, 2835000, 31500000, 140000, 126000, 48, 2),
    (93, NOW(), NOW(), 5, 280, 120000, 11, 3696000, 33600000, 120000, 108000, 49, 3),
    (94, NOW(), NOW(), 8, 270, 150000, 8, 3240000, 40500000, 150000, 135000, 49, 4),
    (95, NOW(), NOW(), 6, 300, 110000, 13, 4290000, 33000000, 110000, 99000, 50, 5),
    (96, NOW(), NOW(), 12, 210, 145000, 12, 3654000, 30450000, 145000, 130500, 50, 6),
    (97, NOW(), NOW(), 9, 260, 100000, 10, 2340000, 26000000, 100000, 90000, 51, 7),
    (98, NOW(), NOW(), 11, 235, 135000, 15, 4767750, 31725000, 135000, 121500, 51, 8),
    (99, NOW(), NOW(), 7, 240, 125000, 10, 3000000, 30000000, 125000, 112500, 52, 9),
    (100, NOW(), NOW(), 10, 275, 105000, 8, 2310000, 28875000, 105000, 94500, 52, 10),
    (101, NOW(), NOW(), 6, 230, 110000, 12, 3036000, 25300000, 110000, 99000, 53, 1),
    (102, NOW(), NOW(), 8, 250, 120000, 9, 2700000, 30000000, 120000, 108000, 53, 2),
    (103, NOW(), NOW(), 10, 275, 130000, 10, 3575000, 35750000, 130000, 117000, 54, 3),
    (104, NOW(), NOW(), 9, 260, 125000, 11, 3575000, 32500000, 125000, 112500, 54, 4),
    (105, NOW(), NOW(), 5, 240, 140000, 13, 4368000, 33600000, 140000, 126000, 55, 5),
    (106, NOW(), NOW(), 7, 245, 115000, 15, 4228750, 28175000, 115000, 103500, 55, 6),
    (107, NOW(), NOW(), 11, 215, 135000, 12, 3483000, 29025000, 135000, 121500, 56, 7),
    (108, NOW(), NOW(), 6, 285, 150000, 8, 3420000, 42750000, 150000, 135000, 56, 8),
    (109, NOW(), NOW(), 10, 250, 145000, 11, 3987500, 36250000, 145000, 130500, 57, 9),
    (110, NOW(), NOW(), 9, 290, 100000, 10, 2900000, 29000000, 100000, 90000, 57, 10),
    (111, NOW(), NOW(), 8, 275, 125000, 9, 3093750, 34375000, 125000, 112500, 58, 1),
    (112, NOW(), NOW(), 12, 230, 105000, 13, 3147000, 24150000, 105000, 94500, 58, 2),
    (113, NOW(), NOW(), 5, 200, 140000, 15, 4200000, 28000000, 140000, 126000, 59, 3),
    (114, NOW(), NOW(), 10, 220, 130000, 8, 2288000, 28600000, 130000, 117000, 59, 4),
    (115, NOW(), NOW(), 7, 260, 125000, 10, 3250000, 32500000, 125000, 112500, 60, 5),
    (116, NOW(), NOW(), 11, 280, 120000, 12, 4032000, 33600000, 120000, 108000, 60, 6),
    (117, NOW(), NOW(), 9, 250, 115000, 15, 4312500, 28750000, 115000, 103500, 61, 7),
    (118, NOW(), NOW(), 6, 235, 135000, 9, 2857500, 31725000, 135000, 121500, 61, 8),
    (119, NOW(), NOW(), 8, 295, 140000, 10, 4130000, 41300000, 140000, 126000, 62, 9),
    (120, NOW(), NOW(), 7, 225, 150000, 12, 4050000, 33750000, 150000, 135000, 62, 10),
    (121, NOW(), NOW(), 5, 245, 105000, 11, 2825250, 25725000, 105000, 94500, 63, 1),
    (122, NOW(), NOW(), 10, 260, 110000, 13, 3718000, 28600000, 110000, 99000, 63, 2),
    (123, NOW(), NOW(), 8, 270, 125000, 8, 2700000, 33750000, 125000, 112500, 64, 3),
    (124, NOW(), NOW(), 6, 285, 130000, 10, 3712500, 37050000, 130000, 117000, 64, 4),
    (125, NOW(), NOW(), 9, 255, 140000, 12, 4284000, 35700000, 140000, 126000, 65, 5),
    (126, NOW(), NOW(), 11, 290, 115000, 15, 5008500, 33350000, 115000, 103500, 65, 6),
    (127, NOW(), NOW(), 7, 225, 120000, 11, 2970000, 27000000, 120000, 108000, 66, 7),
    (128, NOW(), NOW(), 6, 240, 145000, 8, 3480000, 34800000, 145000, 130500, 66, 8),
    (129, NOW(), NOW(), 12, 275, 135000, 10, 3712500, 37125000, 135000, 121500, 67, 9),
    (130, NOW(), NOW(), 8, 200, 150000, 9, 2700000, 30000000, 150000, 135000, 67, 10),
    (131, NOW(), NOW(), 7, 210, 105000, 9, 1984500, 22050000, 105000, 94500, 68, 1),
    (132, NOW(), NOW(), 10, 260, 110000, 12, 3432000, 28600000, 110000, 99000, 68, 2),
    (133, NOW(), NOW(), 8, 240, 125000, 11, 3300000, 30000000, 125000, 112500, 69, 3),
    (134, NOW(), NOW(), 12, 220, 130000, 8, 2288000, 28600000, 130000, 117000, 69, 4),
    (135, NOW(), NOW(), 9, 250, 135000, 10, 3375000, 33750000, 135000, 121500, 70, 5),
    (136, NOW(), NOW(), 5, 265, 120000, 12, 3816000, 31800000, 120000, 108000, 70, 6),
    (137, NOW(), NOW(), 11, 230, 145000, 15, 4347000, 33350000, 145000, 130500, 71, 7),
    (138, NOW(), NOW(), 6, 275, 150000, 9, 3712500, 41250000, 150000, 135000, 71, 8),
    (139, NOW(), NOW(), 10, 215, 140000, 10, 3010000, 30100000, 140000, 126000, 72, 9),
    (140, NOW(), NOW(), 9, 245, 115000, 13, 3665250, 28175000, 115000, 103500, 72, 10),
    (141, NOW(), NOW(), 8, 295, 105000, 15, 3708750, 30975000, 105000, 94500, 73, 1),
    (142, NOW(), NOW(), 12, 265, 120000, 8, 2544000, 31800000, 120000, 108000, 73, 2),
    (143, NOW(), NOW(), 7, 290, 130000, 11, 4147000, 37700000, 130000, 117000, 74, 3),
    (144, NOW(), NOW(), 11, 210, 115000, 12, 2898000, 24150000, 115000, 103500, 74, 4),
    (145, NOW(), NOW(), 5, 225, 145000, 9, 2936250, 32625000, 145000, 130500, 75, 5),
    (146, NOW(), NOW(), 10, 240, 135000, 10, 3240000, 32400000, 135000, 121500, 75, 6),
    (147, NOW(), NOW(), 9, 270, 140000, 12, 4536000, 37800000, 140000, 126000, 76, 7),
    (148, NOW(), NOW(), 6, 280, 100000, 15, 4200000, 28000000, 100000, 90000, 76, 8),
    (149, NOW(), NOW(), 8, 235, 110000, 9, 2326500, 25850000, 110000, 99000, 77, 9),
    (150, NOW(), NOW(), 7, 250, 125000, 13, 4062500, 31250000, 125000, 112500, 77, 10),
    (151, NOW(), NOW(), 12, 260, 120000, 11, 3432000, 31200000, 120000, 108000, 78, 1),
    (152, NOW(), NOW(), 5, 220, 130000, 10, 2860000, 28600000, 130000, 117000, 78, 2),
    (153, NOW(), NOW(), 10, 225, 115000, 8, 2070000, 25875000, 115000, 103500, 79, 3),
    (154, NOW(), NOW(), 9, 280, 105000, 12, 3024000, 29400000, 105000, 94500, 79, 4),
    (155, NOW(), NOW(), 6, 235, 140000, 15, 4935000, 32900000, 140000, 126000, 80, 5),
    (156, NOW(), NOW(), 8, 215, 145000, 9, 2803500, 31175000, 145000, 130500, 80, 6),
    (157, NOW(), NOW(), 10, 250, 150000, 11, 4125000, 37500000, 150000, 135000, 81, 7),
    (158, NOW(), NOW(), 11, 255, 120000, 13, 3978000, 30600000, 120000, 108000, 81, 8),
    (159, NOW(), NOW(), 7, 285, 115000, 8, 2622000, 32775000, 115000, 103500, 82, 9),
    (160, NOW(), NOW(), 9, 245, 125000, 10, 3062500, 30625000, 125000, 112500, 82, 10),
    (161, NOW(), NOW(), 7, 260, 125000, 9, 2925000, 32500000, 125000, 112500, 83, 1),
    (162, NOW(), NOW(), 5, 245, 130000, 11, 3509000, 31850000, 130000, 117000, 83, 2),
    (163, NOW(), NOW(), 10, 210, 135000, 10, 2835000, 28350000, 135000, 121500, 84, 3),
    (164, NOW(), NOW(), 6, 280, 140000, 12, 4704000, 39200000, 140000, 126000, 84, 4),
    (165, NOW(), NOW(), 11, 275, 145000, 15, 5973750, 39875000, 145000, 130500, 85, 5),
    (166, NOW(), NOW(), 9, 255, 150000, 8, 3060000, 38250000, 150000, 135000, 85, 6),
    (167, NOW(), NOW(), 12, 240, 100000, 10, 2160000, 24000000, 100000, 90000, 86, 7),
    (168, NOW(), NOW(), 8, 265, 105000, 13, 3612750, 27825000, 105000, 94500, 86, 8),
    (169, NOW(), NOW(), 10, 225, 115000, 9, 2328750, 25875000, 115000, 103500, 87, 9),
    (170, NOW(), NOW(), 6, 235, 120000, 12, 3384000, 28200000, 120000, 108000, 87, 10),
    (171, NOW(), NOW(), 9, 245, 130000, 11, 3509000, 31850000, 130000, 117000, 88, 1),
    (172, NOW(), NOW(), 7, 270, 125000, 15, 5062500, 33750000, 125000, 112500, 88, 2),
    (173, NOW(), NOW(), 6, 295, 135000, 8, 3198000, 39825000, 135000, 121500, 89, 3),
    (174, NOW(), NOW(), 5, 285, 140000, 10, 3990000, 39900000, 140000, 126000, 89, 4),
    (175, NOW(), NOW(), 11, 250, 145000, 12, 4350000, 36250000, 145000, 130500, 90, 5),
    (176, NOW(), NOW(), 8, 225, 150000, 9, 3060000, 33750000, 150000, 135000, 90, 6),
    (177, NOW(), NOW(), 10, 265, 120000, 13, 4134000, 31800000, 120000, 108000, 91, 7),
    (178, NOW(), NOW(), 12, 210, 125000, 15, 3937500, 26250000, 125000, 112500, 91, 8),
    (179, NOW(), NOW(), 9, 240, 130000, 11, 3432000, 31200000, 130000, 117000, 92, 9),
    (180, NOW(), NOW(), 7, 275, 115000, 8, 2530000, 31625000, 115000, 103500, 92, 10),
    (181, NOW(), NOW(), 8, 285, 105000, 9, 2693250, 29925000, 105000, 94500, 93, 1),
    (182, NOW(), NOW(), 6, 295, 110000, 12, 3894000, 32450000, 110000, 99000, 93, 2),
    (183, NOW(), NOW(), 5, 225, 115000, 10, 2587500, 25875000, 115000, 103500, 94, 3),
    (184, NOW(), NOW(), 7, 255, 125000, 11, 3135000, 31875000, 125000, 112500, 94, 4),
    (185, NOW(), NOW(), 12, 235, 130000, 9, 2763000, 30550000, 130000, 117000, 95, 5),
    (186, NOW(), NOW(), 9, 260, 135000, 13, 4563000, 35100000, 135000, 121500, 95, 6),
    (187, NOW(), NOW(), 6, 250, 140000, 12, 4200000, 35000000, 140000, 126000, 96, 7),
    (188, NOW(), NOW(), 10, 270, 145000, 8, 3132000, 39150000, 145000, 130500, 96, 8),
    (189, NOW(), NOW(), 8, 280, 150000, 10, 4200000, 42000000, 150000, 135000, 97, 9),
    (190, NOW(), NOW(), 11, 245, 100000, 15, 3675000, 24500000, 100000, 90000, 97, 10),
    (191, NOW(), NOW(), 5, 235, 105000, 13, 3200250, 24675000, 105000, 94500, 98, 1),
    (192, NOW(), NOW(), 9, 220, 110000, 12, 2904000, 24200000, 110000, 99000, 98, 2),
    (193, NOW(), NOW(), 7, 225, 115000, 11, 2835000, 25875000, 115000, 103500, 99, 3),
    (194, NOW(), NOW(), 6, 240, 125000, 8, 2760000, 30000000, 125000, 112500, 99, 4),
    (195, NOW(), NOW(), 10, 245, 130000, 9, 2871000, 31850000, 130000, 117000, 100, 5),
    (196, NOW(), NOW(), 8, 210, 135000, 13, 3694500, 28350000, 135000, 121500, 100, 6),
    (197, NOW(), NOW(), 12, 265, 140000, 10, 3976000, 37100000, 140000, 126000, 100, 7),
    (198, NOW(), NOW(), 5, 250, 145000, 12, 4350000, 36250000, 145000, 130500, 8, 8),
    (199, NOW(), NOW(), 7, 270, 120000, 9, 2916000, 32400000, 120000, 108000, 10, 9),
    (200, NOW(), NOW(), 6, 280, 125000, 15, 4425000, 35000000, 125000, 112500, 11, 10);

-- Contract 데이터 70개
INSERT INTO tb_contract (contract_no, created_at, updated_at, arrival_noti_day, arrival_noti_yn, cls, cont_date, end_date, exp_arrival_date, name, note, payment_terms, prod_cnt, renewal_noti_day, renewal_noti_yn, start_date, supply_price, surtax_yn, tax, tax_cls, price, warrenty, est_no) VALUES
(1, NOW(), NOW(), '30', 'N', 'CONTRACT', '2024-02-14', '2024-05-19', '2024-02-26', '신규 기기 계약 체결', '고객 요청 사항 반영 필요', '분할 납부', 36, '20', 'N', '2024-02-19', 3965400, 'N', 0, '수출 영세', 4406000, 3, 1),
(2, NOW(), NOW(), '20', 'N', 'ESTIMATE', '2024-04-02', '2024-07-06', '2024-04-14', '신규 기기 계약 체결', '고급 원두 구매에 대한 견적', '선불', 42, '20', 'Y', '2024-04-07', 4702500, 'N', 0, '매출 면세', 5225000, 7, 2),
(3, NOW(), NOW(), '30', 'Y', 'ESTIMATE', '2024-07-03', '2024-10-06', '2024-07-15', '기존 매장 계약', '고급 원두 구매에 대한 견적', '선불', 39, '20', 'Y', '2024-07-08', 2591100, 'N', 0, '수출 영세', 2879000, 12, 3),
(4, NOW(), NOW(), '30', 'N', 'ESTIMATE', '2024-02-21', '2024-05-26', '2024-03-04', '신규 기기 계약 체결', '고객 요청 사항 반영 필요', '후불', 19, '30', 'Y', '2024-02-26', 1534500, 'N', 0, '매출 면세', 1705000, 23, 4),
(5, NOW(), NOW(), '20', 'N', 'CONTRACT', '2024-11-13', '2025-02-16', '2024-11-25', '신규 기기 계약 체결', '원두에 대한 견적', '분할 납부', 10, '30', 'N', '2024-11-18', 1087200, 'Y', 120800, '매출 과세', 1208000, 18, 5),
(6, NOW(), NOW(), '10', 'Y', 'SALES', '2024-07-12', '2024-10-15', '2024-07-24', '기존 매장 계약', '고객 요청 사항 반영 필요', '후불', 46, '10', 'Y', '2024-07-17', 4382100, 'N', 0, '매출 면세', 4869000, 2, 6),
(7, NOW(), NOW(), '20', 'Y', 'ESTIMATE', '2024-02-06', '2024-05-11', '2024-02-18', '신규 업체 계약 체결', '고급 원두, 커피머신 포함 견적', '후불', 34, '30', 'N', '2024-02-11', 2710800, 'Y', 301200, '매출 과세', 3012000, 22, 7),
(8, NOW(), NOW(), '10', 'Y', 'ESTIMATE', '2024-06-21', '2024-09-24', '2024-07-03', '기존 매장 계약', '계약 세부 내용 확인 필요', '후불', 32, '10', 'N', '2024-06-26', 5303700, 'N', 0, '수출 영세', 5893000, 11, 8),
(9, NOW(), NOW(), '20', 'N', 'SALES', '2024-10-04', '2025-01-07', '2024-10-16', '신규 업체 계약 체결', '고급 원두 구매에 대한 견적', '후불', 20, '20', 'Y', '2024-10-09', 6016500, 'Y', 668500, '매출 과세', 6685000, 16, 9),
(10, NOW(), NOW(), '10', 'Y', 'CONTRACT', '2024-08-23', '2024-11-26', '2024-09-04', '기존 매장 계약', '원두에 대한 견적', '후불', 41, '10', 'Y', '2024-08-28', 4676400, 'N', 0, '수출 영세', 5196000, 6, 10),
(11, NOW(), NOW(), '20', 'Y', 'CONTRACT', '2024-05-16', '2024-08-19', '2024-05-28', '기존 매장 계약', '원두에 대한 견적', '후불', 33, '10', 'Y', '2024-05-21', 4536000, 'N', 0, '매출 면세', 5040000, 8, 11),
(12, NOW(), NOW(), '10', 'N', 'ESTIMATE', '2024-03-25', '2024-06-28', '2024-04-06', '기존 매장 계약', '고급 원두 구매에 대한 견적', '분할 납부', 45, '20', 'N', '2024-03-30', 4283100, 'Y', 475900, '매출 과세', 4759000, 3, 12),
(13, NOW(), NOW(), '20', 'Y', 'SALES', '2024-03-13', '2024-06-16', '2024-03-25', '신규 업체 계약 체결', '원두에 대한 견적', '분할 납부', 49, '30', 'N', '2024-03-18', 2360700, 'Y', 262300, '매출 과세', 2623000, 1, 13),
(14, NOW(), NOW(), '30', 'N', 'SALES', '2024-01-22', '2024-04-26', '2024-02-03', '기존 매장 계약', '원두에 대한 견적', '분할 납부', 48, '20', 'N', '2024-01-27', 4253400, 'Y', 472600, '매출 과세', 4726000, 20, 14),
(15, NOW(), NOW(), '20', 'Y', 'CONTRACT', '2024-10-21', '2025-01-24', '2024-11-02', '기존 매장 계약', '고객 요청 사항 반영 필요', '선불', 41, '30', 'N', '2024-10-26', 4746600, 'N', 0, '수출 영세', 5274000, 24, 15),
(16, NOW(), NOW(), '30', 'N', 'ESTIMATE', '2024-02-14', '2024-05-19', '2024-02-26', '기존 매장 계약', '원두에 대한 견적', '분할 납부', 26, '10', 'Y', '2024-02-19', 4535100, 'Y', 503900, '매출 과세', 5039000, 14, 16),
(17, NOW(), NOW(), '30', 'N', 'CONTRACT', '2024-02-21', '2024-05-26', '2024-03-04', '신규 업체 계약 체결', '계약 세부 내용 확인 필요', '후불', 45, '30', 'N', '2024-02-26', 1946700, 'N', 0, '수출 영세', 2163000, 23, 17),
(18, NOW(), NOW(), '30', 'N', 'SALES', '2024-03-08', '2024-06-11', '2024-03-20', '신규 기기 계약 체결', '배송 일정 조율 필요', '선불', 48, '30', 'Y', '2024-03-13', 6237900, 'Y', 693100, '매출 과세', 6931000, 9, 18),
(19, NOW(), NOW(), '30', 'N', 'SALES', '2024-09-10', '2024-12-14', '2024-09-22', '신규 기기 계약 체결', '고객 요청 사항 반영 필요', '후불', 17, '10', 'N', '2024-09-15', 6253200, 'Y', 694800, '매출 과세', 6948000, 22, 19),
(20, NOW(), NOW(), '10', 'Y', 'CONTRACT', '2024-04-19', '2024-07-23', '2024-05-01', '기존 매장 계약', '고급 원두, 커피머신 포함 견적', '분할 납부', 37, '10', 'N', '2024-04-24', 3009600, 'N', 0, '매출 면세', 3344000, 11, 20),
(21, NOW(), NOW(), '20', 'Y', 'ESTIMATE', '2024-04-21', '2024-07-25', '2024-05-03', '신규 업체 계약 체결', '고급 원두 구매에 대한 견적', '분할 납부', 43, '20', 'Y', '2024-04-26', 2655900, 'Y', 295100, '매출 과세', 2951000, 12, 21),
(22, NOW(), NOW(), '30', 'N', 'ESTIMATE', '2024-01-16', '2024-04-20', '2024-01-28', '신규 기기 계약 체결', '고급 원두, 커피머신 포함 견적', '후불', 47, '20', 'Y', '2024-01-21', 6033600, 'N', 0, '수출 영세', 6704000, 18, 22),
(23, NOW(), NOW(), '30', 'Y', 'ESTIMATE', '2024-09-06', '2024-12-10', '2024-09-18', '신규 기기 계약 체결', '고객 요청 사항 반영 필요', '후불', 16, '30', 'Y', '2024-09-11', 6164100, 'N', 0, '매출 면세', 6849000, 20, 23),
(24, NOW(), NOW(), '20', 'N', 'SALES', '2024-11-16', '2025-02-19', '2024-11-28', '신규 업체 계약 체결', '고급 원두 구매에 대한 견적', '분할 납부', 13, '10', 'Y', '2024-11-21', 3674700, 'N', 0, '수출 영세', 4083000, 24, 24),
(25, NOW(), NOW(), '30', 'N', 'ESTIMATE', '2024-08-18', '2024-11-21', '2024-08-30', '신규 기기 계약 체결', '계약 세부 내용 확인 필요', '분할 납부', 33, '20', 'N', '2024-08-23', 4042800, 'N', 0, '수출 영세', 4492000, 16, 25),
(26, NOW(), NOW(), '10', 'Y', 'ESTIMATE', '2024-04-15', '2024-07-19', '2024-04-27', '신규 기기 계약 체결', '고급 원두, 커피머신 포함 견적', '선불', 1, '10', 'Y', '2024-04-20', 3834900, 'N', 0, '매출 면세', 4261000, 21, 26),
(27, NOW(), NOW(), '10', 'Y', 'ESTIMATE', '2024-08-04', '2024-11-07', '2024-08-16', '신규 업체 계약 체결', '원두에 대한 견적', '후불', 18, '10', 'N', '2024-08-09', 4471200, 'N', 0, '매출 면세', 4968000, 7, 27),
(28, NOW(), NOW(), '10', 'N', 'SALES', '2024-11-14', '2025-02-17', '2024-11-26', '기존 매장 계약', '배송 일정 조율 필요', '선불', 48, '10', 'Y', '2024-11-19', 2746800, 'Y', 305200, '매출 과세', 3052000, 3, 28),
(29, NOW(), NOW(), '30', 'Y', 'SALES', '2024-12-23', '2025-03-28', '2025-01-04', '기존 매장 계약', '고객 요청 사항 반영 필요', '후불', 36, '20', 'N', '2024-12-28', 1911600, 'N', 0, '수출 영세', 2124000, 16, 29),
(30, NOW(), NOW(), '20', 'Y', 'ESTIMATE', '2024-01-23', '2024-04-27', '2024-02-04', '신규 기기 계약 체결', '원두에 대한 견적', '후불', 13, '30', 'N', '2024-01-28', 1454400, 'N', 0, '매출 면세', 1616000, 10, 30),
(31, NOW(), NOW(), '30', 'Y', 'SALES', '2024-02-16', '2024-05-21', '2024-02-28', '신규 기기 계약 체결', '배송 일정 조율 필요', '분할 납부', 46, '30', 'Y', '2024-02-21', 1376100, 'Y', 152900, '매출 과세', 1529000, 1, 31),
(32, NOW(), NOW(), '10', 'Y', 'CONTRACT', '2024-10-06', '2025-01-09', '2024-10-18', '신규 기기 계약 체결', '계약 세부 내용 확인 필요', '분할 납부', 2, '30', 'Y', '2024-10-11', 1261800, 'N', 0, '매출 면세', 1402000, 17, 32),
(33, NOW(), NOW(), '10', 'N', 'CONTRACT', '2024-08-12', '2024-11-15', '2024-08-24', '신규 업체 계약 체결', '고급 원두, 커피머신 포함 견적', '분할 납부', 36, '20', 'N', '2024-08-17', 2412000, 'N', 0, '매출 면세', 2680000, 3, 33),
(34, NOW(), NOW(), '30', 'N', 'SALES', '2024-10-20', '2025-01-23', '2024-11-01', '신규 업체 계약 체결', '배송 일정 조율 필요', '후불', 4, '10', 'Y', '2024-10-25', 3132900, 'N', 0, '매출 면세', 3481000, 1, 34),
(35, NOW(), NOW(), '30', 'Y', 'ESTIMATE', '2024-01-12', '2024-04-16', '2024-01-24', '기존 매장 계약', '고급 원두, 커피머신 포함 견적', '분할 납부', 13, '20', 'N', '2024-01-17', 2437200, 'Y', 270800, '매출 과세', 2708000, 16, 35),
(36, NOW(), NOW(), '10', 'Y', 'CONTRACT', '2024-10-15', '2025-01-18', '2024-10-27', '신규 기기 계약 체결', '계약 세부 내용 확인 필요', '분할 납부', 1, '20', 'N', '2024-10-20', 1984500, 'Y', 220500, '매출 과세', 2205000, 24, 36),
(37, NOW(), NOW(), '10', 'Y', 'CONTRACT', '2024-03-24', '2024-06-27', '2024-04-05', '기존 매장 계약', '배송 일정 조율 필요', '분할 납부', 26, '20', 'Y', '2024-03-29', 2480400, 'N', 0, '매출 면세', 2756000, 17, 37),
(38, NOW(), NOW(), '30', 'Y', 'SALES', '2024-11-03', '2025-02-06', '2024-11-15', '기존 매장 계약', '고급 원두 구매에 대한 견적', '후불', 19, '30', 'N', '2024-11-08', 4865400, 'N', 0, '매출 면세', 5406000, 13, 38),
(39, NOW(), NOW(), '10', 'N', 'ESTIMATE', '2024-03-13', '2024-06-16', '2024-03-25', '신규 업체 계약 체결', '고급 원두 구매에 대한 견적', '선불', 34, '30', 'N', '2024-03-18', 3339900, 'Y', 371100, '매출 과세', 3711000, 13, 39),
(40, NOW(), NOW(), '20', 'Y', 'CONTRACT', '2024-06-10', '2024-09-13', '2024-06-22', '신규 기기 계약 체결', '계약 세부 내용 확인 필요', '후불', 17, '20', 'Y', '2024-06-15', 3868200, 'Y', 429800, '매출 과세', 4298000, 16, 40),
(41, NOW(), NOW(), '20', 'Y', 'CONTRACT', '2024-03-26', '2024-06-29', '2024-04-07', '신규 업체 계약 체결', '배송 일정 조율 필요', '후불', 22, '10', 'N', '2024-03-31', 6215400, 'N', 0, '매출 면세', 6906000, 1, 41),
(42, NOW(), NOW(), '10', 'Y', 'CONTRACT', '2024-09-21', '2024-12-25', '2024-10-03', '신규 기기 계약 체결', '배송 일정 조율 필요', '분할 납부', 32, '10', 'Y', '2024-09-26', 3443400, 'Y', 382600, '매출 과세', 3826000, 5, 42),
(43, NOW(), NOW(), '20', 'Y', 'SALES', '2024-06-03', '2024-09-06', '2024-06-15', '신규 업체 계약 체결', '계약 세부 내용 확인 필요', '선불', 40, '20', 'N', '2024-06-08', 5384700, 'Y', 598300, '매출 과세', 5983000, 2, 43),
(44, NOW(), NOW(), '20', 'Y', 'SALES', '2024-03-22', '2024-06-25', '2024-04-03', '신규 업체 계약 체결', '원두에 대한 견적', '분할 납부', 42, '10', 'N', '2024-03-27', 4077000, 'Y', 453000, '매출 과세', 4530000, 11, 44),
(45, NOW(), NOW(), '30', 'N', 'SALES', '2024-12-27', '2025-04-01', '2025-01-08', '신규 기기 계약 체결', '고객 요청 사항 반영 필요', '후불', 32, '10', 'Y', '2025-01-01', 2894400, 'Y', 321600, '매출 과세', 3216000, 1, 45),
(46, NOW(), NOW(), '10', 'Y', 'CONTRACT', '2024-03-23', '2024-06-26', '2024-04-04', '기존 매장 계약', '고급 원두, 커피머신 포함 견적', '분할 납부', 10, '20', 'Y', '2024-03-28', 5297400, 'N', 0, '수출 영세', 5886000, 1, 46),
(47, NOW(), NOW(), '10', 'Y', 'CONTRACT', '2024-10-10', '2025-01-13', '2024-10-22', '신규 기기 계약 체결', '배송 일정 조율 필요', '선불', 38, '30', 'N', '2024-10-15', 5989500, 'N', 0, '수출 영세', 6655000, 24, 47),
(48, NOW(), NOW(), '30', 'Y', 'SALES', '2024-07-25', '2024-10-28', '2024-08-06', '신규 기기 계약 체결', '고급 원두 구매에 대한 견적', '선불', 27, '20', 'N', '2024-07-30', 1438200, 'N', 0, '매출 면세', 1598000, 9, 48),
(49, NOW(), NOW(), '10', 'Y', 'CONTRACT', '2024-01-09', '2024-04-13', '2024-01-21', '기존 매장 계약', '배송 일정 조율 필요', '후불', 41, '10', 'Y', '2024-01-14', 4888800, 'Y', 543200, '매출 과세', 5432000, 7, 49),
(50, NOW(), NOW(), '10', 'N', 'SALES', '2024-07-15', '2024-10-18', '2024-07-27', '신규 업체 계약 체결', '고급 원두 구매에 대한 견적', '분할 납부', 24, '20', 'N', '2024-07-20', 5359500, 'N', 0, '수출 영세', 5955000, 7, 50),
(51, NOW(), NOW(), '30', 'N', 'CONTRACT', '2024-01-04', '2024-04-08', '2024-01-16', '신규 업체 계약 체결', '고객 요청 사항 반영 필요', '분할 납부', 35, '20', 'N', '2024-01-09', 3331800, 'Y', 370200, '매출 과세', 3702000, 20, 51),
(52, NOW(), NOW(), '10', 'N', 'CONTRACT', '2024-11-02', '2025-02-05', '2024-11-14', '기존 매장 계약', '계약 세부 내용 확인 필요', '선불', 18, '20', 'N', '2024-11-07', 5091300, 'N', 0, '매출 면세', 5657000, 6, 52),
(53, NOW(), NOW(), '10', 'Y', 'ESTIMATE', '2024-06-02', '2024-09-05', '2024-06-14', '기존 매장 계약', '원두에 대한 견적', '분할 납부', 11, '30', 'Y', '2024-06-07', 5095800, 'Y', 566200, '매출 과세', 5662000, 6, 53),
(54, NOW(), NOW(), '30', 'Y', 'SALES', '2024-08-05', '2024-11-08', '2024-08-17', '신규 기기 계약 체결', '고객 요청 사항 반영 필요', '분할 납부', 41, '10', 'Y', '2024-08-10', 4195800, 'Y', 466200, '매출 과세', 4662000, 23, 54),
(55, NOW(), NOW(), '30', 'N', 'CONTRACT', '2024-04-05', '2024-07-09', '2024-04-17', '신규 기기 계약 체결', '원두에 대한 견적', '분할 납부', 40, '30', 'N', '2024-04-10', 3843000, 'Y', 427000, '매출 과세', 4270000, 19, 55),
(56, NOW(), NOW(), '10', 'N', 'CONTRACT', '2024-11-14', '2025-02-17', '2024-11-26', '신규 업체 계약 체결', '배송 일정 조율 필요', '후불', 6, '30', 'N', '2024-11-19', 3861000, 'Y', 429000, '매출 과세', 4290000, 1, 56),
(57, NOW(), NOW(), '20', 'N', 'CONTRACT', '2024-03-05', '2024-06-08', '2024-03-17', '기존 매장 계약', '원두에 대한 견적', '선불', 26, '20', 'Y', '2024-03-10', 6238800, 'Y', 693200, '매출 과세', 6932000, 1, 57),
(58, NOW(), NOW(), '10', 'N', 'ESTIMATE', '2024-02-20', '2024-05-25', '2024-03-03', '기존 매장 계약', '고급 원두, 커피머신 포함 견적', '후불', 18, '30', 'Y', '2024-02-25', 3685500, 'N', 0, '매출 면세', 4095000, 10, 58),
(59, NOW(), NOW(), '10', 'N', 'ESTIMATE', '2024-01-04', '2024-04-08', '2024-01-16', '신규 기기 계약 체결', '원두에 대한 견적', '후불', 45, '20', 'Y', '2024-01-09', 5632200, 'Y', 625800, '매출 과세', 6258000, 3, 59),
(60, NOW(), NOW(), '10', 'Y', 'ESTIMATE', '2024-01-20', '2024-04-24', '2024-02-01', '기존 매장 계약', '계약 세부 내용 확인 필요', '분할 납부', 6, '30', 'Y', '2024-01-25', 2262600, 'N', 0, '매출 면세', 2514000, 13, 60),
(61, NOW(), NOW(), '20', 'N', 'SALES', '2024-10-03', '2025-01-06', '2024-10-15', '신규 기기 계약 체결', '원두에 대한 견적', '후불', 18, '30', 'Y', '2024-10-08', 2230200, 'N', 0, '매출 면세', 2478000, 1, 61),
(62, NOW(), NOW(), '10', 'Y', 'ESTIMATE', '2024-08-05', '2024-11-08', '2024-08-17', '신규 기기 계약 체결', '계약 세부 내용 확인 필요', '분할 납부', 44, '20', 'Y', '2024-08-10', 1477800, 'N', 0, '매출 면세', 1642000, 4, 62),
(63, NOW(), NOW(), '10', 'N', 'SALES', '2024-09-28', '2025-01-01', '2024-10-10', '신규 업체 계약 체결', '배송 일정 조율 필요', '후불', 49, '10', 'Y', '2024-10-03', 1934100, 'N', 0, '매출 면세', 2149000, 23, 63),
(64, NOW(), NOW(), '30', 'Y', 'CONTRACT', '2024-01-21', '2024-04-25', '2024-02-02', '신규 기기 계약 체결', '계약 세부 내용 확인 필요', '분할 납부', 37, '20', 'Y', '2024-01-26', 1364400, 'Y', 151600, '매출 과세', 1516000, 18, 64),
(65, NOW(), NOW(), '20', 'N', 'CONTRACT', '2024-01-23', '2024-04-27', '2024-02-04', '신규 기기 계약 체결', '고객 요청 사항 반영 필요', '분할 납부', 9, '20', 'Y', '2024-01-28', 1354500, 'N', 0, '수출 영세', 1505000, 20, 65),
(66, NOW(), NOW(), '30', 'N', 'CONTRACT', '2024-03-01', '2024-06-04', '2024-03-13', '신규 기기 계약 체결', '고급 원두 구매에 대한 견적', '후불', 24, '20', 'Y', '2024-03-06', 2255400, 'N', 0, '매출 면세', 2506000, 1, 66),
(67, NOW(), NOW(), '10', 'N', 'CONTRACT', '2024-04-22', '2024-07-26', '2024-05-04', '신규 업체 계약 체결', '배송 일정 조율 필요', '후불', 15, '10', 'N', '2024-04-27', 3538800, 'N', 0, '매출 면세', 3932000, 14, 67),
(68, NOW(), NOW(), '30', 'Y', 'ESTIMATE', '2024-07-12', '2024-10-15', '2024-07-24', '기존 매장 계약', '계약 세부 내용 확인 필요', '분할 납부', 12, '30', 'N', '2024-07-17', 5002200, 'Y', 555800, '매출 과세', 5558000, 10, 68),
(69, NOW(), NOW(), '20', 'Y', 'SALES', '2024-08-09', '2024-11-12', '2024-08-21', '기존 매장 계약', '고급 원두 구매에 대한 견적', '후불', 19, '30', 'N', '2024-08-14', 1177200, 'N', 0, '수출 영세', 1308000, 12, 69),
(70, NOW(), NOW(), '30', 'N', 'SALES', '2024-11-04', '2025-02-07', '2024-11-16', '신규 업체 계약 체결', '배송 일정 조율 필요', '후불', 24, '30', 'N', '2024-11-09', 5912100, 'Y', 656900, '매출 과세', 6569000, 11, 70);;


INSERT INTO tb_sales ( created_at, updated_at, busi_type, busi_type_detail, exp_arrival_date, note, price, prod_cnt, sales_name, sales_date, supply_price, surtax_yn, tax, tax_cls, contract_no) VALUES
( NOW(), NOW(), '해외', '소량 주문', '2024-02-19', '특별 가격 협상 완료', 3160000, 35, 'C001S1-24210', '2024-02-10', 2844000, 'Y', 316000, '매출 과세', 1),
( NOW(), NOW(), '공공', '정기 주문', '2024-03-15', '특별 가격 협상 완료', 3115000, 23, 'C005S2-24215', '2024-02-15', 2803500, 'N', 0, '매출 면세', 2),
( NOW(), NOW(), '공공', '정기 주문', '2024-10-20', '고객 피드백 반영 필요', 2217000, 15, 'C001S3-24922', '2024-09-22', 1995300, 'Y', 221700, '매출 과세', 3),
( NOW(), NOW(), '기업', '정기 주문', '2024-05-04', '특별 가격 협상 완료', 1463000, 12, 'C001S4-2446', '2024-04-06', 1316700, 'N', 0, '매출 면세', 4),
( NOW(), NOW(), '공공', '소량 주문', '2024-03-19', '고객 피드백 반영 필요', 2194000, 23, 'C003S5-24220', '2024-02-20', 1974600, 'Y', 219400, '매출 과세', 5),
( NOW(), NOW(), '공공', '소량 주문', '2024-06-24', '고객 피드백 반영 필요', 4447000, 30, 'C005S6-2467', '2024-06-07', 4002300, 'N', 0, '수출 영세', 6),
( NOW(), NOW(), '기업', '소량 주문', '2024-04-06', '정기 배송 필요', 3150000, 3, 'C005S7-24328', '2024-03-28', 2835000, 'Y', 315000, '매출 과세', 7),
( NOW(), NOW(), '공공', '정기 주문', '2024-11-15', '고객 요청 사항 반영', 4313000, 4, 'C001S8-241110', '2024-11-10', 3881700, 'N', 0, '수출 영세', 8),
( NOW(), NOW(), '민간', '일반 판매', '2024-08-13', '고객 피드백 반영 필요', 3523000, 19, 'C002S9-2487', '2024-08-07', 3170700, 'N', 0, '매출 면세', 9),
( NOW(), NOW(), '기업', '대량 주문', '2024-01-19', '정기 배송 필요', 1736000, 15, 'C005S10-2415', '2024-01-05', 1562400, 'N', 0, '수출 영세', 10),
( NOW(), NOW(), '민간', '대량 주문', '2025-01-07', '특별 가격 협상 완료', 2027000, 7, 'C004S11-241218', '2024-12-18', 1824300, 'N', 0, '수출 영세', 11),
( NOW(), NOW(), '공공', '일반 판매', '2024-04-01', '배송 일정 조율 필요', 4900000, 37, 'C005S12-24319', '2024-03-19', 4410000, 'Y', 490000, '매출 과세', 12),
( NOW(), NOW(), '공공', '소량 주문', '2024-06-08', '특별 가격 협상 완료', 6637000, 47, 'C004S13-24516', '2024-05-16', 5973300, 'N', 0, '수출 영세', 13),
( NOW(), NOW(), '공공', '일반 판매', '2024-02-23', '특별 가격 협상 완료', 6930000, 39, 'C004S14-24215', '2024-02-15', 6237000, 'N', 0, '수출 영세', 14),
( NOW(), NOW(), '기업', '대량 주문', '2024-07-19', '배송 일정 조율 필요', 4965000, 48, 'C005S15-24623', '2024-06-23', 4468500, 'Y', 496500, '매출 과세', 15),
( NOW(), NOW(), '해외', '정기 주문', '2024-12-19', '고객 피드백 반영 필요', 5951000, 23, 'C001S16-241212', '2024-12-12', 5355900, 'Y', 595100, '매출 과세', 16),
( NOW(), NOW(), '해외', '대량 주문', '2024-11-05', '고객 요청 사항 반영', 2595000, 20, 'C003S17-241028', '2024-10-28', 2335500, 'N', 0, '수출 영세', 17),
( NOW(), NOW(), '민간', '일반 판매', '2024-07-28', '고객 요청 사항 반영', 5430000, 2, 'C001S18-24718', '2024-07-18', 4887000, 'Y', 543000, '매출 과세', 18),
( NOW(), NOW(), '공공', '정기 주문', '2024-08-24', '고객 피드백 반영 필요', 4428000, 46, 'C005S19-24812', '2024-08-12', 3985200, 'N', 0, '수출 영세', 19),
( NOW(), NOW(), '공공', '정기 주문', '2024-09-14', '특별 가격 협상 완료', 5476000, 17, 'C003S20-2496', '2024-09-06', 4928400, 'Y', 547600, '매출 과세', 20),
( NOW(), NOW(), '민간', '일반 판매', '2024-05-09', '특별 가격 협상 완료', 2795000, 24, 'C004S21-24410', '2024-04-10', 2515500, 'Y', 279500, '매출 과세', 21),
( NOW(), NOW(), '민간', '소량 주문', '2024-12-12', '특별 가격 협상 완료', 6494000, 26, 'C001S22-24122', '2024-12-02', 5844600, 'N', 0, '수출 영세', 22),
( NOW(), NOW(), '기업', '정기 주문', '2024-03-20', '배송 일정 조율 필요', 2147000, 39, 'C001S23-24222', '2024-02-22', 1932300, 'N', 0, '수출 영세', 23),
( NOW(), NOW(), '공공', '소량 주문', '2024-02-29', '고객 피드백 반영 필요', 4252000, 28, 'C005S24-2427', '2024-02-07', 3826800, 'Y', 425200, '매출 과세', 24),
( NOW(), NOW(), '기업', '대량 주문', '2024-02-10', '정기 배송 필요', 3461000, 7, 'C001S25-24122', '2024-01-22', 3114900, 'N', 0, '매출 면세', 25),
( NOW(), NOW(), '민간', '정기 주문', '2024-12-08', '고객 요청 사항 반영', 5081000, 33, 'C004S26-241119', '2024-11-19', 4572900, 'Y', 508100, '매출 과세', 26),
( NOW(), NOW(), '해외', '일반 판매', '2024-03-20', '특별 가격 협상 완료', 1014000, 41, 'C001S27-2438', '2024-03-08', 912600, 'N', 0, '매출 면세', 27),
( NOW(), NOW(), '민간', '대량 주문', '2024-12-06', '고객 피드백 반영 필요', 2873000, 28, 'C001S28-241119', '2024-11-19', 2585700, 'Y', 287300, '매출 과세', 28),
( NOW(), NOW(), '해외', '정기 주문', '2024-03-31', '배송 일정 조율 필요', 1626000, 21, 'C004S29-2439', '2024-03-09', 1463400, 'Y', 162600, '매출 과세', 29),
( NOW(), NOW(), '민간', '소량 주문', '2024-03-04', '고객 요청 사항 반영', 2694000, 1, 'C002S30-2423', '2024-02-03', 2424600, 'N', 0, '수출 영세', 30),
( NOW(), NOW(), '기업', '대량 주문', '2024-02-24', '배송 일정 조율 필요', 1063000, 6, 'C004S31-2427', '2024-02-07', 956700, 'N', 0, '수출 영세', 31),
( NOW(), NOW(), '기업', '소량 주문', '2024-02-03', '특별 가격 협상 완료', 3585000, 8, 'C003S32-24122', '2024-01-22', 3226500, 'N', 0, '매출 면세', 32),
( NOW(), NOW(), '해외', '일반 판매', '2024-11-20', '특별 가격 협상 완료', 2213000, 16, 'C001S33-24117', '2024-11-07', 1991700, 'Y', 221300, '매출 과세', 33),
( NOW(), NOW(), '기업', '소량 주문', '2024-10-23', '특별 가격 협상 완료', 5767000, 45, 'C004S34-241014', '2024-10-14', 5190300, 'N', 0, '매출 면세', 34),
( NOW(), NOW(), '민간', '일반 판매', '2024-09-12', '특별 가격 협상 완료', 6949000, 30, 'C001S35-24824', '2024-08-24', 6254100, 'N', 0, '수출 영세', 35),
( NOW(), NOW(), '민간', '일반 판매', '2024-08-20', '배송 일정 조율 필요', 6543000, 26, 'C004S36-24722', '2024-07-22', 5888700, 'Y', 654300, '매출 과세', 36),
( NOW(), NOW(), '해외', '소량 주문', '2024-07-03', '정기 배송 필요', 2833000, 31, 'C001S37-2468', '2024-06-08', 2549700, 'N', 0, '매출 면세', 37),
( NOW(), NOW(), '해외', '일반 판매', '2024-06-03', '특별 가격 협상 완료', 2256000, 25, 'C002S38-24520', '2024-05-20', 2030400, 'N', 0, '매출 면세', 38),
( NOW(), NOW(), '민간', '일반 판매', '2024-07-01', '고객 요청 사항 반영', 2297000, 14, 'C003S39-2464', '2024-06-04', 2067300, 'N', 0, '수출 영세', 39),
( NOW(), NOW(), '기업', '정기 주문', '2024-01-29', '고객 피드백 반영 필요', 4000000, 14, 'C004S40-2413', '2024-01-03', 3600000, 'N', 0, '매출 면세', 40),
( NOW(), NOW(), '해외', '대량 주문', '2024-04-28', '특별 가격 협상 완료', 2748000, 31, 'C003S41-2445', '2024-04-05', 2473200, 'N', 0, '매출 면세', 41),
( NOW(), NOW(), '민간', '소량 주문', '2024-05-06', '고객 요청 사항 반영', 3605000, 27, 'C004S42-24410', '2024-04-10', 3244500, 'Y', 360500, '매출 과세', 42),
( NOW(), NOW(), '민간', '대량 주문', '2024-06-08', '정기 배송 필요', 3023000, 43, 'C001S43-24527', '2024-05-27', 2720700, 'Y', 302300, '매출 과세', 43),
( NOW(), NOW(), '기업', '일반 판매', '2024-01-21', '고객 피드백 반영 필요', 2326000, 11, 'C002S44-24110', '2024-01-10', 2093400, 'N', 0, '수출 영세', 44),
( NOW(), NOW(), '해외', '대량 주문', '2024-10-08', '고객 요청 사항 반영', 1068000, 8, 'C004S45-24918', '2024-09-18', 961200, 'N', 0, '수출 영세', 45),
( NOW(), NOW(), '해외', '정기 주문', '2024-08-14', '특별 가격 협상 완료', 4537000, 43, 'C002S46-2486', '2024-08-06', 4083300, 'Y', 453700, '매출 과세', 46),
( NOW(), NOW(), '공공', '일반 판매', '2024-06-20', '고객 피드백 반영 필요', 5631000, 40, 'C001S47-24615', '2024-06-15', 5067900, 'Y', 563100, '매출 과세', 47),
( NOW(), NOW(), '해외', '소량 주문', '2024-12-20', '고객 피드백 반영 필요', 6290000, 29, 'C005S48-24129', '2024-12-09', 5661000, 'Y', 629000, '매출 과세', 48),
( NOW(), NOW(), '민간', '대량 주문', '2024-09-19', '배송 일정 조율 필요', 1655000, 35, 'C003S49-24826', '2024-08-26', 1489500, 'N', 0, '수출 영세', 49),
( NOW(), NOW(), '공공', '일반 판매', '2024-02-05', '정기 배송 필요', 5102000, 26, 'C004S50-2419', '2024-01-09', 4591800, 'N', 0, '수출 영세', 50),
( NOW(), NOW(), '민간', '정기 주문', '2024-05-25', '고객 요청 사항 반영', 4411000, 8, 'C001S51-2455', '2024-05-05', 3969900, 'N', 0, '매출 면세', 51),
( NOW(), NOW(), '공공', '소량 주문', '2024-09-04', '고객 요청 사항 반영', 1278000, 15, 'C002S52-24819', '2024-08-19', 1150200, 'N', 0, '수출 영세', 52),
( NOW(), NOW(), '민간', '대량 주문', '2024-11-25', '배송 일정 조율 필요', 6166000, 17, 'C001S53-241111', '2024-11-11', 5549400, 'Y', 616600, '매출 과세', 53),
( NOW(), NOW(), '공공', '대량 주문', '2024-03-20', '고객 피드백 반영 필요', 1167000, 15, 'C001S54-2437', '2024-03-07', 1050300, 'Y', 116700, '매출 과세', 54),
( NOW(), NOW(), '기업', '정기 주문', '2024-03-18', '특별 가격 협상 완료', 1203000, 22, 'C001S55-24219', '2024-02-19', 1082700, 'N', 0, '매출 면세', 55),
( NOW(), NOW(), '해외', '소량 주문', '2024-10-26', '특별 가격 협상 완료', 3273000, 37, 'C004S56-24109', '2024-10-09', 2945700, 'N', 0, '매출 면세', 56),
( NOW(), NOW(), '해외', '소량 주문', '2024-10-06', '정기 배송 필요', 1132000, 19, 'C001S57-24921', '2024-09-21', 1018800, 'N', 0, '매출 면세', 57),
( NOW(), NOW(), '기업', '소량 주문', '2025-01-12', '정기 배송 필요', 4488000, 39, 'C004S58-241224', '2024-12-24', 4039200, 'N', 0, '수출 영세', 58),
( NOW(), NOW(), '공공', '정기 주문', '2024-02-25', '고객 피드백 반영 필요', 2051000, 25, 'C003S59-2423', '2024-02-03', 1845900, 'Y', 205100, '매출 과세', 59),
( NOW(), NOW(), '해외', '소량 주문', '2024-08-26', '정기 배송 필요', 4675000, 10, 'C004S60-24728', '2024-07-28', 4207500, 'N', 0, '매출 면세', 60),
( NOW(), NOW(), '공공', '대량 주문', '2024-07-05', '고객 요청 사항 반영', 1901000, 29, 'C004S61-24623', '2024-06-23', 1710900, 'N', 0, '매출 면세', 61),
( NOW(), NOW(), '해외', '대량 주문', '2024-04-24', '고객 요청 사항 반영', 5150000, 10, 'C005S62-24419', '2024-04-19', 4635000, 'Y', 515000, '매출 과세', 62),
( NOW(), NOW(), '민간', '일반 판매', '2025-01-12', '배송 일정 조율 필요', 4799000, 16, 'C001S63-241215', '2024-12-15', 4319100, 'N', 0, '수출 영세', 63),
( NOW(), NOW(), '해외', '대량 주문', '2024-02-13', '고객 요청 사항 반영', 1482000, 35, 'C002S64-24123', '2024-01-23', 1333800, 'Y', 148200, '매출 과세', 64),
( NOW(), NOW(), '해외', '정기 주문', '2024-03-09', '고객 요청 사항 반영', 2706000, 40, 'C001S65-24219', '2024-02-19', 2435400, 'Y', 270600, '매출 과세', 65);

 INSERT INTO tb_test_sales (created_at, updated_at, busi_type, busi_type_detail, exp_arrival_date, note, price, prod_cnt, sales_name, sales_date, supply_price, surtax_yn, tax, tax_cls, contract_no)
    VALUES
    ( NOW(), NOW(), '공공', '정기 주문', '2024-06-03', '특별 가격 협상 완료', 2577000, 25, 'C003S1-24523', '2024-05-23', 2319300, 'Y', 257700, '매출 면세', 3),
    ( NOW(), NOW(), '공공', '소량 주문', '2024-06-28', '배송 일정 조율 필요', 2058000, 33, 'C003S2-24615', '2024-06-15', 1852200, 'N', 0, '매출 과세', 3),
    ( NOW(), NOW(), '기업', '일반 판매', '2024-11-20', '정기 배송 필요', 3283000, 29, 'C005S3-241023', '2024-10-23', 2954700, 'Y', 328300, '매출 면세', 5),
    ( NOW(), NOW(), '해외', '소량 주문', '2024-06-14', '고객 피드백 반영 필요', 2161000, 11, 'C003S4-24520', '2024-05-20', 1944900, 'Y', 216100, '수출 영세', 3),
    ( NOW(), NOW(), '기업', '소량 주문', '2024-05-25', '특별 가격 협상 완료', 4338000, 11, 'C002S5-2454', '2024-05-04', 3904200, 'Y', 433800, '수출 영세', 2),
    ( NOW(), NOW(), '해외', '소량 주문', '2024-07-08', '고객 요청 사항 반영', 4235000, 35, 'C001S6-24617', '2024-06-17', 3811500, 'Y', 423500, '매출 면세', 1),
    ( NOW(), NOW(), '기업', '일반 판매', '2024-01-02', '배송 일정 조율 필요', 2061000, 33, 'C004S7-241219', '2024-12-19', 1854900, 'Y', 206100, '수출 영세', 4),
    ( NOW(), NOW(), '해외', '대량 주문', '2024-11-05', '특별 가격 협상 완료', 2478000, 13, 'C003S8-241021', '2024-10-21', 2230200, 'N', 0, '매출 과세', 3),
    ( NOW(), NOW(), '민간', '정기 주문', '2024-12-04', '정기 배송 필요', 2830000, 15, 'C002S9-241125', '2024-11-25', 2547000, 'Y', 283000, '매출 면세', 2),
    ( NOW(), NOW(), '공공', '정기 주문', '2024-10-31', '고객 피드백 반영 필요', 2883000, 32, 'C001S10-24108', '2024-10-08', 2594700, 'Y', 288300, '매출 면세', 1),
    ( NOW(), NOW(), '공공', '정기 주문', '2024-11-13', '정기 배송 필요', 2197000, 4, 'C005S11-241028', '2024-10-28', 1977300, 'Y', 219700, '매출 면세', 5),
    ( NOW(), NOW(), '기업', '소량 주문', '2024-03-23', '특별 가격 협상 완료', 3649000, 28, 'C003S12-24316', '2024-03-16', 3284100, 'Y', 364900, '수출 영세', 3),
    ( NOW(), NOW(), '공공', '대량 주문', '2024-09-16', '배송 일정 조율 필요', 2826000, 33, 'C001S13-24821', '2024-08-21', 2543400, 'N', 0, '매출 과세', 1),
    ( NOW(), NOW(), '기업', '정기 주문', '2024-07-01', '고객 요청 사항 반영', 3743000, 42, 'C004S14-24610', '2024-06-10', 3368700, 'N', 0, '매출 과세', 4),
    ( NOW(), NOW(), '해외', '일반 판매', '2024-05-22', '배송 일정 조율 필요', 4376000, 19, 'C001S15-24512', '2024-05-12', 3938400, 'N', 0, '매출 과세', 1),
    ( NOW(), NOW(), '기업', '일반 판매', '2024-12-27', '고객 요청 사항 반영', 3320000, 30, 'C001S16-24121', '2024-12-01', 2988000, 'Y', 332000, '매출 면세', 1),
    ( NOW(), NOW(), '공공', '일반 판매', '2024-06-14', '고객 요청 사항 반영', 3078000, 48, 'C005S17-24522', '2024-05-22', 2770200, 'Y', 307800, '수출 영세', 5),
    ( NOW(), NOW(), '공공', '일반 판매', '2024-02-19', '고객 요청 사항 반영', 3152000, 4, 'C002S18-24125', '2024-01-25', 2836800, 'N', 0, '매출 과세', 2),
    ( NOW(), NOW(), '기업', '정기 주문', '2024-06-14', '특별 가격 협상 완료', 3270000, 6, 'C005S19-2462', '2024-06-02', 2943000, 'Y', 327000, '매출 면세', 5),
    ( NOW(), NOW(), '공공', '대량 주문', '2024-11-18', '고객 요청 사항 반영', 2710000, 3, 'C002S20-241027', '2024-10-27', 2439000, 'N', 0, '매출 과세', 2),
    ( NOW(), NOW(), '공공', '대량 주문', '2024-02-12', '특별 가격 협상 완료', 3478000, 16, 'C005S21-2421', '2024-02-01', 3130200, 'N', 0, '매출 과세', 5),
    ( NOW(), NOW(), '기업', '일반 판매', '2024-04-13', '고객 피드백 반영 필요', 3896000, 9, 'C003S22-24326', '2024-03-26', 3506400, 'Y', 389600, '수출 영세', 3),
    ( NOW(), NOW(), '기업', '일반 판매', '2024-09-17', '특별 가격 협상 완료', 4059000, 17, 'C001S23-2491', '2024-09-01', 3653100, 'Y', 405900, '수출 영세', 1),
    ( NOW(), NOW(), '민간', '일반 판매', '2024-08-19', '고객 피드백 반영 필요', 2965000, 14, 'C001S24-2487', '2024-08-07', 2668500, 'Y', 296500, '수출 영세', 1),
    ( NOW(), NOW(), '공공', '일반 판매', '2024-03-24', '고객 요청 사항 반영', 2925000, 36, 'C001S25-24317', '2024-03-17', 2632500, 'N', 0, '매출 과세', 1),
    ( NOW(), NOW(), '기업', '일반 판매', '2024-09-09', '고객 피드백 반영 필요', 4379000, 14, 'C002S26-24810', '2024-08-10', 3941100, 'Y', 437900, '수출 영세', 2),
    ( NOW(), NOW(), '민간', '대량 주문', '2024-12-02', '고객 피드백 반영 필요', 2425000, 44, 'C001S27-241113', '2024-11-13', 2182500, 'N', 0, '매출 과세', 1),
    ( NOW(), NOW(), '해외', '소량 주문', '2024-01-04', '정기 배송 필요', 3015000, 44, 'C001S28-241228', '2024-12-28', 2713500, 'N', 0, '매출 과세', 1),
    ( NOW(), NOW(), '민간', '소량 주문', '2024-11-26', '정기 배송 필요', 4253000, 30, 'C001S29-241111', '2024-11-11', 3827700, 'Y', 425300, '수출 영세', 1),
    ( NOW(), NOW(), '기업', '일반 판매', '2024-04-13', '정기 배송 필요', 3264000, 6, 'C004S30-2441', '2024-04-01', 2937600, 'Y', 326400, '매출 면세', 4),
    ( NOW(), NOW(), '공공', '소량 주문', '2023-10-15', '고객 요청 사항 반영', 2899000, 48, 'C003S1-23924', '2023-09-24', 2609100, 'Y', 289900, '매출 면세', 3),
    ( NOW(), NOW(), '민간', '일반 판매', '2023-07-31', '고객 피드백 반영 필요', 1757000, 35, 'C002S2-2374', '2023-07-04', 1581300, 'Y', 175700, '수출 영세', 2),
    ( NOW(), NOW(), '공공', '일반 판매', '2023-03-27', '고객 요청 사항 반영', 1589000, 27, 'C005S3-23316', '2023-03-16', 1430100, 'Y', 158900, '수출 영세', 5),
    ( NOW(), NOW(), '민간', '소량 주문', '2023-12-26', '특별 가격 협상 완료', 1816000, 39, 'C002S4-231126', '2023-11-26', 1634400, 'Y', 181600, '수출 영세', 2),
    ( NOW(), NOW(), '해외', '일반 판매', '2023-02-22', '고객 요청 사항 반영', 1724000, 4, 'C003S5-2323', '2023-02-03', 1551600, 'Y', 172400, '수출 영세', 3),
    ( NOW(), NOW(), '민간', '소량 주문', '2023-04-18', '특별 가격 협상 완료', 3492000, 19, 'C005S6-23319', '2023-03-19', 3142800, 'Y', 349200, '매출 면세', 5),
    ( NOW(), NOW(), '기업', '대량 주문', '2023-06-11', '고객 요청 사항 반영', 1523000, 13, 'C003S7-2363', '2023-06-03', 1370700, 'Y', 152300, '수출 영세', 3),
    ( NOW(), NOW(), '민간', '정기 주문', '2023-10-25', '배송 일정 조율 필요', 2202000, 34, 'C001S8-23101', '2023-10-01', 1981800, 'N', 0, '매출 과세', 1),
    ( NOW(), NOW(), '해외', '대량 주문', '2023-06-07', '배송 일정 조율 필요', 3466000, 18, 'C005S9-23525', '2023-05-25', 3119400, 'Y', 346600, '수출 영세', 5),
    ( NOW(), NOW(), '해외', '정기 주문', '2023-08-06', '특별 가격 협상 완료', 2167000, 37, 'C002S10-23725', '2023-07-25', 1950300, 'Y', 216700, '매출 면세', 2),
    ( NOW(), NOW(), '기업', '소량 주문', '2023-08-07', '고객 요청 사항 반영', 2573000, 41, 'C004S11-23712', '2023-07-12', 2315700, 'N', 0, '매출 과세', 4),
    ( NOW(), NOW(), '공공', '일반 판매', '2023-10-05', '고객 요청 사항 반영', 3574000, 41, 'C002S12-2396', '2023-09-06', 3216600, 'N', 0, '매출 과세', 2),
    ( NOW(), NOW(), '기업', '정기 주문', '2023-03-06', '배송 일정 조율 필요', 3641000, 5, 'C001S13-23219', '2023-02-19', 3276900, 'N', 0, '매출 과세', 1),
    ( NOW(), NOW(), '해외', '대량 주문', '2023-05-14', '정기 배송 필요', 3565000, 8, 'C004S14-2356', '2023-05-06', 3208500, 'Y', 356500, '수출 영세', 4),
    ( NOW(), NOW(), '공공', '일반 판매', '2023-10-08', '배송 일정 조율 필요', 3332000, 15, 'C002S15-23927', '2023-09-27', 2998800, 'Y', 333200, '매출 면세', 2),
    ( NOW(), NOW(), '해외', '소량 주문', '2023-09-30', '정기 배송 필요', 3682000, 15, 'C004S16-2393', '2023-09-03', 3313800, 'N', 0, '매출 과세', 4),
    ( NOW(), NOW(), '기업', '대량 주문', '2023-12-25', '고객 요청 사항 반영', 2911000, 36, 'C001S17-231128', '2023-11-28', 2619900, 'Y', 291100, '수출 영세', 1),
    ( NOW(), NOW(), '민간', '정기 주문', '2023-03-21', '정기 배송 필요', 3332000, 41, 'C002S18-23227', '2023-02-27', 2998800, 'Y', 333200, '수출 영세', 2),
    ( NOW(), NOW(), '해외', '일반 판매', '2023-03-27', '특별 가격 협상 완료', 1686000, 18, 'C005S19-23320', '2023-03-20', 1517400, 'Y', 168600, '수출 영세', 5),
    ( NOW(), NOW(), '민간', '소량 주문', '2023-07-16', '배송 일정 조율 필요', 3085000, 3, 'C001S20-23620', '2023-06-20', 2776500, 'N', 0, '매출 과세', 1),
    ( NOW(), NOW(), '해외', '대량 주문', '2023-12-31', '특별 가격 협상 완료', 2674000, 25, 'C005S21-23125', '2023-12-05', 2406600, 'N', 0, '매출 과세', 5),
    ( NOW(), NOW(), '공공', '소량 주문', '2023-11-25', '특별 가격 협상 완료', 1523000, 8, 'C001S22-23111', '2023-11-01', 1370700, 'N', 0, '매출 과세', 1),
    ( NOW(), NOW(), '공공', '정기 주문', '2023-09-02', '고객 피드백 반영 필요', 2119000, 3, 'C005S23-23814', '2023-08-14', 1907100, 'Y', 211900, '매출 면세', 5),
    ( NOW(), NOW(), '공공', '소량 주문', '2023-02-07', '고객 요청 사항 반영', 2654000, 4, 'C003S24-2321', '2023-02-01', 2388600, 'N', 0, '매출 과세', 3),
    ( NOW(), NOW(), '공공', '일반 판매', '2023-09-23', '고객 요청 사항 반영', 2349000, 21, 'C001S25-23916', '2023-09-16', 2114100, 'N', 0, '매출 과세', 1),
    ( NOW(), NOW(), '공공', '정기 주문', '2023-08-20', '고객 피드백 반영 필요', 3472000, 8, 'C002S26-23724', '2023-07-24', 3124800, 'N', 0, '매출 과세', 2),
    ( NOW(), NOW(), '공공', '일반 판매', '2023-11-06', '고객 요청 사항 반영', 2884000, 50, 'C004S27-231025', '2023-10-25', 2595600, 'N', 0, '매출 과세', 4),
    ( NOW(), NOW(), '공공', '일반 판매', '2023-08-23', '고객 요청 사항 반영', 3009000, 27, 'C004S28-23727', '2023-07-27', 2708100, 'N', 0, '매출 과세', 4),
    ( NOW(), NOW(), '공공', '소량 주문', '2023-02-03', '배송 일정 조율 필요', 1813000, 21, 'C003S29-23120', '2023-01-20', 1631700, 'N', 0, '매출 과세', 3),
    ( NOW(), NOW(), '기업', '대량 주문', '2023-02-18', '고객 피드백 반영 필요', 2657000, 13, 'C003S30-2327', '2023-02-07', 2391300, 'N', 0, '매출 과세', 3),
    ( NOW(), NOW(), '기업', '소량 주문', '2022-10-12', '특별 가격 협상 완료', 2844000, 20, 'C001S1-22102', '2022-10-02', 2559600, 'Y', 284400, '매출 면세', 1),
    ( NOW(), NOW(), '해외', '정기 주문', '2022-05-08', '특별 가격 협상 완료', 1975000, 45, 'C005S2-22410', '2022-04-10', 1777500, 'Y', 197500, '매출 면세', 5),
    ( NOW(), NOW(), '민간', '소량 주문', '2022-01-23', '고객 요청 사항 반영', 3242000, 45, 'C001S3-22115', '2022-01-15', 2917800, 'Y', 324200, '매출 면세', 1),
    ( NOW(), NOW(), '기업', '일반 판매', '2022-12-24', '배송 일정 조율 필요', 2773000, 31, 'C004S4-221127', '2022-11-27', 2495700, 'N', 0, '매출 과세', 4),
    ( NOW(), NOW(), '민간', '소량 주문', '2023-01-25', '특별 가격 협상 완료', 2305000, 18, 'C003S5-221228', '2022-12-28', 2074500, 'Y', 230500, '매출 면세', 3),
    ( NOW(), NOW(), '기업', '대량 주문', '2022-07-14', '정기 배송 필요', 3279000, 37, 'C001S6-22624', '2022-06-24', 2951100, 'Y', 327900, '수출 영세', 1),
    ( NOW(), NOW(), '해외', '대량 주문', '2022-09-21', '특별 가격 협상 완료', 2692000, 37, 'C003S7-22822', '2022-08-22', 2422800, 'N', 0, '매출 과세', 3),
    ( NOW(), NOW(), '민간', '소량 주문', '2022-08-23', '정기 배송 필요', 1561000, 12, 'C004S8-22812', '2022-08-12', 1404900, 'Y', 156100, '수출 영세', 4),
    ( NOW(), NOW(), '민간', '정기 주문', '2022-05-14', '정기 배송 필요', 3294000, 46, 'C002S9-2256', '2022-05-06', 2964600, 'N', 0, '매출 과세', 2),
    ( NOW(), NOW(), '기업', '정기 주문', '2022-12-31', '고객 요청 사항 반영', 2944000, 2, 'C005S10-221226', '2022-12-26', 2649600, 'N', 0, '매출 과세', 5),
    ( NOW(), NOW(), '기업', '정기 주문', '2022-02-21', '고객 피드백 반영 필요', 3301000, 4, 'C004S11-2228', '2022-02-08', 2970900, 'N', 0, '매출 과세', 4),
    ( NOW(), NOW(), '해외', '정기 주문', '2022-06-17', '배송 일정 조율 필요', 2789000, 19, 'C005S12-2261', '2022-06-01', 2510100, 'Y', 278900, '수출 영세', 5),
    ( NOW(), NOW(), '해외', '소량 주문', '2022-12-08', '특별 가격 협상 완료', 2399000, 37, 'C001S13-221110', '2022-11-10', 2159100, 'N', 0, '매출 과세', 1),
    ( NOW(), NOW(), '민간', '소량 주문', '2022-05-09', '고객 요청 사항 반영', 2709000, 34, 'C002S14-2252', '2022-05-02', 2438100, 'N', 0, '매출 과세', 2),
    ( NOW(), NOW(), '기업', '일반 판매', '2022-09-23', '고객 요청 사항 반영', 2480000, 46, 'C001S15-2295', '2022-09-05', 2232000, 'Y', 248000, '매출 면세', 1),
    ( NOW(), NOW(), '공공', '정기 주문', '2022-06-04', '배송 일정 조율 필요', 3473000, 30, 'C002S16-22514', '2022-05-14', 3125700, 'N', 0, '매출 과세', 2),
    ( NOW(), NOW(), '기업', '일반 판매', '2022-04-08', '특별 가격 협상 완료', 3107000, 1, 'C004S17-22319', '2022-03-19', 2796300, 'Y', 310700, '수출 영세', 4),
    ( NOW(), NOW(), '기업', '정기 주문', '2022-11-29', '배송 일정 조율 필요', 1422000, 50, 'C003S18-22118', '2022-11-08', 1279800, 'Y', 142200, '수출 영세', 3),
    ( NOW(), NOW(), '기업', '정기 주문', '2022-09-22', '고객 요청 사항 반영', 1739000, 5, 'C002S19-22910', '2022-09-10', 1565100, 'Y', 173900, '수출 영세', 2),
    ( NOW(), NOW(), '해외', '일반 판매', '2022-02-01', '정기 배송 필요', 1770000, 22, 'C004S20-22113', '2022-01-13', 1593000, 'N', 0, '매출 과세', 4),
    ( NOW(), NOW(), '해외', '소량 주문', '2022-10-12', '배송 일정 조율 필요', 3048000, 15, 'C003S21-22920', '2022-09-20', 2743200, 'N', 0, '매출 과세', 3),
    ( NOW(), NOW(), '해외', '일반 판매', '2022-09-30', '특별 가격 협상 완료', 3205000, 32, 'C002S22-22917', '2022-09-17', 2884500, 'Y', 320500, '매출 면세', 2),
    ( NOW(), NOW(), '공공', '일반 판매', '2022-05-06', '배송 일정 조율 필요', 3137000, 47, 'C002S23-22416', '2022-04-16', 2823300, 'N', 0, '매출 과세', 2),
    ( NOW(), NOW(), '해외', '소량 주문', '2022-09-06', '배송 일정 조율 필요', 2120000, 15, 'C004S24-22827', '2022-08-27', 1908000, 'N', 0, '매출 과세', 4),
    ( NOW(), NOW(), '공공', '일반 판매', '2022-01-31', '정기 배송 필요', 1417000, 26, 'C001S25-2218', '2022-01-08', 1275300, 'N', 0, '매출 과세', 1),
    ( NOW(), NOW(), '기업', '대량 주문', '2022-09-14', '특별 가격 협상 완료', 2466000, 49, 'C001S26-2294', '2022-09-04', 2219400, 'Y', 246600, '매출 면세', 1),
    ( NOW(), NOW(), '기업', '일반 판매', '2022-07-09', '배송 일정 조율 필요', 1572000, 15, 'C002S27-2273', '2022-07-03', 1414800, 'Y', 157200, '수출 영세', 2),
    ( NOW(), NOW(), '해외', '정기 주문', '2022-09-28', '고객 요청 사항 반영', 2812000, 5, 'C004S28-22916', '2022-09-16', 2530800, 'N', 0, '매출 과세', 4),
    ( NOW(), NOW(), '민간', '일반 판매', '2022-09-07', '정기 배송 필요', 2798000, 16, 'C005S29-22817', '2022-08-17', 2518200, 'Y', 279800, '수출 영세', 5),
    ( NOW(), NOW(), '공공', '소량 주문', '2022-04-19', '정기 배송 필요', 2254000, 42, 'C001S30-22322', '2022-03-22', 2028600, 'Y', 225400, '수출 영세', 1),
    ( NOW(), NOW(), '공공', '정기 주문', '2021-11-16', '정기 배송 필요', 2252000, 37, 'C001S1-211023', '2021-10-23', 2026800, 'N', 0, '매출 과세', 1),
    ( NOW(), NOW(), '공공', '일반 판매', '2021-03-08', '특별 가격 협상 완료', 1213000, 16, 'C001S2-21216', '2021-02-16', 1091700, 'Y', 121300, '수출 영세', 1),
    ( NOW(), NOW(), '기업', '소량 주문', '2021-02-28', '배송 일정 조율 필요', 2380000, 14, 'C001S3-2124', '2021-02-04', 2142000, 'Y', 238000, '수출 영세', 1),
    ( NOW(), NOW(), '기업', '일반 판매', '2021-05-03', '고객 요청 사항 반영', 1630000, 36, 'C005S4-21424', '2021-04-24', 1467000, 'N', 0, '매출 과세', 5),
    ( NOW(), NOW(), '민간', '대량 주문', '2021-11-18', '배송 일정 조율 필요', 2883000, 37, 'C003S5-21115', '2021-11-05', 2594700, 'Y', 288300, '매출 면세', 3),
    ( NOW(), NOW(), '해외', '소량 주문', '2021-12-16', '배송 일정 조율 필요', 2987000, 17, 'C005S6-21126', '2021-12-06', 2688300, 'Y', 298700, '매출 면세', 5),
    ( NOW(), NOW(), '민간', '소량 주문', '2021-04-21', '배송 일정 조율 필요', 2796000, 14, 'C003S7-21410', '2021-04-10', 2516400, 'N', 0, '매출 과세', 3),
    ( NOW(), NOW(), '민간', '대량 주문', '2022-01-12', '배송 일정 조율 필요', 1880000, 37, 'C003S8-211223', '2021-12-23', 1692000, 'Y', 188000, '매출 면세', 3),
    ( NOW(), NOW(), '기업', '소량 주문', '2021-05-24', '고객 피드백 반영 필요', 2291000, 24, 'C005S9-21510', '2021-05-10', 2061900, 'N', 0, '매출 과세', 5),
    ( NOW(), NOW(), '공공', '소량 주문', '2021-06-12', '고객 요청 사항 반영', 2132000, 39, 'C005S10-21526', '2021-05-26', 1918800, 'N', 0, '매출 과세', 5),
    ( NOW(), NOW(), '공공', '일반 판매', '2021-01-18', '고객 피드백 반영 필요', 2948000, 33, 'C004S11-2114', '2021-01-04', 2653200, 'N', 0, '매출 과세', 4),
    ( NOW(), NOW(), '공공', '일반 판매', '2021-02-11', '배송 일정 조율 필요', 2786000, 5, 'C004S12-21128', '2021-01-28', 2507400, 'N', 0, '매출 과세', 4),
    ( NOW(), NOW(), '민간', '일반 판매', '2021-12-29', '고객 요청 사항 반영', 1381000, 46, 'C004S13-211211', '2021-12-11', 1242900, 'Y', 138100, '수출 영세', 4),
    ( NOW(), NOW(), '해외', '소량 주문', '2021-08-21', '고객 피드백 반영 필요', 1583000, 44, 'C003S14-21727', '2021-07-27', 1424700, 'N', 0, '매출 과세', 3),
    ( NOW(), NOW(), '공공', '정기 주문', '2021-11-24', '고객 요청 사항 반영', 2782000, 24, 'C003S15-211115', '2021-11-15', 2503800, 'Y', 278200, '수출 영세', 3),
    ( NOW(), NOW(), '민간', '정기 주문', '2021-03-13', '배송 일정 조율 필요', 1729000, 17, 'C001S16-21219', '2021-02-19', 1556100, 'N', 0, '매출 과세', 1),
    ( NOW(), NOW(), '해외', '정기 주문', '2021-09-16', '고객 요청 사항 반영', 2021000, 9, 'C001S17-2198', '2021-09-08', 1818900, 'Y', 202100, '매출 면세', 1),
    ( NOW(), NOW(), '기업', '일반 판매', '2021-12-08', '고객 피드백 반영 필요', 2318000, 40, 'C004S18-211111', '2021-11-11', 2086200, 'N', 0, '매출 과세', 4),
    ( NOW(), NOW(), '민간', '대량 주문', '2021-11-03', '배송 일정 조율 필요', 1433000, 30, 'C005S19-211026', '2021-10-26', 1289700, 'Y', 143300, '매출 면세', 5),
    ( NOW(), NOW(), '해외', '일반 판매', '2021-04-20', '고객 요청 사항 반영', 1534000, 49, 'C004S20-21326', '2021-03-26', 1380600, 'N', 0, '매출 과세', 4),
    ( NOW(), NOW(), '공공', '소량 주문', '2021-05-22', '정기 배송 필요', 1739000, 41, 'C002S21-21428', '2021-04-28', 1565100, 'Y', 173900, '수출 영세', 2),
    ( NOW(), NOW(), '공공', '일반 판매', '2021-12-24', '정기 배송 필요', 2771000, 12, 'C002S22-21128', '2021-12-08', 2493900, 'Y', 277100, '수출 영세', 2),
    ( NOW(), NOW(), '해외', '대량 주문', '2021-04-01', '고객 피드백 반영 필요', 2623000, 29, 'C001S23-21318', '2021-03-18', 2360700, 'Y', 262300, '수출 영세', 1),
    ( NOW(), NOW(), '민간', '소량 주문', '2021-03-09', '정기 배송 필요', 1761000, 24, 'C002S24-21220', '2021-02-20', 1584900, 'N', 0, '매출 과세', 2),
    ( NOW(), NOW(), '기업', '대량 주문', '2021-08-12', '정기 배송 필요', 2480000, 34, 'C001S25-21728', '2021-07-28', 2232000, 'Y', 248000, '매출 면세', 1),
    ( NOW(), NOW(), '민간', '소량 주문', '2021-08-12', '고객 요청 사항 반영', 2223000, 3, 'C003S26-21727', '2021-07-27', 2000700, 'N', 0, '매출 과세', 3),
    ( NOW(), NOW(), '공공', '대량 주문', '2021-10-29', '고객 요청 사항 반영', 2705000, 3, 'C001S27-211012', '2021-10-12', 2434500, 'Y', 270500, '수출 영세', 1),
    ( NOW(), NOW(), '공공', '소량 주문', '2021-01-26', '배송 일정 조율 필요', 2231000, 43, 'C003S28-2114', '2021-01-04', 2007900, 'Y', 223100, '매출 면세', 3),
    ( NOW(), NOW(), '민간', '대량 주문', '2021-03-07', '배송 일정 조율 필요', 2982000, 45, 'C004S29-21212', '2021-02-12', 2683800, 'N', 0, '매출 과세', 4),
    ( NOW(), NOW(), '공공', '일반 판매', '2021-11-28', '고객 요청 사항 반영', 2339000, 24, 'C002S30-211120', '2021-11-20', 2105100, 'Y', 233900, '매출 면세', 2),
    ( NOW(), NOW(), '공공', '일반 판매', '2020-05-05', '정기 배송 필요', 2329000, 5, 'C002S1-20428', '2020-04-28', 2096100, 'Y', 232900, '매출 면세', 2),
    ( NOW(), NOW(), '민간', '소량 주문', '2020-10-27', '고객 요청 사항 반영', 2132000, 24, 'C002S2-201011', '2020-10-11', 1918800, 'N', 0, '매출 과세', 2),
    ( NOW(), NOW(), '기업', '일반 판매', '2020-12-23', '배송 일정 조율 필요', 1236000, 20, 'C004S3-20121', '2020-12-01', 1112400, 'N', 0, '매출 과세', 4),
    ( NOW(), NOW(), '해외', '소량 주문', '2020-03-01', '배송 일정 조율 필요', 2073000, 40, 'C001S4-20217', '2020-02-17', 1865700, 'N', 0, '매출 과세', 1),
    ( NOW(), NOW(), '해외', '일반 판매', '2020-03-08', '고객 피드백 반영 필요', 2019000, 24, 'C001S5-20226', '2020-02-26', 1817100, 'Y', 201900, '수출 영세', 1),
    ( NOW(), NOW(), '민간', '소량 주문', '2020-06-04', '배송 일정 조율 필요', 2198000, 20, 'C005S6-20526', '2020-05-26', 1978200, 'N', 0, '매출 과세', 5),
    ( NOW(), NOW(), '민간', '일반 판매', '2020-08-22', '고객 피드백 반영 필요', 1865000, 29, 'C004S7-2082', '2020-08-02', 1678500, 'N', 0, '매출 과세', 4),
    ( NOW(), NOW(), '기업', '정기 주문', '2021-01-05', '정기 배송 필요', 2668000, 2, 'C004S8-201222', '2020-12-22', 2401200, 'N', 0, '매출 과세', 4),
    ( NOW(), NOW(), '민간', '일반 판매', '2020-04-15', '배송 일정 조율 필요', 1204000, 30, 'C001S9-20318', '2020-03-18', 1083600, 'N', 0, '매출 과세', 1),
    ( NOW(), NOW(), '민간', '정기 주문', '2020-02-13', '정기 배송 필요', 2316000, 12, 'C004S10-20127', '2020-01-27', 2084400, 'Y', 231600, '매출 면세', 4),
    ( NOW(), NOW(), '공공', '소량 주문', '2020-10-29', '고객 요청 사항 반영', 1110000, 27, 'C003S11-20103', '2020-10-03', 999000, 'Y', 111000, '수출 영세', 3),
    ( NOW(), NOW(), '공공', '소량 주문', '2020-08-29', '특별 가격 협상 완료', 1499000, 36, 'C004S12-20818', '2020-08-18', 1349100, 'N', 0, '매출 과세', 4),
    ( NOW(), NOW(), '기업', '정기 주문', '2020-10-08', '고객 피드백 반영 필요', 1186000, 15, 'C004S13-20922', '2020-09-22', 1067400, 'N', 0, '매출 과세', 4),
    ( NOW(), NOW(), '기업', '일반 판매', '2020-01-21', '고객 요청 사항 반영', 1940000, 19, 'C001S14-20110', '2020-01-10', 1746000, 'Y', 194000, '매출 면세', 1),
    ( NOW(), NOW(), '공공', '정기 주문', '2020-07-15', '고객 피드백 반영 필요', 1577000, 34, 'C003S15-20627', '2020-06-27', 1419300, 'N', 0, '매출 과세', 3),
    ( NOW(), NOW(), '민간', '소량 주문', '2020-09-17', '특별 가격 협상 완료', 2168000, 10, 'C003S16-20912', '2020-09-12', 1951200, 'N', 0, '매출 과세', 3),
    ( NOW(), NOW(), '민간', '소량 주문', '2021-01-19', '정기 배송 필요', 2318000, 27, 'C002S17-201222', '2020-12-22', 2086200, 'N', 0, '매출 과세', 2),
    ( NOW(), NOW(), '공공', '일반 판매', '2020-07-01', '고객 피드백 반영 필요', 1857000, 26, 'C004S18-20624', '2020-06-24', 1671300, 'Y', 185700, '수출 영세', 4),
    ( NOW(), NOW(), '공공', '대량 주문', '2020-03-08', '특별 가격 협상 완료', 2082000, 15, 'C005S19-20211', '2020-02-11', 1873800, 'N', 0, '매출 과세', 5),
    ( NOW(), NOW(), '민간', '일반 판매', '2020-07-24', '고객 피드백 반영 필요', 1017000, 38, 'C002S20-20712', '2020-07-12', 915300, 'Y', 101700, '매출 면세', 2),
    ( NOW(), NOW(), '공공', '대량 주문', '2020-07-16', '정기 배송 필요', 1086000, 30, 'C003S21-20626', '2020-06-26', 977400, 'N', 0, '매출 과세', 3),
    ( NOW(), NOW(), '해외', '정기 주문', '2020-08-26', '정기 배송 필요', 1292000, 42, 'C002S22-20812', '2020-08-12', 1162800, 'Y', 129200, '수출 영세', 2),
    ( NOW(), NOW(), '기업', '대량 주문', '2020-02-11', '배송 일정 조율 필요', 1049000, 40, 'C003S23-20128', '2020-01-28', 944100, 'Y', 104900, '수출 영세', 3),
    ( NOW(), NOW(), '민간', '소량 주문', '2020-05-01', '배송 일정 조율 필요', 2669000, 14, 'C001S24-20421', '2020-04-21', 2402100, 'Y', 266900, '매출 면세', 1),
    ( NOW(), NOW(), '해외', '정기 주문', '2020-07-20', '고객 요청 사항 반영', 2753000, 32, 'C005S25-20623', '2020-06-23', 2477700, 'Y', 275300, '매출 면세', 5),
    ( NOW(), NOW(), '해외', '정기 주문', '2020-09-29', '배송 일정 조율 필요', 2679000, 48, 'C002S26-2095', '2020-09-05', 2411100, 'N', 0, '매출 과세', 2),
    ( NOW(), NOW(), '민간', '정기 주문', '2020-03-10', '특별 가격 협상 완료', 2504000, 19, 'C002S27-20227', '2020-02-27', 2253600, 'Y', 250400, '수출 영세', 2),
    ( NOW(), NOW(), '해외', '소량 주문', '2020-01-17', '특별 가격 협상 완료', 2196000, 38, 'C003S28-2015', '2020-01-05', 1976400, 'Y', 219600, '매출 면세', 3),
    ( NOW(), NOW(), '기업', '정기 주문', '2020-05-24', '고객 피드백 반영 필요', 1223000, 40, 'C003S29-20519', '2020-05-19', 1100700, 'Y', 122300, '매출 면세', 3),
    ( NOW(), NOW(), '기업', '정기 주문', '2020-02-03', '특별 가격 협상 완료', 2128000, 34, 'C005S30-20111', '2020-01-11', 1915200, 'N', 0, '매출 과세', 5),
    ( NOW(), NOW(), '기업', '대량 주문', '2019-01-27', '특별 가격 협상 완료', 2273000, 3, 'C002S1-19111', '2019-01-11', 2045700, 'Y', 227300, '매출 면세', 2),
    ( NOW(), NOW(), '민간', '일반 판매', '2019-09-29', '고객 요청 사항 반영', 1163000, 23, 'C004S2-1993', '2019-09-03', 1046700, 'N', 0, '매출 과세', 4),
    ( NOW(), NOW(), '해외', '일반 판매', '2019-01-24', '고객 요청 사항 반영', 1060000, 31, 'C005S3-1913', '2019-01-03', 954000, 'N', 0, '매출 과세', 5),
    ( NOW(), NOW(), '민간', '소량 주문', '2019-08-10', '특별 가격 협상 완료', 2432000, 14, 'C002S4-1984', '2019-08-04', 2188800, 'N', 0, '매출 과세', 2),
    ( NOW(), NOW(), '민간', '소량 주문', '2019-10-02', '정기 배송 필요', 1340000, 17, 'C005S5-19910', '2019-09-10', 1206000, 'N', 0, '매출 과세', 5),
    ( NOW(), NOW(), '민간', '정기 주문', '2019-11-16', '고객 피드백 반영 필요', 2306000, 36, 'C005S6-191028', '2019-10-28', 2075400, 'N', 0, '매출 과세', 5),
    ( NOW(), NOW(), '해외', '일반 판매', '2019-10-05', '고객 요청 사항 반영', 2076000, 6, 'C005S7-19922', '2019-09-22', 1868400, 'N', 0, '매출 과세', 5),
    ( NOW(), NOW(), '민간', '정기 주문', '2019-01-26', '고객 요청 사항 반영', 1553000, 12, 'C002S8-1913', '2019-01-03', 1397700, 'Y', 155300, '수출 영세', 2),
    ( NOW(), NOW(), '민간', '일반 판매', '2019-09-26', '고객 피드백 반영 필요', 2551000, 25, 'C005S9-1999', '2019-09-09', 2295900, 'Y', 255100, '수출 영세', 5),
    ( NOW(), NOW(), '민간', '일반 판매', '2019-09-12', '배송 일정 조율 필요', 2214000, 15, 'C004S10-19827', '2019-08-27', 1992600, 'N', 0, '매출 과세', 4),
    ( NOW(), NOW(), '해외', '정기 주문', '2019-09-18', '고객 피드백 반영 필요', 1069000, 23, 'C003S11-19910', '2019-09-10', 962100, 'Y', 106900, '매출 면세', 3),
    ( NOW(), NOW(), '민간', '일반 판매', '2019-03-02', '배송 일정 조율 필요', 1013000, 40, 'C005S12-1925', '2019-02-05', 911700, 'N', 0, '매출 과세', 5),
    ( NOW(), NOW(), '민간', '대량 주문', '2019-04-30', '고객 피드백 반영 필요', 1352000, 17, 'C001S13-19425', '2019-04-25', 1216800, 'N', 0, '매출 과세', 1),
    ( NOW(), NOW(), '공공', '대량 주문', '2019-04-02', '고객 피드백 반영 필요', 1469000, 20, 'C002S14-19319', '2019-03-19', 1322100, 'Y', 146900, '수출 영세', 2),
    ( NOW(), NOW(), '해외', '대량 주문', '2019-04-05', '배송 일정 조율 필요', 2373000, 38, 'C002S15-19325', '2019-03-25', 2135700, 'N', 0, '매출 과세', 2),
    ( NOW(), NOW(), '기업', '일반 판매', '2019-02-18', '고객 요청 사항 반영', 1609000, 22, 'C002S16-19126', '2019-01-26', 1448100, 'N', 0, '매출 과세', 2),
    ( NOW(), NOW(), '공공', '소량 주문', '2019-12-31', '고객 요청 사항 반영', 2050000, 10, 'C001S17-191210', '2019-12-10', 1845000, 'Y', 205000, '수출 영세', 1),
    ( NOW(), NOW(), '민간', '일반 판매', '2019-02-02', '고객 피드백 반영 필요', 2170000, 20, 'C004S18-19127', '2019-01-27', 1953000, 'N', 0, '매출 과세', 4),
    ( NOW(), NOW(), '민간', '대량 주문', '2019-07-30', '특별 가격 협상 완료', 1940000, 6, 'C004S19-19711', '2019-07-11', 1746000, 'N', 0, '매출 과세', 4),
    ( NOW(), NOW(), '민간', '소량 주문', '2019-12-22', '정기 배송 필요', 1531000, 7, 'C001S20-191217', '2019-12-17', 1377900, 'N', 0, '매출 과세', 1),
    ( NOW(), NOW(), '해외', '정기 주문', '2019-03-06', '정기 배송 필요', 2521000, 29, 'C001S21-19217', '2019-02-17', 2268900, 'Y', 252100, '수출 영세', 1),
    ( NOW(), NOW(), '민간', '정기 주문', '2019-02-25', '특별 가격 협상 완료', 2293000, 23, 'C002S22-1921', '2019-02-01', 2063700, 'N', 0, '매출 과세', 2),
    ( NOW(), NOW(), '해외', '소량 주문', '2019-09-10', '배송 일정 조율 필요', 1186000, 21, 'C004S23-19827', '2019-08-27', 1067400, 'Y', 118600, '수출 영세', 4),
    ( NOW(), NOW(), '민간', '대량 주문', '2019-08-24', '특별 가격 협상 완료', 1076000, 23, 'C001S24-1986', '2019-08-06', 968400, 'Y', 107600, '매출 면세', 1),
    ( NOW(), NOW(), '기업', '정기 주문', '2019-09-08', '배송 일정 조율 필요', 1664000, 39, 'C002S25-19811', '2019-08-11', 1497600, 'Y', 166400, '매출 면세', 2),
    ( NOW(), NOW(), '해외', '소량 주문', '2019-12-01', '정기 배송 필요', 1295000, 7, 'C004S26-191117', '2019-11-17', 1165500, 'N', 0, '매출 과세', 4),
    ( NOW(), NOW(), '공공', '대량 주문', '2019-03-07', '고객 피드백 반영 필요', 2282000, 31, 'C002S27-19211', '2019-02-11', 2053800, 'Y', 228200, '수출 영세', 2),
    ( NOW(), NOW(), '기업', '일반 판매', '2019-01-31', '고객 요청 사항 반영', 1461000, 3, 'C005S28-1915', '2019-01-05', 1314900, 'Y', 146100, '수출 영세', 5),
    ( NOW(), NOW(), '공공', '소량 주문', '2019-03-08', '배송 일정 조율 필요', 1900000, 44, 'C001S29-19226', '2019-02-26', 1710000, 'Y', 190000, '수출 영세', 1),
    ( NOW(), NOW(), '공공', '대량 주문', '2019-02-15', '정기 배송 필요', 1034000, 9, 'C001S30-1927', '2019-02-07', 930600, 'Y', 103400, '매출 면세', 1),
    ( NOW(), NOW(), '기업', '일반 판매', '2018-09-18', '고객 요청 사항 반영', 1970000, 40, 'C005S1-18910', '2018-09-10', 1773000, 'N', 0, '매출 과세', 5),
    ( NOW(), NOW(), '민간', '정기 주문', '2018-11-28', '고객 요청 사항 반영', 2176000, 38, 'C005S2-18119', '2018-11-09', 1958400, 'N', 0, '매출 과세', 5),
    ( NOW(), NOW(), '해외', '일반 판매', '2018-08-23', '정기 배송 필요', 2321000, 42, 'C004S3-1883', '2018-08-03', 2088900, 'N', 0, '매출 과세', 4),
    ( NOW(), NOW(), '기업', '소량 주문', '2018-02-22', '배송 일정 조율 필요', 1145000, 44, 'C003S4-18126', '2018-01-26', 1030500, 'N', 0, '매출 과세', 3),
    ( NOW(), NOW(), '기업', '소량 주문', '2018-05-25', '배송 일정 조율 필요', 1153000, 26, 'C005S5-18513', '2018-05-13', 1037700, 'Y', 115300, '매출 면세', 5),
    ( NOW(), NOW(), '해외', '소량 주문', '2018-12-01', '특별 가격 협상 완료', 1717000, 50, 'C003S6-181123', '2018-11-23', 1545300, 'Y', 171700, '매출 면세', 3),
    ( NOW(), NOW(), '민간', '일반 판매', '2018-02-08', '특별 가격 협상 완료', 1905000, 27, 'C001S7-18118', '2018-01-18', 1714500, 'N', 0, '매출 과세', 1),
    ( NOW(), NOW(), '기업', '일반 판매', '2019-01-06', '특별 가격 협상 완료', 1888000, 7, 'C001S8-181215', '2018-12-15', 1699200, 'N', 0, '매출 과세', 1),
    ( NOW(), NOW(), '기업', '일반 판매', '2019-01-01', '배송 일정 조율 필요', 1020000, 12, 'C002S9-181221', '2018-12-21', 918000, 'Y', 102000, '매출 면세', 2),
    ( NOW(), NOW(), '기업', '정기 주문', '2018-12-03', '배송 일정 조율 필요', 2133000, 27, 'C003S10-181115', '2018-11-15', 1919700, 'N', 0, '매출 과세', 3),
    ( NOW(), NOW(), '기업', '일반 판매', '2018-06-11', '고객 요청 사항 반영', 1568000, 33, 'C003S11-1862', '2018-06-02', 1411200, 'N', 0, '매출 과세', 3),
    ( NOW(), NOW(), '해외', '정기 주문', '2018-05-10', '고객 피드백 반영 필요', 1751000, 37, 'C005S12-18418', '2018-04-18', 1575900, 'Y', 175100, '수출 영세', 5),
    ( NOW(), NOW(), '공공', '대량 주문', '2018-08-07', '특별 가격 협상 완료', 2004000, 44, 'C005S13-18723', '2018-07-23', 1803600, 'Y', 200400, '매출 면세', 5),
    ( NOW(), NOW(), '공공', '일반 판매', '2018-02-26', '고객 피드백 반영 필요', 2137000, 18, 'C003S14-18127', '2018-01-27', 1923300, 'N', 0, '매출 과세', 3),
    ( NOW(), NOW(), '공공', '일반 판매', '2019-01-22', '특별 가격 협상 완료', 2244000, 11, 'C004S15-181226', '2018-12-26', 2019600, 'N', 0, '매출 과세', 4),
    ( NOW(), NOW(), '민간', '소량 주문', '2018-06-28', '특별 가격 협상 완료', 2056000, 3, 'C005S16-18614', '2018-06-14', 1850400, 'N', 0, '매출 과세', 5),
    ( NOW(), NOW(), '해외', '대량 주문', '2018-03-23', '특별 가격 협상 완료', 1567000, 2, 'C005S17-18313', '2018-03-13', 1410300, 'Y', 156700, '수출 영세', 5),
    ( NOW(), NOW(), '공공', '일반 판매', '2018-08-30', '배송 일정 조율 필요', 2038000, 38, 'C005S18-1885', '2018-08-05', 1834200, 'N', 0, '매출 과세', 5),
    ( NOW(), NOW(), '해외', '대량 주문', '2018-02-01', '정기 배송 필요', 1064000, 16, 'C001S19-18111', '2018-01-11', 957600, 'Y', 106400, '매출 면세', 1),
    ( NOW(), NOW(), '민간', '소량 주문', '2018-11-30', '특별 가격 협상 완료', 1441000, 44, 'C001S20-181116', '2018-11-16', 1296900, 'N', 0, '매출 과세', 1),
    ( NOW(), NOW(), '해외', '정기 주문', '2018-10-21', '특별 가격 협상 완료', 1622000, 36, 'C004S21-181013', '2018-10-13', 1459800, 'Y', 162200, '수출 영세', 4),
    ( NOW(), NOW(), '기업', '소량 주문', '2018-02-25', '고객 요청 사항 반영', 2408000, 17, 'C002S22-1829', '2018-02-09', 2167200, 'N', 0, '매출 과세', 2),
    ( NOW(), NOW(), '기업', '소량 주문', '2018-08-08', '고객 요청 사항 반영', 1615000, 1, 'C004S23-1879', '2018-07-09', 1453500, 'N', 0, '매출 과세', 4),
    ( NOW(), NOW(), '공공', '대량 주문', '2018-05-29', '배송 일정 조율 필요', 1101000, 26, 'C002S24-18518', '2018-05-18', 990900, 'N', 0, '매출 과세', 2),
    ( NOW(), NOW(), '민간', '대량 주문', '2018-06-02', '특별 가격 협상 완료', 2463000, 12, 'C005S25-1856', '2018-05-06', 2216700, 'Y', 246300, '매출 면세', 5),
    ( NOW(), NOW(), '공공', '정기 주문', '2019-01-18', '배송 일정 조율 필요', 2489000, 20, 'C004S26-181219', '2018-12-19', 2240100, 'N', 0, '매출 과세', 4),
    ( NOW(), NOW(), '공공', '소량 주문', '2018-06-27', '정기 배송 필요', 1606000, 15, 'C002S27-1862', '2018-06-02', 1445400, 'N', 0, '매출 과세', 2),
    ( NOW(), NOW(), '공공', '일반 판매', '2018-03-24', '배송 일정 조율 필요', 2330000, 47, 'C001S28-18317', '2018-03-17', 2097000, 'Y', 233000, '수출 영세', 1),
    ( NOW(), NOW(), '공공', '대량 주문', '2018-07-06', '정기 배송 필요', 1621000, 12, 'C002S29-18617', '2018-06-17', 1458900, 'Y', 162100, '수출 영세', 2),
    ( NOW(), NOW(), '공공', '대량 주문', '2018-11-04', '배송 일정 조율 필요', 2177000, 4, 'C005S30-181023', '2018-10-23', 1959300, 'Y', 217700, '매출 면세', 5),
    ( NOW(), NOW(), '기업', '소량 주문', '2017-03-15', '배송 일정 조율 필요', 1592000, 28, 'C004S1-17216', '2017-02-16', 1432800, 'N', 0, '매출 과세', 4),
    ( NOW(), NOW(), '기업', '소량 주문', '2017-02-19', '배송 일정 조율 필요', 1428000, 42, 'C004S2-1725', '2017-02-05', 1285200, 'Y', 142800, '매출 면세', 4),
    ( NOW(), NOW(), '해외', '소량 주문', '2017-02-12', '특별 가격 협상 완료', 2208000, 7, 'C002S3-17124', '2017-01-24', 1987200, 'N', 0, '매출 과세', 2),
    ( NOW(), NOW(), '공공', '일반 판매', '2017-02-16', '정기 배송 필요', 1077000, 49, 'C001S4-1723', '2017-02-03', 969300, 'N', 0, '매출 과세', 1),
    ( NOW(), NOW(), '기업', '정기 주문', '2017-09-27', '특별 가격 협상 완료', 2288000, 17, 'C001S5-17922', '2017-09-22', 2059200, 'Y', 228800, '수출 영세', 1),
    ( NOW(), NOW(), '공공', '대량 주문', '2017-10-26', '배송 일정 조율 필요', 1157000, 30, 'C005S6-171016', '2017-10-16', 1041300, 'Y', 115700, '매출 면세', 5),
    ( NOW(), NOW(), '민간', '일반 판매', '2017-05-02', '배송 일정 조율 필요', 1193000, 38, 'C003S7-17422', '2017-04-22', 1073700, 'N', 0, '매출 과세', 3),
    ( NOW(), NOW(), '공공', '일반 판매', '2017-06-08', '특별 가격 협상 완료', 973000, 7, 'C003S8-1761', '2017-06-01', 875700, 'N', 0, '매출 과세', 3),
    ( NOW(), NOW(), '공공', '소량 주문', '2017-02-18', '고객 요청 사항 반영', 1166000, 10, 'C005S9-17126', '2017-01-26', 1049400, 'N', 0, '매출 과세', 5),
    ( NOW(), NOW(), '해외', '일반 판매', '2017-09-01', '고객 피드백 반영 필요', 2146000, 40, 'C004S10-1782', '2017-08-02', 1931400, 'Y', 214600, '수출 영세', 4),
    ( NOW(), NOW(), '해외', '소량 주문', '2017-07-06', '정기 배송 필요', 2156000, 20, 'C005S11-1771', '2017-07-01', 1940400, 'N', 0, '매출 과세', 5),
    ( NOW(), NOW(), '공공', '대량 주문', '2017-02-06', '배송 일정 조율 필요', 1086000, 21, 'C005S12-17122', '2017-01-22', 977400, 'N', 0, '매출 과세', 5),
    ( NOW(), NOW(), '민간', '일반 판매', '2017-11-05', '고객 요청 사항 반영', 1044000, 4, 'C003S13-171022', '2017-10-22', 939600, 'Y', 104400, '매출 면세', 3),
    ( NOW(), NOW(), '민간', '정기 주문', '2017-12-23', '정기 배송 필요', 1486000, 18, 'C004S14-171212', '2017-12-12', 1337400, 'Y', 148600, '수출 영세', 4),
    ( NOW(), NOW(), '해외', '정기 주문', '2017-05-01', '배송 일정 조율 필요', 1685000, 23, 'C005S15-1741', '2017-04-01', 1516500, 'N', 0, '매출 과세', 5),
    ( NOW(), NOW(), '민간', '대량 주문', '2017-05-31', '특별 가격 협상 완료', 1526000, 8, 'C005S16-1758', '2017-05-08', 1373400, 'N', 0, '매출 과세', 5),
    ( NOW(), NOW(), '공공', '대량 주문', '2017-03-14', '고객 요청 사항 반영', 1870000, 15, 'C002S17-17227', '2017-02-27', 1683000, 'Y', 187000, '매출 면세', 2),
    ( NOW(), NOW(), '해외', '소량 주문', '2017-06-21', '배송 일정 조율 필요', 1062000, 49, 'C002S18-17615', '2017-06-15', 955800, 'N', 0, '매출 과세', 2),
    ( NOW(), NOW(), '민간', '대량 주문', '2017-08-20', '고객 피드백 반영 필요', 1819000, 6, 'C004S19-17812', '2017-08-12', 1637100, 'N', 0, '매출 과세', 4),
    ( NOW(), NOW(), '기업', '대량 주문', '2017-08-14', '정기 배송 필요', 1972000, 17, 'C001S20-1789', '2017-08-09', 1774800, 'N', 0, '매출 과세', 1),
    ( NOW(), NOW(), '기업', '소량 주문', '2017-08-25', '고객 요청 사항 반영', 1896000, 36, 'C002S21-1784', '2017-08-04', 1706400, 'Y', 189600, '매출 면세', 2),
    ( NOW(), NOW(), '민간', '소량 주문', '2017-11-21', '고객 피드백 반영 필요', 1662000, 38, 'C005S22-17116', '2017-11-06', 1495800, 'Y', 166200, '매출 면세', 5),
    ( NOW(), NOW(), '해외', '일반 판매', '2017-09-07', '정기 배송 필요', 1176000, 44, 'C005S23-17810', '2017-08-10', 1058400, 'Y', 117600, '수출 영세', 5),
    ( NOW(), NOW(), '해외', '소량 주문', '2017-01-26', '특별 가격 협상 완료', 1640000, 29, 'C005S24-1712', '2017-01-02', 1476000, 'Y', 164000, '매출 면세', 5),
    ( NOW(), NOW(), '공공', '일반 판매', '2017-03-01', '특별 가격 협상 완료', 1088000, 44, 'C002S25-17219', '2017-02-19', 979200, 'Y', 108800, '수출 영세', 2),
    ( NOW(), NOW(), '공공', '대량 주문', '2017-10-24', '특별 가격 협상 완료', 1732000, 36, 'C005S26-171015', '2017-10-15', 1558800, 'Y', 173200, '수출 영세', 5),
    ( NOW(), NOW(), '민간', '소량 주문', '2017-03-30', '특별 가격 협상 완료', 1981000, 39, 'C005S27-17316', '2017-03-16', 1782900, 'Y', 198100, '매출 면세', 5),
    ( NOW(), NOW(), '기업', '일반 판매', '2017-12-06', '정기 배송 필요', 1175000, 15, 'C005S28-171120', '2017-11-20', 1057500, 'N', 0, '매출 과세', 5),
    ( NOW(), NOW(), '민간', '소량 주문', '2017-02-06', '고객 피드백 반영 필요', 2138000, 3, 'C001S29-17118', '2017-01-18', 1924200, 'N', 0, '매출 과세', 1),
    ( NOW(), NOW(), '민간', '소량 주문', '2017-01-15', '정기 배송 필요', 1334000, 38, 'C005S30-1712', '2017-01-02', 1200600, 'Y', 133400, '수출 영세', 5),
    ( NOW(), NOW(), '민간', '소량 주문', '2016-06-30', '고객 피드백 반영 필요', 1077000, 33, 'C003S1-16620', '2016-06-20', 969300, 'N', 0, '매출 과세', 3),
    ( NOW(), NOW(), '민간', '대량 주문', '2016-05-25', '특별 가격 협상 완료', 961000, 32, 'C004S2-1658', '2016-05-08', 864900, 'Y', 96100, '수출 영세', 4),
    ( NOW(), NOW(), '해외', '소량 주문', '2016-08-24', '정기 배송 필요', 1671000, 35, 'C003S3-1683', '2016-08-03', 1503900, 'N', 0, '매출 과세', 3),
    ( NOW(), NOW(), '기업', '일반 판매', '2016-11-21', '배송 일정 조율 필요', 1950000, 13, 'C002S4-16115', '2016-11-05', 1755000, 'N', 0, '매출 과세', 2),
    ( NOW(), NOW(), '해외', '일반 판매', '2016-05-30', '특별 가격 협상 완료', 1205000, 5, 'C001S5-16510', '2016-05-10', 1084500, 'N', 0, '매출 과세', 1),
    ( NOW(), NOW(), '해외', '일반 판매', '2016-09-18', '배송 일정 조율 필요', 1200000, 28, 'C003S6-16828', '2016-08-28', 1080000, 'N', 0, '매출 과세', 3),
    ( NOW(), NOW(), '기업', '대량 주문', '2016-10-16', '특별 가격 협상 완료', 940000, 25, 'C005S7-16105', '2016-10-05', 846000, 'N', 0, '매출 과세', 5),
    ( NOW(), NOW(), '공공', '일반 판매', '2016-10-12', '특별 가격 협상 완료', 1894000, 36, 'C005S8-16913', '2016-09-13', 1704600, 'N', 0, '매출 과세', 5),
    ( NOW(), NOW(), '민간', '일반 판매', '2016-08-01', '고객 요청 사항 반영', 1085000, 7, 'C001S9-16727', '2016-07-27', 976500, 'N', 0, '매출 과세', 1),
    ( NOW(), NOW(), '해외', '정기 주문', '2016-10-22', '특별 가격 협상 완료', 1634000, 5, 'C002S10-16102', '2016-10-02', 1470600, 'N', 0, '매출 과세', 2),
    ( NOW(), NOW(), '기업', '대량 주문', '2016-10-11', '고객 요청 사항 반영', 1667000, 19, 'C001S11-16914', '2016-09-14', 1500300, 'Y', 166700, '수출 영세', 1),
    ( NOW(), NOW(), '공공', '대량 주문', '2016-05-29', '정기 배송 필요', 1052000, 8, 'C001S12-1651', '2016-05-01', 946800, 'N', 0, '매출 과세', 1),
    ( NOW(), NOW(), '민간', '대량 주문', '2016-12-12', '정기 배송 필요', 1176000, 47, 'C002S13-161117', '2016-11-17', 1058400, 'N', 0, '매출 과세', 2),
    ( NOW(), NOW(), '해외', '일반 판매', '2016-08-25', '정기 배송 필요', 1484000, 7, 'C005S14-16815', '2016-08-15', 1335600, 'Y', 148400, '매출 면세', 5),
    ( NOW(), NOW(), '민간', '정기 주문', '2016-04-10', '고객 요청 사항 반영', 1372000, 46, 'C001S15-16314', '2016-03-14', 1234800, 'Y', 137200, '매출 면세', 1),
    ( NOW(), NOW(), '해외', '대량 주문', '2016-04-24', '특별 가격 협상 완료', 1728000, 10, 'C003S16-16411', '2016-04-11', 1555200, 'N', 0, '매출 과세', 3),
    ( NOW(), NOW(), '해외', '소량 주문', '2016-01-19', '정기 배송 필요', 969000, 28, 'C003S17-1613', '2016-01-03', 872100, 'Y', 96900, '수출 영세', 3),
    ( NOW(), NOW(), '기업', '정기 주문', '2016-11-06', '고객 피드백 반영 필요', 1353000, 4, 'C003S18-161023', '2016-10-23', 1217700, 'Y', 135300, '매출 면세', 3),
    ( NOW(), NOW(), '기업', '일반 판매', '2016-03-04', '특별 가격 협상 완료', 1087000, 33, 'C003S19-1629', '2016-02-09', 978300, 'Y', 108700, '매출 면세', 3),
    ( NOW(), NOW(), '기업', '소량 주문', '2016-06-09', '특별 가격 협상 완료', 1360000, 45, 'C002S20-16522', '2016-05-22', 1224000, 'Y', 136000, '수출 영세', 2),
    ( NOW(), NOW(), '민간', '일반 판매', '2016-02-28', '배송 일정 조율 필요', 1985000, 9, 'C005S21-16220', '2016-02-20', 1786500, 'Y', 198500, '매출 면세', 5),
    ( NOW(), NOW(), '민간', '소량 주문', '2016-04-01', '고객 피드백 반영 필요', 1854000, 19, 'C003S22-16313', '2016-03-13', 1668600, 'N', 0, '매출 과세', 3),
    ( NOW(), NOW(), '공공', '소량 주문', '2016-02-26', '고객 피드백 반영 필요', 1155000, 6, 'C001S23-1623', '2016-02-03', 1039500, 'N', 0, '매출 과세', 1),
    ( NOW(), NOW(), '민간', '일반 판매', '2016-08-09', '특별 가격 협상 완료', 1202000, 36, 'C001S24-16721', '2016-07-21', 1081800, 'N', 0, '매출 과세', 1),
    ( NOW(), NOW(), '민간', '일반 판매', '2016-04-17', '정기 배송 필요', 1900000, 16, 'C005S25-16326', '2016-03-26', 1710000, 'Y', 190000, '수출 영세', 5),
    ( NOW(), NOW(), '공공', '소량 주문', '2016-06-07', '고객 피드백 반영 필요', 1819000, 20, 'C005S26-16525', '2016-05-25', 1637100, 'Y', 181900, '수출 영세', 5),
    ( NOW(), NOW(), '기업', '정기 주문', '2016-02-07', '배송 일정 조율 필요', 1993000, 28, 'C002S27-16118', '2016-01-18', 1793700, 'Y', 199300, '수출 영세', 2),
    ( NOW(), NOW(), '공공', '소량 주문', '2016-06-19', '배송 일정 조율 필요', 1524000, 38, 'C004S28-1669', '2016-06-09', 1371600, 'N', 0, '매출 과세', 4),
    ( NOW(), NOW(), '기업', '대량 주문', '2016-06-15', '고객 피드백 반영 필요', 1089000, 17, 'C001S29-16522', '2016-05-22', 980100, 'N', 0, '매출 과세', 1),
    ( NOW(), NOW(), '공공', '대량 주문', '2016-07-15', '고객 피드백 반영 필요', 1463000, 14, 'C004S30-1675', '2016-07-05', 1316700, 'Y', 146300, '수출 영세', 4),
    ( NOW(), NOW(), '기업', '정기 주문', '2015-04-08', '배송 일정 조율 필요', 1128000, 49, 'C003S1-1539', '2015-03-09', 1015200, 'N', 0, '매출 과세', 3),
    ( NOW(), NOW(), '해외', '대량 주문', '2015-04-21', '특별 가격 협상 완료', 1265000, 26, 'C002S2-15325', '2015-03-25', 1138500, 'N', 0, '매출 과세', 2),
    ( NOW(), NOW(), '기업', '소량 주문', '2015-08-06', '정기 배송 필요', 1435000, 16, 'C003S3-1578', '2015-07-08', 1291500, 'N', 0, '매출 과세', 3),
    ( NOW(), NOW(), '해외', '소량 주문', '2016-01-06', '정기 배송 필요', 822000, 15, 'C004S4-151215', '2015-12-15', 739800, 'N', 0, '매출 과세', 4),
    ( NOW(), NOW(), '해외', '대량 주문', '2015-12-30', '고객 피드백 반영 필요', 1199000, 30, 'C005S5-15128', '2015-12-08', 1079100, 'N', 0, '매출 과세', 5),
    ( NOW(), NOW(), '기업', '일반 판매', '2015-02-06', '배송 일정 조율 필요', 715000, 39, 'C002S6-15127', '2015-01-27', 643500, 'N', 0, '매출 과세', 2),
    ( NOW(), NOW(), '민간', '소량 주문', '2015-09-22', '정기 배송 필요', 1179000, 37, 'C002S7-1597', '2015-09-07', 1061100, 'N', 0, '매출 과세', 2),
    ( NOW(), NOW(), '기업', '대량 주문', '2015-02-04', '정기 배송 필요', 1025000, 35, 'C004S8-15128', '2015-01-28', 922500, 'N', 0, '매출 과세', 4),
    ( NOW(), NOW(), '공공', '정기 주문', '2015-07-18', '정기 배송 필요', 861000, 42, 'C003S9-15628', '2015-06-28', 774900, 'Y', 86100, '매출 면세', 3),
    ( NOW(), NOW(), '민간', '일반 판매', '2015-03-07', '정기 배송 필요', 883000, 21, 'C004S10-1525', '2015-02-05', 794700, 'N', 0, '매출 과세', 4),
    ( NOW(), NOW(), '해외', '일반 판매', '2015-08-17', '배송 일정 조율 필요', 1077000, 39, 'C002S11-1589', '2015-08-09', 969300, 'Y', 107700, '매출 면세', 2),
    ( NOW(), NOW(), '공공', '일반 판매', '2015-02-24', '고객 피드백 반영 필요', 830000, 11, 'C005S12-15126', '2015-01-26', 747000, 'N', 0, '매출 과세', 5),
    ( NOW(), NOW(), '공공', '대량 주문', '2015-02-17', '배송 일정 조율 필요', 1264000, 9, 'C001S13-15119', '2015-01-19', 1137600, 'N', 0, '매출 과세', 1),
    ( NOW(), NOW(), '해외', '일반 판매', '2015-12-07', '배송 일정 조율 필요', 1287000, 2, 'C003S14-151125', '2015-11-25', 1158300, 'Y', 128700, '수출 영세', 3),
    ( NOW(), NOW(), '기업', '일반 판매', '2015-07-21', '배송 일정 조율 필요', 985000, 3, 'C005S15-1576', '2015-07-06', 886500, 'N', 0, '매출 과세', 5),
    ( NOW(), NOW(), '공공', '소량 주문', '2015-12-06', '배송 일정 조율 필요', 786000, 26, 'C001S16-151110', '2015-11-10', 707400, 'Y', 78600, '수출 영세', 1),
    ( NOW(), NOW(), '기업', '소량 주문', '2015-03-04', '고객 요청 사항 반영', 1250000, 4, 'C004S17-1522', '2015-02-02', 1125000, 'Y', 125000, '수출 영세', 4),
    ( NOW(), NOW(), '해외', '일반 판매', '2015-11-03', '고객 요청 사항 반영', 1070000, 38, 'C002S18-15106', '2015-10-06', 963000, 'N', 0, '매출 과세', 2),
    ( NOW(), NOW(), '공공', '소량 주문', '2015-10-11', '배송 일정 조율 필요', 1208000, 12, 'C002S19-15921', '2015-09-21', 1087200, 'N', 0, '매출 과세', 2),
    ( NOW(), NOW(), '기업', '정기 주문', '2015-02-12', '정기 배송 필요', 1377000, 32, 'C002S20-15113', '2015-01-13', 1239300, 'Y', 137700, '수출 영세', 2),
    ( NOW(), NOW(), '민간', '대량 주문', '2015-02-23', '정기 배송 필요', 1105000, 26, 'C002S21-15211', '2015-02-11', 994500, 'N', 0, '매출 과세', 2),
    ( NOW(), NOW(), '공공', '정기 주문', '2016-01-10', '고객 요청 사항 반영', 883000, 44, 'C002S22-151218', '2015-12-18', 794700, 'Y', 88300, '매출 면세', 2),
    ( NOW(), NOW(), '공공', '소량 주문', '2015-11-27', '고객 피드백 반영 필요', 958000, 32, 'C005S23-151114', '2015-11-14', 862200, 'N', 0, '매출 과세', 5),
    ( NOW(), NOW(), '민간', '일반 판매', '2015-05-29', '고객 피드백 반영 필요', 973000, 40, 'C004S24-15514', '2015-05-14', 875700, 'Y', 97300, '수출 영세', 4),
    ( NOW(), NOW(), '해외', '일반 판매', '2015-06-20', '배송 일정 조율 필요', 1220000, 47, 'C005S25-1569', '2015-06-09', 1098000, 'Y', 122000, '매출 면세', 5),
    ( NOW(), NOW(), '해외', '정기 주문', '2015-01-27', '배송 일정 조율 필요', 992000, 48, 'C001S26-1515', '2015-01-05', 892800, 'Y', 99200, '수출 영세', 1),
    ( NOW(), NOW(), '해외', '정기 주문', '2015-11-02', '배송 일정 조율 필요', 945000, 31, 'C004S27-151025', '2015-10-25', 850500, 'Y', 94500, '매출 면세', 4),
    ( NOW(), NOW(), '해외', '대량 주문', '2015-10-29', '고객 피드백 반영 필요', 1279000, 47, 'C002S28-151020', '2015-10-20', 1151100, 'N', 0, '매출 과세', 2),
    ( NOW(), NOW(), '해외', '일반 판매', '2015-11-30', '배송 일정 조율 필요', 1231000, 47, 'C004S29-151119', '2015-11-19', 1107900, 'N', 0, '매출 과세', 4),
    ( NOW(), NOW(), '해외', '대량 주문', '2015-09-09', '특별 가격 협상 완료', 960000, 10, 'C002S30-15815', '2015-08-15', 864000, 'Y', 96000, '매출 면세', 2);


INSERT INTO tb_target_sale (month, month_target, year, created_at, product_no, target_sale_no, updated_at, user_no) VALUES
    -- 2024년 제품6
    (1, 400000, 2024, NOW(), 6, DEFAULT, NOW(), 2),
    (2, 600000, 2024, NOW(), 6, DEFAULT, NOW(), 2),
    (3, 140000, 2024, NOW(), 6, DEFAULT, NOW(), 2),
    (4, 400000, 2024, NOW(), 6, DEFAULT, NOW(), 2),
    (5, 500000, 2024, NOW(), 6, DEFAULT, NOW(), 2),
    (6, 700000, 2024, NOW(), 6, DEFAULT, NOW(), 2),
    (7, 900000, 2024, NOW(), 6, DEFAULT, NOW(), 2),
    (8, 1100000, 2024, NOW(), 6, DEFAULT, NOW(), 2),
    (9, 600000, 2024, NOW(), 6, DEFAULT, NOW(), 2),
    (10, 1200000, 2024, NOW(), 6, DEFAULT, NOW(), 2),
    (11, 700000, 2024, NOW(), 6, DEFAULT, NOW(), 2),
    (12, 800000, 2024, NOW(), 6, DEFAULT, NOW(), 2),
    -- 2024 제품 7
    (1, 450000, 2024, NOW(), 7, DEFAULT, NOW(), 2),
    (2, 200000, 2024, NOW(), 7, DEFAULT, NOW(), 2),
    (3, 185000, 2024, NOW(), 7, DEFAULT, NOW(), 2),
    (4, 423000, 2024, NOW(), 7, DEFAULT, NOW(), 2),
    (5, 565000, 2024, NOW(), 7, DEFAULT, NOW(), 2),
    (6, 702500, 2024, NOW(), 7, DEFAULT, NOW(), 2),
    (7, 650000, 2024, NOW(), 7, DEFAULT, NOW(), 2),
    (8, 140000, 2024, NOW(), 7, DEFAULT, NOW(), 2),
    (9, 70000, 2024, NOW(), 7, DEFAULT, NOW(), 2),
    (10, 125000, 2024, NOW(), 7, DEFAULT, NOW(), 2),
    (11, 705000, 2024, NOW(), 7, DEFAULT, NOW(), 2),
    (12, 830000, 2024, NOW(), 7, DEFAULT, NOW(), 2),
    -- 2024 제품 8
    (1, 425000, 2024, NOW(), 8, DEFAULT, NOW(), 2),
    (2, 605000, 2024, NOW(), 8, DEFAULT, NOW(), 2),
    (3, 142500, 2024, NOW(), 8, DEFAULT, NOW(), 2),
    (4, 405600, 2024, NOW(), 8, DEFAULT, NOW(), 2),
    (5, 523000, 2024, NOW(), 8, DEFAULT, NOW(), 2),
    (6, 705000, 2024, NOW(), 8, DEFAULT, NOW(), 2),
    (7, 954000, 2024, NOW(), 8, DEFAULT, NOW(), 2),
    (8, 950000, 2024, NOW(), 8, DEFAULT, NOW(), 2),
    (9, 780000, 2024, NOW(), 8, DEFAULT, NOW(), 2),
    (10, 1145000, 2024, NOW(), 8, DEFAULT, NOW(), 2),
    (11, 625000, 2024, NOW(), 8, DEFAULT, NOW(), 2),
    (12, 805000, 2024, NOW(), 8, DEFAULT, NOW(), 2),
    -- 2023년 제품6
    (1, 425000, 2023, NOW(), 6, DEFAULT, NOW(), 2),
    (2, 576000, 2023, NOW(), 6, DEFAULT, NOW(), 2),
    (3, 134500, 2023, NOW(), 6, DEFAULT, NOW(), 2),
    (4, 295000, 2023, NOW(), 6, DEFAULT, NOW(), 2),
    (5, 565000, 2023, NOW(), 6, DEFAULT, NOW(), 2),
    (6, 457000, 2023, NOW(), 6, DEFAULT, NOW(), 2),
    (7, 489000, 2023, NOW(), 6, DEFAULT, NOW(), 2),
    (8, 982000, 2023, NOW(), 6, DEFAULT, NOW(), 2),
    (9, 582000, 2023, NOW(), 6, DEFAULT, NOW(), 2),
    (10, 1320000, 2023, NOW(), 6, DEFAULT, NOW(), 2),
    (11, 532000, 2023, NOW(), 6, DEFAULT, NOW(), 2),
    (12, 654000, 2023, NOW(), 6, DEFAULT, NOW(), 2),
    -- 2023 제품 7
    (1, 418000, 2023, NOW(), 7, DEFAULT, NOW(), 2),
    (2, 498000, 2023, NOW(), 7, DEFAULT, NOW(), 2),
    (3, 787000, 2023, NOW(), 7, DEFAULT, NOW(), 2),
    (4, 123000, 2023, NOW(), 7, DEFAULT, NOW(), 2),
    (5, 899000, 2023, NOW(), 7, DEFAULT, NOW(), 2),
    (6, 984000, 2023, NOW(), 7, DEFAULT, NOW(), 2),
    (7, 157000, 2023, NOW(), 7, DEFAULT, NOW(), 2),
    (8, 5440000, 2023, NOW(), 7, DEFAULT, NOW(), 2),
    (9, 845000, 2023, NOW(), 7, DEFAULT, NOW(), 2),
    (10, 4980000, 2023, NOW(), 7, DEFAULT, NOW(), 2),
    (11, 844000, 2023, NOW(), 7, DEFAULT, NOW(), 2),
    (12, 156000, 2023, NOW(), 7, DEFAULT, NOW(), 2),
    -- 2023 제품 8
    (1, 198000, 2023, NOW(), 8, DEFAULT, NOW(), 2),
    (2, 648000, 2023, NOW(), 8, DEFAULT, NOW(), 2),
    (3, 487000, 2023, NOW(), 8, DEFAULT, NOW(), 2),
    (4, 489000, 2023, NOW(), 8, DEFAULT, NOW(), 2),
    (5, 874000, 2023, NOW(), 8, DEFAULT, NOW(), 2),
    (6, 458000, 2023, NOW(), 8, DEFAULT, NOW(), 2),
    (7, 184000, 2023, NOW(), 8, DEFAULT, NOW(), 2),
    (8, 784000, 2023, NOW(), 8, DEFAULT, NOW(), 2),
    (9, 875000, 2023, NOW(), 8, DEFAULT, NOW(), 2),
    (10, 874000, 2023, NOW(), 8, DEFAULT, NOW(), 2),
    (11, 784000, 2023, NOW(), 8, DEFAULT, NOW(), 2),
    (12, 871000, 2023, NOW(), 8, DEFAULT, NOW(), 2),
    -- 2022년 제품6
    (1, 952000, 2022, NOW(), 6, DEFAULT, NOW(), 2),
    (2, 498000, 2022, NOW(), 6, DEFAULT, NOW(), 2),
    (3, 984000, 2022, NOW(), 6, DEFAULT, NOW(), 2),
    (4, 489000, 2022, NOW(), 6, DEFAULT, NOW(), 2),
    (5, 981000, 2022, NOW(), 6, DEFAULT, NOW(), 2),
    (6, 891000, 2022, NOW(), 6, DEFAULT, NOW(), 2),
    (7, 815000, 2022, NOW(), 6, DEFAULT, NOW(), 2),
    (8, 123000, 2022, NOW(), 6, DEFAULT, NOW(), 2),
    (9, 541000, 2022, NOW(), 6, DEFAULT, NOW(), 2),
    (10, 516000, 2022, NOW(), 6, DEFAULT, NOW(), 2),
    (11, 784000, 2022, NOW(), 6, DEFAULT, NOW(), 2),
    (12, 529000, 2022, NOW(), 6, DEFAULT, NOW(), 2),
    -- 2022 제품 7
    (1, 485000, 2022, NOW(), 7, DEFAULT, NOW(), 2),
    (2, 481000, 2022, NOW(), 7, DEFAULT, NOW(), 2),
    (3, 879000, 2022, NOW(), 7, DEFAULT, NOW(), 2),
    (4, 451000, 2022, NOW(), 7, DEFAULT, NOW(), 2),
    (5, 4178000, 2022, NOW(), 7, DEFAULT, NOW(), 2),
    (6, 148500, 2022, NOW(), 7, DEFAULT, NOW(), 2),
    (7, 445000, 2022, NOW(), 7, DEFAULT, NOW(), 2),
    (8, 848000, 2022, NOW(), 7, DEFAULT, NOW(), 2),
    (9, 849000, 2022, NOW(), 7, DEFAULT, NOW(), 2),
    (10, 748000, 2022, NOW(), 7, DEFAULT, NOW(), 2),
    (11, 1580000, 2022, NOW(), 7, DEFAULT, NOW(), 2),
    (12, 457000, 2022, NOW(), 7, DEFAULT, NOW(), 2),
    -- 2022 제품 8
    (1, 615000, 2022, NOW(), 8, DEFAULT, NOW(), 2),
    (2, 489000, 2022, NOW(), 8, DEFAULT, NOW(), 2),
    (3, 984000, 2022, NOW(), 8, DEFAULT, NOW(), 2),
    (4, 541000, 2022, NOW(), 8, DEFAULT, NOW(), 2),
    (5, 964000, 2022, NOW(), 8, DEFAULT, NOW(), 2),
    (6, 1450000, 2022, NOW(), 8, DEFAULT, NOW(), 2),
    (7, 456000, 2022, NOW(), 8, DEFAULT, NOW(), 2),
    (8, 1456000, 2022, NOW(), 8, DEFAULT, NOW(), 2),
    (9, 458700, 2022, NOW(), 8, DEFAULT, NOW(), 2),
    (10, 478000, 2022, NOW(), 8, DEFAULT, NOW(), 2),
    (11, 847000, 2022, NOW(), 8, DEFAULT, NOW(), 2),
    (12, 694000, 2022, NOW(), 8, DEFAULT, NOW(), 2);

-- (user = 3 : 2022 /2023/ 2024 데이터)
INSERT INTO tb_target_sale (month, month_target, year, created_at, product_no, target_sale_no, updated_at, user_no) VALUES
    -- 2024년 제품6
    (1, 561000, 2024, NOW(), 6, DEFAULT, NOW(), 3),
    (2, 489000, 2024, NOW(), 6, DEFAULT, NOW(), 3),
    (3, 848000, 2024, NOW(), 6, DEFAULT, NOW(), 3),
    (4, 547500, 2024, NOW(), 6, DEFAULT, NOW(), 3),
    (5, 847000, 2024, NOW(), 6, DEFAULT, NOW(), 3),
    (6, 489000, 2024, NOW(), 6, DEFAULT, NOW(), 3),
    (7, 986000, 2024, NOW(), 6, DEFAULT, NOW(), 3),
    (8, 455000, 2024, NOW(), 6, DEFAULT, NOW(), 3),
    (9, 754000, 2024, NOW(), 6, DEFAULT, NOW(), 3),
    (10, 450000, 2024, NOW(), 6, DEFAULT, NOW(), 3),
    (11, 540000, 2024, NOW(), 6, DEFAULT, NOW(), 3),
    (12, 1200000, 2024, NOW(), 6, DEFAULT, NOW(), 3),
    -- 2024년 제품7
    (1, 415000, 2024, NOW(), 7, DEFAULT, NOW(), 3),
    (2, 948000, 2024, NOW(), 7, DEFAULT, NOW(), 3),
    (3, 849000, 2024, NOW(), 7, DEFAULT, NOW(), 3),
    (4, 847000, 2024, NOW(), 7, DEFAULT, NOW(), 3),
    (5, 849000, 2024, NOW(), 7, DEFAULT, NOW(), 3),
    (6, 458000, 2024, NOW(), 7, DEFAULT, NOW(), 3),
    (7, 457800, 2024, NOW(), 7, DEFAULT, NOW(), 3),
    (8, 1500000, 2024, NOW(), 7, DEFAULT, NOW(), 3),
    (9, 458000, 2024, NOW(), 7, DEFAULT, NOW(), 3),
    (10, 489000, 2024, NOW(), 7, DEFAULT, NOW(), 3),
    (11, 514000, 2024, NOW(), 7, DEFAULT, NOW(), 3),
    (12, 548000, 2024, NOW(), 7, DEFAULT, NOW(), 3),
    -- 2022년 제품8
    (1, 514000, 2024, NOW(), 8, DEFAULT, NOW(), 3),
    (2, 894000, 2024, NOW(), 8, DEFAULT, NOW(), 3),
    (3, 485000, 2024, NOW(), 8, DEFAULT, NOW(), 3),
    (4, 645000, 2024, NOW(), 8, DEFAULT, NOW(), 3),
    (5, 481000, 2024, NOW(), 8, DEFAULT, NOW(), 3),
    (6, 457000, 2024, NOW(), 8, DEFAULT, NOW(), 3),
    (7, 849000, 2024, NOW(), 8, DEFAULT, NOW(), 3),
    (8, 156000, 2024, NOW(), 8, DEFAULT, NOW(), 3),
    (9, 454000, 2024, NOW(), 8, DEFAULT, NOW(), 3),
    (10, 1560000, 2024, NOW(), 8, DEFAULT, NOW(), 3),
    (11, 1650000, 2024, NOW(), 8, DEFAULT, NOW(), 3),
    (12, 120000, 2024, NOW(), 8, DEFAULT, NOW(), 3),
    -- 2023년 제품6
    (1, 565000, 2023, NOW(), 6, DEFAULT, NOW(), 3),
    (2, 489000, 2023, NOW(), 6, DEFAULT, NOW(), 3),
    (3, 489000, 2023, NOW(), 6, DEFAULT, NOW(), 3),
    (4, 849000, 2023, NOW(), 6, DEFAULT, NOW(), 3),
    (5, 925000, 2023, NOW(), 6, DEFAULT, NOW(), 3),
    (6, 914000, 2023, NOW(), 6, DEFAULT, NOW(), 3),
    (7, 498000, 2023, NOW(), 6, DEFAULT, NOW(), 3),
    (8, 1500000, 2023, NOW(), 6, DEFAULT, NOW(), 3),
    (9, 487000, 2023, NOW(), 6, DEFAULT, NOW(), 3),
    (10, 458000, 2023, NOW(), 6, DEFAULT, NOW(), 3),
    (11, 948000, 2023, NOW(), 6, DEFAULT, NOW(), 3),
    (12, 894000, 2023, NOW(), 6, DEFAULT, NOW(), 3),
    -- 2024년 제품7
    (1, 945000, 2023, NOW(), 7, DEFAULT, NOW(), 3),
    (2, 489000, 2023, NOW(), 7, DEFAULT, NOW(), 3),
    (3, 489000, 2023, NOW(), 7, DEFAULT, NOW(), 3),
    (4, 784000, 2023, NOW(), 7, DEFAULT, NOW(), 3),
    (5, 489000, 2023, NOW(), 7, DEFAULT, NOW(), 3),
    (6, 984000, 2023, NOW(), 7, DEFAULT, NOW(), 3),
    (7, 849000, 2023, NOW(), 7, DEFAULT, NOW(), 3),
    (8, 156000, 2023, NOW(), 7, DEFAULT, NOW(), 3),
    (9, 918000, 2023, NOW(), 7, DEFAULT, NOW(), 3),
    (10, 1560000, 2023, NOW(), 7, DEFAULT, NOW(), 3),
    (11, 445000, 2023, NOW(), 7, DEFAULT, NOW(), 3),
    (12, 849000, 2023, NOW(), 7, DEFAULT, NOW(), 3),
    -- 2023년 제품8
    (1, 516000, 2023, NOW(), 8, DEFAULT, NOW(), 3),
    (2, 658000, 2023, NOW(), 8, DEFAULT, NOW(), 3),
    (3, 561000, 2023, NOW(), 8, DEFAULT, NOW(), 3),
    (4, 698000, 2023, NOW(), 8, DEFAULT, NOW(), 3),
    (5, 541000, 2023, NOW(), 8, DEFAULT, NOW(), 3),
    (6, 651000, 2023, NOW(), 8, DEFAULT, NOW(), 3),
    (7, 1560000, 2023, NOW(), 8, DEFAULT, NOW(), 3),
    (8, 561000, 2023, NOW(), 8, DEFAULT, NOW(), 3),
    (9, 651000, 2023, NOW(), 8, DEFAULT, NOW(), 3),
    (10, 561000, 2023, NOW(), 8, DEFAULT, NOW(), 3),
    (11, 295000, 2023, NOW(), 8, DEFAULT, NOW(), 3),
    (12, 894000, 2023, NOW(), 8, DEFAULT, NOW(), 3),
    -- 2022년 제품6
    (1, 489000, 2022, NOW(), 6, DEFAULT, NOW(), 3),
    (2, 849000, 2022, NOW(), 6, DEFAULT, NOW(), 3),
    (3, 1650000, 2022, NOW(), 6, DEFAULT, NOW(), 3),
    (4, 849000, 2022, NOW(), 6, DEFAULT, NOW(), 3),
    (5, 1050000, 2022, NOW(), 6, DEFAULT, NOW(), 3),
    (6, 841000, 2022, NOW(), 6, DEFAULT, NOW(), 3),
    (7, 1540000, 2022, NOW(), 6, DEFAULT, NOW(), 3),
    (8, 322000, 2022, NOW(), 6, DEFAULT, NOW(), 3),
    (9, 654000, 2022, NOW(), 6, DEFAULT, NOW(), 3),
    (10, 544000, 2022, NOW(), 6, DEFAULT, NOW(), 3),
    (11, 455000, 2022, NOW(), 6, DEFAULT, NOW(), 3),
    (12, 712000, 2022, NOW(), 6, DEFAULT, NOW(), 3),
    -- 2022년 제품7
    (1, 546000, 2022, NOW(), 7, DEFAULT, NOW(), 3),
    (2, 894000, 2022, NOW(), 7, DEFAULT, NOW(), 3),
    (3, 498000, 2022, NOW(), 7, DEFAULT, NOW(), 3),
    (4, 894000, 2022, NOW(), 7, DEFAULT, NOW(), 3),
    (5, 869000, 2022, NOW(), 7, DEFAULT, NOW(), 3),
    (6, 1940000, 2022, NOW(), 7, DEFAULT, NOW(), 3),
    (7, 812000, 2022, NOW(), 7, DEFAULT, NOW(), 3),
    (8, 456000, 2022, NOW(), 7, DEFAULT, NOW(), 3),
    (9, 651000, 2022, NOW(), 7, DEFAULT, NOW(), 3),
    (10, 560000, 2022, NOW(), 7, DEFAULT, NOW(), 3),
    (11, 651000, 2022, NOW(), 7, DEFAULT, NOW(), 3),
    (12, 891000, 2022, NOW(), 7, DEFAULT, NOW(), 3),
    -- 2022년 제품8
    (1, 489000, 2022, NOW(), 8, DEFAULT, NOW(), 3),
    (2, 689000, 2022, NOW(), 8, DEFAULT, NOW(), 3),
    (3, 689000, 2022, NOW(), 8, DEFAULT, NOW(), 3),
    (4, 984000, 2022, NOW(), 8, DEFAULT, NOW(), 3),
    (5, 1230000, 2022, NOW(), 8, DEFAULT, NOW(), 3),
    (6, 489000, 2022, NOW(), 8, DEFAULT, NOW(), 3),
    (7, 585000, 2022, NOW(), 8, DEFAULT, NOW(), 3),
    (8, 869000, 2022, NOW(), 8, DEFAULT, NOW(), 3),
    (9, 984000, 2022, NOW(), 8, DEFAULT, NOW(), 3),
    (10, 810000, 2022, NOW(), 8, DEFAULT, NOW(), 3),
    (11, 560000, 2022, NOW(), 8, DEFAULT, NOW(), 3),
    (12, 840000, 2022, NOW(), 8, DEFAULT, NOW(), 3);

-- (user = 4 : 2022 /2023/ 2024 데이터)
INSERT INTO tb_target_sale (month, month_target, year, created_at, product_no, target_sale_no, updated_at, user_no) VALUES
    -- 2024년 제품6
    (1, 489000, 2024, NOW(), 6, DEFAULT, NOW(), 4),
    (2, 654000, 2024, NOW(), 6, DEFAULT, NOW(), 4),
    (3, 352000, 2024, NOW(), 6, DEFAULT, NOW(), 4),
    (4, 658000, 2024, NOW(), 6, DEFAULT, NOW(), 4),
    (5, 849000, 2024, NOW(), 6, DEFAULT, NOW(), 4),
    (6, 649000, 2024, NOW(), 6, DEFAULT, NOW(), 4),
    (7, 780000, 2024, NOW(), 6, DEFAULT, NOW(), 4),
    (8, 654000, 2024, NOW(), 6, DEFAULT, NOW(), 4),
    (9, 1560000, 2024, NOW(), 6, DEFAULT, NOW(), 4),
    (10, 980000, 2024, NOW(), 6, DEFAULT, NOW(), 4),
    (11, 896000, 2024, NOW(), 6, DEFAULT, NOW(), 4),
    (12, 984000, 2024, NOW(), 6, DEFAULT, NOW(), 4),
    -- 2024년 제품7
    (1, 894000, 2024, NOW(), 7, DEFAULT, NOW(), 4),
    (2, 759000, 2024, NOW(), 7, DEFAULT, NOW(), 4),
    (3, 651000, 2024, NOW(), 7, DEFAULT, NOW(), 4),
    (4, 456000, 2024, NOW(), 7, DEFAULT, NOW(), 4),
    (5, 783000, 2024, NOW(), 7, DEFAULT, NOW(), 4),
    (6, 435000, 2024, NOW(), 7, DEFAULT, NOW(), 4),
    (7, 846000, 2024, NOW(), 7, DEFAULT, NOW(), 4),
    (8, 570000, 2024, NOW(), 7, DEFAULT, NOW(), 4),
    (9, 1153000, 2024, NOW(), 7, DEFAULT, NOW(), 4),
    (10, 4560000, 2024, NOW(), 7, DEFAULT, NOW(), 4),
    (11, 715000, 2024, NOW(), 7, DEFAULT, NOW(), 4),
    (12, 645000, 2024, NOW(), 7, DEFAULT, NOW(), 4),
    -- 2024년 제품8
    (1, 400000, 2024, NOW(), 8, DEFAULT, NOW(), 4),
    (2, 600000, 2024, NOW(), 8, DEFAULT, NOW(), 4),
    (3, 140000, 2024, NOW(), 8, DEFAULT, NOW(), 4),
    (4, 400000, 2024, NOW(), 8, DEFAULT, NOW(), 4),
    (5, 500000, 2024, NOW(), 8, DEFAULT, NOW(), 4),
    (6, 700000, 2024, NOW(), 8, DEFAULT, NOW(), 4),
    (7, 900000, 2024, NOW(), 8, DEFAULT, NOW(), 4),
    (8, 1100000, 2024, NOW(), 8, DEFAULT, NOW(), 4),
    (9, 600000, 2024, NOW(), 8, DEFAULT, NOW(), 4),
    (10, 1200000, 2024, NOW(), 8, DEFAULT, NOW(), 4),
    (11, 700000, 2024, NOW(), 8, DEFAULT, NOW(), 4),
    (12, 800000, 2024, NOW(), 8, DEFAULT, NOW(), 4),
    -- 2023년 제품6
    (1, 742000, 2023, NOW(), 6, DEFAULT, NOW(), 4),
    (2, 527000, 2023, NOW(), 6, DEFAULT, NOW(), 4),
    (3, 887000, 2023, NOW(), 6, DEFAULT, NOW(), 4),
    (4, 455000, 2023, NOW(), 6, DEFAULT, NOW(), 4),
    (5, 225000, 2023, NOW(), 6, DEFAULT, NOW(), 4),
    (6, 287000, 2023, NOW(), 6, DEFAULT, NOW(), 4),
    (7, 674000, 2023, NOW(), 6, DEFAULT, NOW(), 4),
    (8, 356000, 2023, NOW(), 6, DEFAULT, NOW(), 4),
    (9, 865000, 2023, NOW(), 6, DEFAULT, NOW(), 4),
    (10, 957000, 2023, NOW(), 6, DEFAULT, NOW(), 4),
    (11, 567000, 2023, NOW(), 6, DEFAULT, NOW(), 4),
    (12, 976000, 2023, NOW(), 6, DEFAULT, NOW(), 4),
    -- 2023년 제품7
    (1, 974000, 2023, NOW(), 7, DEFAULT, NOW(), 4),
    (2, 356000, 2023, NOW(), 7, DEFAULT, NOW(), 4),
    (3, 1047000, 2023, NOW(), 7, DEFAULT, NOW(), 4),
    (4, 546000, 2023, NOW(), 7, DEFAULT, NOW(), 4),
    (5, 978000, 2023, NOW(), 7, DEFAULT, NOW(), 4),
    (6, 587000, 2023, NOW(), 7, DEFAULT, NOW(), 4),
    (7, 408000, 2023, NOW(), 7, DEFAULT, NOW(), 4),
    (8, 976000, 2023, NOW(), 7, DEFAULT, NOW(), 4),
    (9, 748000, 2023, NOW(), 7, DEFAULT, NOW(), 4),
    (10, 497000, 2023, NOW(), 7, DEFAULT, NOW(), 4),
    (11, 784000, 2023, NOW(), 7, DEFAULT, NOW(), 4),
    (12, 497000, 2023, NOW(), 7, DEFAULT, NOW(), 4),
    -- 2023년 제품8
    (1, 865000, 2023, NOW(), 8, DEFAULT, NOW(), 4),
    (2, 658000, 2023, NOW(), 8, DEFAULT, NOW(), 4),
    (3, 568000, 2023, NOW(), 8, DEFAULT, NOW(), 4),
    (4, 796000, 2023, NOW(), 8, DEFAULT, NOW(), 4),
    (5, 976000, 2023, NOW(), 8, DEFAULT, NOW(), 4),
    (6, 769000, 2023, NOW(), 8, DEFAULT, NOW(), 4),
    (7, 789000, 2023, NOW(), 8, DEFAULT, NOW(), 4),
    (8, 976000, 2023, NOW(), 8, DEFAULT, NOW(), 4),
    (9, 675000, 2023, NOW(), 8, DEFAULT, NOW(), 4),
    (10, 976000, 2023, NOW(), 8, DEFAULT, NOW(), 4),
    (11, 967000, 2023, NOW(), 8, DEFAULT, NOW(), 4),
    (12, 866000, 2023, NOW(), 8, DEFAULT, NOW(), 4),
    -- 2022년 제품6
    (1, 568000, 2022, NOW(), 6, DEFAULT, NOW(), 4),
    (2, 976000, 2022, NOW(), 6, DEFAULT, NOW(), 4),
    (3, 923000, 2022, NOW(), 6, DEFAULT, NOW(), 4),
    (4, 976000, 2022, NOW(), 6, DEFAULT, NOW(), 4),
    (5, 437000, 2022, NOW(), 6, DEFAULT, NOW(), 4),
    (6, 865000, 2022, NOW(), 6, DEFAULT, NOW(), 4),
    (7, 346000, 2022, NOW(), 6, DEFAULT, NOW(), 4),
    (8, 865000, 2022, NOW(), 6, DEFAULT, NOW(), 4),
    (9, 634000, 2022, NOW(), 6, DEFAULT, NOW(), 4),
    (10, 865000, 2022, NOW(), 6, DEFAULT, NOW(), 4),
    (11, 755000, 2022, NOW(), 6, DEFAULT, NOW(), 4),
    (12, 865000, 2022, NOW(), 6, DEFAULT, NOW(), 4),
    -- 2022년 제품7
    (1, 976000, 2022, NOW(), 7, DEFAULT, NOW(), 4),
    (2, 426000, 2022, NOW(), 7, DEFAULT, NOW(), 4),
    (3, 965000, 2022, NOW(), 7, DEFAULT, NOW(), 4),
    (4, 856000, 2022, NOW(), 7, DEFAULT, NOW(), 4),
    (5, 974000, 2022, NOW(), 7, DEFAULT, NOW(), 4),
    (6, 497000, 2022, NOW(), 7, DEFAULT, NOW(), 4),
    (7, 956000, 2022, NOW(), 7, DEFAULT, NOW(), 4),
    (8, 479000, 2022, NOW(), 7, DEFAULT, NOW(), 4),
    (9, 865000, 2022, NOW(), 7, DEFAULT, NOW(), 4),
    (10, 845000, 2022, NOW(), 7, DEFAULT, NOW(), 4),
    (11, 975000, 2022, NOW(), 7, DEFAULT, NOW(), 4),
    (12, 655000, 2022, NOW(), 7, DEFAULT, NOW(), 4),
    -- 2022년 제품8
    (1, 957000, 2022, NOW(), 8, DEFAULT, NOW(), 4),
    (2, 975000, 2022, NOW(), 8, DEFAULT, NOW(), 4),
    (3, 356000, 2022, NOW(), 8, DEFAULT, NOW(), 4),
    (4, 865000, 2022, NOW(), 8, DEFAULT, NOW(), 4),
    (5, 347000, 2022, NOW(), 8, DEFAULT, NOW(), 4),
    (6, 857000, 2022, NOW(), 8, DEFAULT, NOW(), 4),
    (7, 895000, 2022, NOW(), 8, DEFAULT, NOW(), 4),
    (8, 760000, 2022, NOW(), 8, DEFAULT, NOW(), 4),
    (9, 479000, 2022, NOW(), 8, DEFAULT, NOW(), 4),
    (10, 895000, 2022, NOW(), 8, DEFAULT, NOW(), 4),
    (11, 647000, 2022, NOW(), 8, DEFAULT, NOW(), 4),
    (12, 946800, 2022, NOW(), 8, DEFAULT, NOW(), 4);

-- (user = 8 : 2022 /2023/ 2024 데이터)
INSERT INTO tb_target_sale (month, month_target, year, created_at, product_no, target_sale_no, updated_at, user_no) VALUES
    -- 2024년 제품1
    (1, 846000, 2024, NOW(), 1, DEFAULT, NOW(), 8),
    (2, 736000, 2024, NOW(), 1, DEFAULT, NOW(), 8),
    (3, 865000, 2024, NOW(), 1, DEFAULT, NOW(), 8),
    (4, 345600, 2024, NOW(), 1, DEFAULT, NOW(), 8),
    (5, 1200000, 2024, NOW(), 1, DEFAULT, NOW(), 8),
    (6, 743000, 2024, NOW(), 1, DEFAULT, NOW(), 8),
    (7, 934000, 2024, NOW(), 1, DEFAULT, NOW(), 8),
    (8, 1150000, 2024, NOW(), 1, DEFAULT, NOW(), 8),
    (9, 634000, 2024, NOW(), 1, DEFAULT, NOW(), 8),
    (10, 1230000, 2024, NOW(), 1, DEFAULT, NOW(), 8),
    (11, 840000, 2024, NOW(), 1, DEFAULT, NOW(), 8),
    (12, 560000, 2024, NOW(), 1, DEFAULT, NOW(), 8),
    -- 2024년 제품2
    (1, 860000, 2024, NOW(), 2, DEFAULT, NOW(), 8),
    (2, 568000, 2024, NOW(), 2, DEFAULT, NOW(), 8),
    (3, 658000, 2024, NOW(), 2, DEFAULT, NOW(), 8),
    (4, 563000, 2024, NOW(), 2, DEFAULT, NOW(), 8),
    (5, 977000, 2024, NOW(), 2, DEFAULT, NOW(), 8),
    (6, 764000, 2024, NOW(), 2, DEFAULT, NOW(), 8),
    (7, 975000, 2024, NOW(), 2, DEFAULT, NOW(), 8),
    (8, 976000, 2024, NOW(), 2, DEFAULT, NOW(), 8),
    (9, 348000, 2024, NOW(), 2, DEFAULT, NOW(), 8),
    (10, 986000, 2024, NOW(), 2, DEFAULT, NOW(), 8),
    (11, 700000, 2024, NOW(), 2, DEFAULT, NOW(), 8),
    (12, 857000, 2024, NOW(), 2, DEFAULT, NOW(), 8),
    -- 2024년 제품3
    (1, 400000, 2024, NOW(), 3, DEFAULT, NOW(), 8),
    (2, 670000, 2024, NOW(), 3, DEFAULT, NOW(), 8),
    (3, 1440000, 2024, NOW(), 3, DEFAULT, NOW(), 8),
    (4, 470000, 2024, NOW(), 3, DEFAULT, NOW(), 8),
    (5, 5800000, 2024, NOW(), 3, DEFAULT, NOW(), 8),
    (6, 786000, 2024, NOW(), 3, DEFAULT, NOW(), 8),
    (7, 990000, 2024, NOW(), 3, DEFAULT, NOW(), 8),
    (8, 16700000, 2024, NOW(), 3, DEFAULT, NOW(), 8),
    (9, 667000, 2024, NOW(), 3, DEFAULT, NOW(), 8),
    (10, 970000, 2024, NOW(), 3, DEFAULT, NOW(), 8),
    (11, 430000, 2024, NOW(), 3, DEFAULT, NOW(), 8),
    (12, 860000, 2024, NOW(), 3, DEFAULT, NOW(), 8),
    -- 2023년 제품4
    (1, 580000, 2024, NOW(), 4, DEFAULT, NOW(), 8),
    (2, 7500000, 2024, NOW(), 4, DEFAULT, NOW(), 8),
    (3, 1260000, 2024, NOW(), 4, DEFAULT, NOW(), 8),
    (4, 460000, 2024, NOW(), 4, DEFAULT, NOW(), 8),
    (5, 540000, 2024, NOW(), 4, DEFAULT, NOW(), 8),
    (6, 780000, 2024, NOW(), 4, DEFAULT, NOW(), 8),
    (7, 980000, 2024, NOW(), 4, DEFAULT, NOW(), 8),
    (8, 800000, 2024, NOW(), 4, DEFAULT, NOW(), 8),
    (9, 6400000, 2024, NOW(), 4, DEFAULT, NOW(), 8),
    (10, 850000, 2024, NOW(), 4, DEFAULT, NOW(), 8),
    (11, 780000, 2024, NOW(), 4, DEFAULT, NOW(), 8),
    (12, 810000, 2024, NOW(), 4, DEFAULT, NOW(), 8),
    -- 2023년 제품1
    (1, 700000, 2023, NOW(), 1, DEFAULT, NOW(), 8),
    (2, 6430000, 2023, NOW(), 1, DEFAULT, NOW(), 8),
    (3, 754000, 2023, NOW(), 1, DEFAULT, NOW(), 8),
    (4, 865000, 2023, NOW(), 1, DEFAULT, NOW(), 8),
    (5, 654000, 2023, NOW(), 1, DEFAULT, NOW(), 8),
    (6, 346000, 2023, NOW(), 1, DEFAULT, NOW(), 8),
    (7, 865000, 2023, NOW(), 1, DEFAULT, NOW(), 8),
    (8, 346000, 2023, NOW(), 1, DEFAULT, NOW(), 8),
    (9, 864000, 2023, NOW(), 1, DEFAULT, NOW(), 8),
    (10, 548000, 2023, NOW(), 1, DEFAULT, NOW(), 8),
    (11, 544000, 2023, NOW(), 1, DEFAULT, NOW(), 8),
    (12, 854000, 2023, NOW(), 1, DEFAULT, NOW(), 8),
    -- 2023년 제품2
    (1, 864000, 2023, NOW(), 2, DEFAULT, NOW(), 8),
    (2, 654000, 2023, NOW(), 2, DEFAULT, NOW(), 8),
    (3, 854000, 2023, NOW(), 2, DEFAULT, NOW(), 8),
    (4, 345000, 2023, NOW(), 2, DEFAULT, NOW(), 8),
    (5, 970000, 2023, NOW(), 2, DEFAULT, NOW(), 8),
    (6, 974000, 2023, NOW(), 2, DEFAULT, NOW(), 8),
    (7, 685000, 2023, NOW(), 2, DEFAULT, NOW(), 8),
    (8, 650000, 2023, NOW(), 2, DEFAULT, NOW(), 8),
    (9, 965000, 2023, NOW(), 2, DEFAULT, NOW(), 8),
    (10, 850000, 2023, NOW(), 2, DEFAULT, NOW(), 8),
    (11, 8650000, 2023, NOW(), 2, DEFAULT, NOW(), 8),
    (12, 856000, 2023, NOW(), 2, DEFAULT, NOW(), 8),
    -- 2023년 제품3
    (1, 685000, 2023, NOW(), 3, DEFAULT, NOW(), 8),
    (2, 658000, 2023, NOW(), 3, DEFAULT, NOW(), 8),
    (3, 945000, 2023, NOW(), 3, DEFAULT, NOW(), 8),
    (4, 485000, 2023, NOW(), 3, DEFAULT, NOW(), 8),
    (5, 865000, 2023, NOW(), 3, DEFAULT, NOW(), 8),
    (6, 457000, 2023, NOW(), 3, DEFAULT, NOW(), 8),
    (7, 865000, 2023, NOW(), 3, DEFAULT, NOW(), 8),
    (8, 457000, 2023, NOW(), 3, DEFAULT, NOW(), 8),
    (9, 976000, 2023, NOW(), 3, DEFAULT, NOW(), 8),
    (10, 658000, 2023, NOW(), 3, DEFAULT, NOW(), 8),
    (11, 965000, 2023, NOW(), 3, DEFAULT, NOW(), 8),
    (12, 935000, 2023, NOW(), 3, DEFAULT, NOW(), 8),
    -- 2023년 제품4
    (1, 856000, 2023, NOW(), 4, DEFAULT, NOW(), 8),
    (2, 965000, 2023, NOW(), 4, DEFAULT, NOW(), 8),
    (3, 458000, 2023, NOW(), 4, DEFAULT, NOW(), 8),
    (4, 845000, 2023, NOW(), 4, DEFAULT, NOW(), 8),
    (5, 346000, 2023, NOW(), 4, DEFAULT, NOW(), 8),
    (6, 854000, 2023, NOW(), 4, DEFAULT, NOW(), 8),
    (7, 346000, 2023, NOW(), 4, DEFAULT, NOW(), 8),
    (8, 960000, 2023, NOW(), 4, DEFAULT, NOW(), 8),
    (9, 976000, 2023, NOW(), 4, DEFAULT, NOW(), 8),
    (10, 670000, 2023, NOW(), 4, DEFAULT, NOW(), 8),
    (11, 769000, 2023, NOW(), 4, DEFAULT, NOW(), 8),
    (12, 860000, 2023, NOW(), 4, DEFAULT, NOW(), 8),
    -- 2022년 제품1
    (1, 865000, 2022, NOW(), 1, DEFAULT, NOW(), 8),
    (2, 753000, 2022, NOW(), 1, DEFAULT, NOW(), 8),
    (3, 865000, 2022, NOW(), 1, DEFAULT, NOW(), 8),
    (4, 364000, 2022, NOW(), 1, DEFAULT, NOW(), 8),
    (5, 965000, 2022, NOW(), 1, DEFAULT, NOW(), 8),
    (6, 364000, 2022, NOW(), 1, DEFAULT, NOW(), 8),
    (7, 865000, 2022, NOW(), 1, DEFAULT, NOW(), 8),
    (8, 560000, 2022, NOW(), 1, DEFAULT, NOW(), 8),
    (9, 658000, 2022, NOW(), 1, DEFAULT, NOW(), 8),
    (10, 1580000, 2022, NOW(), 1, DEFAULT, NOW(), 8),
    (11, 586000, 2022, NOW(), 1, DEFAULT, NOW(), 8),
    (12, 375000, 2022, NOW(), 1, DEFAULT, NOW(), 8),
    -- 2022년 제품2
    (1, 658000, 2022, NOW(), 2, DEFAULT, NOW(), 8),
    (2, 457000, 2022, NOW(), 2, DEFAULT, NOW(), 8),
    (3, 747000, 2022, NOW(), 2, DEFAULT, NOW(), 8),
    (4, 854000, 2022, NOW(), 2, DEFAULT, NOW(), 8),
    (5, 457000, 2022, NOW(), 2, DEFAULT, NOW(), 8),
    (6, 854000, 2022, NOW(), 2, DEFAULT, NOW(), 8),
    (7, 358000, 2022, NOW(), 2, DEFAULT, NOW(), 8),
    (8, 860000, 2022, NOW(), 2, DEFAULT, NOW(), 8),
    (9, 458000, 2022, NOW(), 2, DEFAULT, NOW(), 8),
    (10, 685000, 2022, NOW(), 2, DEFAULT, NOW(), 8),
    (11, 658000, 2022, NOW(), 2, DEFAULT, NOW(), 8),
    (12, 854000, 2022, NOW(), 2, DEFAULT, NOW(), 8),
    -- 2022년 제품3
    (1, 4320000, 2022, NOW(), 3, DEFAULT, NOW(), 8),
    (2, 436700, 2022, NOW(), 3, DEFAULT, NOW(), 8),
    (3, 435000, 2022, NOW(), 3, DEFAULT, NOW(), 8),
    (4, 754000, 2022, NOW(), 3, DEFAULT, NOW(), 8),
    (5, 4570000, 2022, NOW(), 3, DEFAULT, NOW(), 8),
    (6, 685000, 2022, NOW(), 3, DEFAULT, NOW(), 8),
    (7, 478000, 2022, NOW(), 3, DEFAULT, NOW(), 8),
    (8, 860000, 2022, NOW(), 3, DEFAULT, NOW(), 8),
    (9, 658000, 2022, NOW(), 3, DEFAULT, NOW(), 8),
    (10, 5680000, 2022, NOW(), 3, DEFAULT, NOW(), 8),
    (11, 865000, 2022, NOW(), 3, DEFAULT, NOW(), 8),
    (12, 806000, 2022, NOW(), 3, DEFAULT, NOW(), 8),
    -- 2022년 제품4
    (1, 635000, 2022, NOW(), 4, DEFAULT, NOW(), 8),
    (2, 863000, 2022, NOW(), 4, DEFAULT, NOW(), 8),
    (3, 834000, 2022, NOW(), 4, DEFAULT, NOW(), 8),
    (4, 754000, 2022, NOW(), 4, DEFAULT, NOW(), 8),
    (5, 437000, 2022, NOW(), 4, DEFAULT, NOW(), 8),
    (6, 865000, 2022, NOW(), 4, DEFAULT, NOW(), 8),
    (7, 478000, 2022, NOW(), 4, DEFAULT, NOW(), 8),
    (8, 865000, 2022, NOW(), 4, DEFAULT, NOW(), 8),
    (9, 568000, 2022, NOW(), 4, DEFAULT, NOW(), 8),
    (10, 865000, 2022, NOW(), 4, DEFAULT, NOW(), 8),
    (11, 548000, 2022, NOW(), 4, DEFAULT, NOW(), 8),
    (12, 696000, 2022, NOW(), 4, DEFAULT, NOW(), 8);

-- (user = 9 : 2022 /2023/ 2024 데이터)
INSERT INTO tb_target_sale (month, month_target, year, created_at, product_no, target_sale_no, updated_at, user_no) VALUES
    -- 2024년 제품1
    (1, 362000, 2024, NOW(), 1, DEFAULT, NOW(), 9),
    (2, 854000, 2024, NOW(), 1, DEFAULT, NOW(), 9),
    (3, 458000, 2024, NOW(), 1, DEFAULT, NOW(), 9),
    (4, 548000, 2024, NOW(), 1, DEFAULT, NOW(), 9),
    (5, 437000, 2024, NOW(), 1, DEFAULT, NOW(), 9),
    (6, 975000, 2024, NOW(), 1, DEFAULT, NOW(), 9),
    (7, 569000, 2024, NOW(), 1, DEFAULT, NOW(), 9),
    (8, 569000, 2024, NOW(), 1, DEFAULT, NOW(), 9),
    (9, 685000, 2024, NOW(), 1, DEFAULT, NOW(), 9),
    (10, 965000, 2024, NOW(), 1, DEFAULT, NOW(), 9),
    (11, 569000, 2024, NOW(), 1, DEFAULT, NOW(), 9),
    (12, 856000, 2024, NOW(), 1, DEFAULT, NOW(), 9),
    -- 2024년 제품2
    (1, 456000, 2024, NOW(), 2, DEFAULT, NOW(), 9),
    (2, 548000, 2024, NOW(), 2, DEFAULT, NOW(), 9),
    (3, 865000, 2024, NOW(), 2, DEFAULT, NOW(), 9),
    (4, 580000, 2024, NOW(), 2, DEFAULT, NOW(), 9),
    (5, 757000, 2024, NOW(), 2, DEFAULT, NOW(), 9),
    (6, 976000, 2024, NOW(), 2, DEFAULT, NOW(), 9),
    (7, 943000, 2024, NOW(), 2, DEFAULT, NOW(), 9),
    (8, 754000, 2024, NOW(), 2, DEFAULT, NOW(), 9),
    (9, 854000, 2024, NOW(), 2, DEFAULT, NOW(), 9),
    (10, 548000, 2024, NOW(), 2, DEFAULT, NOW(), 9),
    (11, 548000, 2024, NOW(), 2, DEFAULT, NOW(), 9),
    (12, 886000, 2024, NOW(), 2, DEFAULT, NOW(), 9),
    -- 2024년 제품3
    (1, 854000, 2024, NOW(), 3, DEFAULT, NOW(), 9),
    (2, 348000, 2024, NOW(), 3, DEFAULT, NOW(), 9),
    (3, 588000, 2024, NOW(), 3, DEFAULT, NOW(), 9),
    (4, 485000, 2024, NOW(), 3, DEFAULT, NOW(), 9),
    (5, 685000, 2024, NOW(), 3, DEFAULT, NOW(), 9),
    (6, 756000, 2024, NOW(), 3, DEFAULT, NOW(), 9),
    (7, 965900, 2024, NOW(), 3, DEFAULT, NOW(), 9),
    (8, 1250000, 2024, NOW(), 3, DEFAULT, NOW(), 9),
    (9, 6560000, 2024, NOW(), 3, DEFAULT, NOW(), 9),
    (10, 828000, 2024, NOW(), 3, DEFAULT, NOW(), 9),
    (11, 750000, 2024, NOW(), 3, DEFAULT, NOW(), 9),
    (12, 580000, 2024, NOW(), 3, DEFAULT, NOW(), 9),
    -- 2023년 제품4
    (1, 463000, 2024, NOW(), 4, DEFAULT, NOW(), 9),
    (2, 753000, 2024, NOW(), 4, DEFAULT, NOW(), 9),
    (3, 860000, 2024, NOW(), 4, DEFAULT, NOW(), 9),
    (4, 560000, 2024, NOW(), 4, DEFAULT, NOW(), 9),
    (5, 865000, 2024, NOW(), 4, DEFAULT, NOW(), 9),
    (6, 346000, 2024, NOW(), 4, DEFAULT, NOW(), 9),
    (7, 865000, 2024, NOW(), 4, DEFAULT, NOW(), 9),
    (8, 659000, 2024, NOW(), 4, DEFAULT, NOW(), 9),
    (9, 865000, 2024, NOW(), 4, DEFAULT, NOW(), 9),
    (10, 855000, 2024, NOW(), 4, DEFAULT, NOW(), 9),
    (11, 360000, 2024, NOW(), 4, DEFAULT, NOW(), 9),
    (12, 380500, 2024, NOW(), 4, DEFAULT, NOW(), 9),
    -- 2023년 제품1
    (1, 643000, 2023, NOW(), 1, DEFAULT, NOW(), 9),
    (2, 346000, 2023, NOW(), 1, DEFAULT, NOW(), 9),
    (3, 643000, 2023, NOW(), 1, DEFAULT, NOW(), 9),
    (4, 347000, 2023, NOW(), 1, DEFAULT, NOW(), 9),
    (5, 545000, 2023, NOW(), 1, DEFAULT, NOW(), 9),
    (6, 775000, 2023, NOW(), 1, DEFAULT, NOW(), 9),
    (7, 947000, 2023, NOW(), 1, DEFAULT, NOW(), 9),
    (8, 1150000, 2023, NOW(), 1, DEFAULT, NOW(), 9),
    (9, 623000, 2023, NOW(), 1, DEFAULT, NOW(), 9),
    (10, 6430000, 2023, NOW(), 1, DEFAULT, NOW(), 9),
    (11, 865000, 2023, NOW(), 1, DEFAULT, NOW(), 9),
    (12, 363000, 2023, NOW(), 1, DEFAULT, NOW(), 9),
    -- 2023년 제품2
    (1, 976000, 2023, NOW(), 2, DEFAULT, NOW(), 9),
    (2, 757000, 2023, NOW(), 2, DEFAULT, NOW(), 9),
    (3, 965000, 2023, NOW(), 2, DEFAULT, NOW(), 9),
    (4, 568000, 2023, NOW(), 2, DEFAULT, NOW(), 9),
    (5, 865000, 2023, NOW(), 2, DEFAULT, NOW(), 9),
    (6, 685600, 2023, NOW(), 2, DEFAULT, NOW(), 9),
    (7, 865000, 2023, NOW(), 2, DEFAULT, NOW(), 9),
    (8, 568000, 2023, NOW(), 2, DEFAULT, NOW(), 9),
    (9, 685000, 2023, NOW(), 2, DEFAULT, NOW(), 9),
    (10, 236000, 2023, NOW(), 2, DEFAULT, NOW(), 9),
    (11, 754000, 2023, NOW(), 2, DEFAULT, NOW(), 9),
    (12, 230000, 2023, NOW(), 2, DEFAULT, NOW(), 9),
    -- 2023년 제품3
    (1, 754000, 2023, NOW(), 3, DEFAULT, NOW(), 9),
    (2, 457000, 2023, NOW(), 3, DEFAULT, NOW(), 9),
    (3, 754000, 2023, NOW(), 3, DEFAULT, NOW(), 9),
    (4, 358000, 2023, NOW(), 3, DEFAULT, NOW(), 9),
    (5, 754000, 2023, NOW(), 3, DEFAULT, NOW(), 9),
    (6, 854000, 2023, NOW(), 3, DEFAULT, NOW(), 9),
    (7, 745500, 2023, NOW(), 3, DEFAULT, NOW(), 9),
    (8, 437000, 2023, NOW(), 3, DEFAULT, NOW(), 9),
    (9, 657000, 2023, NOW(), 3, DEFAULT, NOW(), 9),
    (10, 750000, 2023, NOW(), 3, DEFAULT, NOW(), 9),
    (11, 757000, 2023, NOW(), 3, DEFAULT, NOW(), 9),
    (12, 568000, 2023, NOW(), 3, DEFAULT, NOW(), 9),
    -- 2023년 제품4
    (1, 757000, 2023, NOW(), 4, DEFAULT, NOW(), 9),
    (2, 645000, 2023, NOW(), 4, DEFAULT, NOW(), 9),
    (3, 524600, 2023, NOW(), 4, DEFAULT, NOW(), 9),
    (4, 876000, 2023, NOW(), 4, DEFAULT, NOW(), 9),
    (5, 976000, 2023, NOW(), 4, DEFAULT, NOW(), 9),
    (6, 679000, 2023, NOW(), 4, DEFAULT, NOW(), 9),
    (7, 979900, 2023, NOW(), 4, DEFAULT, NOW(), 9),
    (8, 1169000, 2023, NOW(), 4, DEFAULT, NOW(), 9),
    (9, 656700, 2023, NOW(), 4, DEFAULT, NOW(), 9),
    (10, 1297000, 2023, NOW(), 4, DEFAULT, NOW(), 9),
    (11, 757000, 2023, NOW(), 4, DEFAULT, NOW(), 9),
    (12, 897000, 2023, NOW(), 4, DEFAULT, NOW(), 9),
    -- 2022년 제품1
    (1, 400000, 2022, NOW(), 1, DEFAULT, NOW(), 9),
    (2, 600000, 2022, NOW(), 1, DEFAULT, NOW(), 9),
    (3, 140000, 2022, NOW(), 1, DEFAULT, NOW(), 9),
    (4, 400000, 2022, NOW(), 1, DEFAULT, NOW(), 9),
    (5, 500000, 2022, NOW(), 1, DEFAULT, NOW(), 9),
    (6, 700000, 2022, NOW(), 1, DEFAULT, NOW(), 9),
    (7, 900000, 2022, NOW(), 1, DEFAULT, NOW(), 9),
    (8, 1100000, 2022, NOW(), 1, DEFAULT, NOW(), 9),
    (9, 600000, 2022, NOW(), 1, DEFAULT, NOW(), 9),
    (10, 1200000, 2022, NOW(), 1, DEFAULT, NOW(), 9),
    (11, 700000, 2022, NOW(), 1, DEFAULT, NOW(), 9),
    (12, 800000, 2022, NOW(), 1, DEFAULT, NOW(), 9),
    -- 2022년 제품2
    (1, 532000, 2022, NOW(), 2, DEFAULT, NOW(), 9),
    (2, 643000, 2022, NOW(), 2, DEFAULT, NOW(), 9),
    (3, 675000, 2022, NOW(), 2, DEFAULT, NOW(), 9),
    (4, 754000, 2022, NOW(), 2, DEFAULT, NOW(), 9),
    (5, 977000, 2022, NOW(), 2, DEFAULT, NOW(), 9),
    (6, 569000, 2022, NOW(), 2, DEFAULT, NOW(), 9),
    (7, 556000, 2022, NOW(), 2, DEFAULT, NOW(), 9),
    (8, 965000, 2022, NOW(), 2, DEFAULT, NOW(), 9),
    (9, 942000, 2022, NOW(), 2, DEFAULT, NOW(), 9),
    (10, 583000, 2022, NOW(), 2, DEFAULT, NOW(), 9),
    (11, 958000, 2022, NOW(), 2, DEFAULT, NOW(), 9),
    (12, 838000, 2022, NOW(), 2, DEFAULT, NOW(), 9),
    -- 2022년 제품3
    (1, 958000, 2022, NOW(), 3, DEFAULT, NOW(), 9),
    (2, 964000, 2022, NOW(), 3, DEFAULT, NOW(), 9),
    (3, 609000, 2022, NOW(), 3, DEFAULT, NOW(), 9),
    (4, 394000, 2022, NOW(), 3, DEFAULT, NOW(), 9),
    (5, 534000, 2022, NOW(), 3, DEFAULT, NOW(), 9),
    (6, 693000, 2022, NOW(), 3, DEFAULT, NOW(), 9),
    (7, 532000, 2022, NOW(), 3, DEFAULT, NOW(), 9),
    (8, 4360000, 2022, NOW(), 3, DEFAULT, NOW(), 9),
    (9, 674000, 2022, NOW(), 3, DEFAULT, NOW(), 9),
    (10, 653000, 2022, NOW(), 3, DEFAULT, NOW(), 9),
    (11, 777000, 2022, NOW(), 3, DEFAULT, NOW(), 9),
    (12, 847000, 2022, NOW(), 3, DEFAULT, NOW(), 9),
    -- 2022년 제품4
    (1, 443000, 2022, NOW(), 4, DEFAULT, NOW(), 9),
    (2, 743000, 2022, NOW(), 4, DEFAULT, NOW(), 9),
    (3, 632000, 2022, NOW(), 4, DEFAULT, NOW(), 9),
    (4, 236000, 2022, NOW(), 4, DEFAULT, NOW(), 9),
    (5, 743000, 2022, NOW(), 4, DEFAULT, NOW(), 9),
    (6, 437000, 2022, NOW(), 4, DEFAULT, NOW(), 9),
    (7, 954000, 2022, NOW(), 4, DEFAULT, NOW(), 9),
    (8, 854000, 2022, NOW(), 4, DEFAULT, NOW(), 9),
    (9, 348000, 2022, NOW(), 4, DEFAULT, NOW(), 9),
    (10, 854000, 2022, NOW(), 4, DEFAULT, NOW(), 9),
    (11, 548000, 2022, NOW(), 4, DEFAULT, NOW(), 9),
    (12, 854000, 2022, NOW(), 4, DEFAULT, NOW(), 9);

-- (user = 10 : 2022 /2023/ 2024 데이터)
INSERT INTO tb_target_sale (month, month_target, year, created_at, product_no, target_sale_no, updated_at, user_no) VALUES
    -- 2024년 제품1
    (1, 532000, 2024, NOW(), 1, DEFAULT, NOW(), 10),
    (2, 642000, 2024, NOW(), 1, DEFAULT, NOW(), 10),
    (3, 1633000, 2024, NOW(), 1, DEFAULT, NOW(), 10),
    (4, 632000, 2024, NOW(), 1, DEFAULT, NOW(), 10),
    (5, 743000, 2024, NOW(), 1, DEFAULT, NOW(), 10),
    (6, 547000, 2024, NOW(), 1, DEFAULT, NOW(), 10),
    (7, 864000, 2024, NOW(), 1, DEFAULT, NOW(), 10),
    (8, 858000, 2024, NOW(), 1, DEFAULT, NOW(), 10),
    (9, 865000, 2024, NOW(), 1, DEFAULT, NOW(), 10),
    (10, 976000, 2024, NOW(), 1, DEFAULT, NOW(), 10),
    (11, 976000, 2024, NOW(), 1, DEFAULT, NOW(), 10),
    (12, 656000, 2024, NOW(), 1, DEFAULT, NOW(), 10),
    -- 2024년 제품2
    (1, 965000, 2024, NOW(), 2, DEFAULT, NOW(), 10),
    (2, 659000, 2024, NOW(), 2, DEFAULT, NOW(), 10),
    (3, 659000, 2024, NOW(), 2, DEFAULT, NOW(), 10),
    (4, 965000, 2024, NOW(), 2, DEFAULT, NOW(), 10),
    (5, 659000, 2024, NOW(), 2, DEFAULT, NOW(), 10),
    (6, 358000, 2024, NOW(), 2, DEFAULT, NOW(), 10),
    (7, 865000, 2024, NOW(), 2, DEFAULT, NOW(), 10),
    (8, 6850000, 2024, NOW(), 2, DEFAULT, NOW(), 10),
    (9, 695000, 2024, NOW(), 2, DEFAULT, NOW(), 10),
    (10, 8650000, 2024, NOW(), 2, DEFAULT, NOW(), 10),
    (11, 750000, 2024, NOW(), 2, DEFAULT, NOW(), 10),
    (12, 835000, 2024, NOW(), 2, DEFAULT, NOW(), 10),
    -- 2024년 제품3
    (1, 854000, 2024, NOW(), 3, DEFAULT, NOW(), 10),
    (2, 548000, 2024, NOW(), 3, DEFAULT, NOW(), 10),
    (3, 854000, 2024, NOW(), 3, DEFAULT, NOW(), 10),
    (4, 454000, 2024, NOW(), 3, DEFAULT, NOW(), 10),
    (5, 558000, 2024, NOW(), 3, DEFAULT, NOW(), 10),
    (6, 785000, 2024, NOW(), 3, DEFAULT, NOW(), 10),
    (7, 975000, 2024, NOW(), 3, DEFAULT, NOW(), 10),
    (8, 548000, 2024, NOW(), 3, DEFAULT, NOW(), 10),
    (9, 544000, 2024, NOW(), 3, DEFAULT, NOW(), 10),
    (10, 850000, 2024, NOW(), 3, DEFAULT, NOW(), 10),
    (11, 844000, 2024, NOW(), 3, DEFAULT, NOW(), 10),
    (12, 884000, 2024, NOW(), 3, DEFAULT, NOW(), 10),
    -- 2023년 제품4
    (1, 485000, 2024, NOW(), 4, DEFAULT, NOW(), 10),
    (2, 657000, 2024, NOW(), 4, DEFAULT, NOW(), 10),
    (3, 1547000, 2024, NOW(), 4, DEFAULT, NOW(), 10),
    (4, 475000, 2024, NOW(), 4, DEFAULT, NOW(), 10),
    (5, 455000, 2024, NOW(), 4, DEFAULT, NOW(), 10),
    (6, 845000, 2024, NOW(), 4, DEFAULT, NOW(), 10),
    (7, 975000, 2024, NOW(), 4, DEFAULT, NOW(), 10),
    (8, 854000, 2024, NOW(), 4, DEFAULT, NOW(), 10),
    (9, 445000, 2024, NOW(), 4, DEFAULT, NOW(), 10),
    (10, 850000, 2024, NOW(), 4, DEFAULT, NOW(), 10),
    (11, 855000, 2024, NOW(), 4, DEFAULT, NOW(), 10),
    (12, 854000, 2024, NOW(), 4, DEFAULT, NOW(), 10),
    -- 2023년 제품1
    (1, 458000, 2023, NOW(), 1, DEFAULT, NOW(), 10),
    (2, 845800, 2023, NOW(), 1, DEFAULT, NOW(), 10),
    (3, 1400000, 2023, NOW(), 1, DEFAULT, NOW(), 10),
    (4, 854000, 2023, NOW(), 1, DEFAULT, NOW(), 10),
    (5, 764000, 2023, NOW(), 1, DEFAULT, NOW(), 10),
    (6, 433000, 2023, NOW(), 1, DEFAULT, NOW(), 10),
    (7, 854000, 2023, NOW(), 1, DEFAULT, NOW(), 10),
    (8, 740000, 2023, NOW(), 1, DEFAULT, NOW(), 10),
    (9, 650000, 2023, NOW(), 1, DEFAULT, NOW(), 10),
    (10, 820000, 2023, NOW(), 1, DEFAULT, NOW(), 10),
    (11, 750000, 2023, NOW(), 1, DEFAULT, NOW(), 10),
    (12, 385000, 2023, NOW(), 1, DEFAULT, NOW(), 10),
    -- 2023년 제품2
    (1, 400000, 2023, NOW(), 2, DEFAULT, NOW(), 10),
    (2, 600000, 2023, NOW(), 2, DEFAULT, NOW(), 10),
    (3, 140000, 2023, NOW(), 2, DEFAULT, NOW(), 10),
    (4, 400000, 2023, NOW(), 2, DEFAULT, NOW(), 10),
    (5, 500000, 2023, NOW(), 2, DEFAULT, NOW(), 10),
    (6, 700000, 2023, NOW(), 2, DEFAULT, NOW(), 10),
    (7, 900000, 2023, NOW(), 2, DEFAULT, NOW(), 10),
    (8, 1100000, 2023, NOW(), 2, DEFAULT, NOW(), 10),
    (9, 600000, 2023, NOW(), 2, DEFAULT, NOW(), 10),
    (10, 1200000, 2023, NOW(), 2, DEFAULT, NOW(), 10),
    (11, 700000, 2023, NOW(), 2, DEFAULT, NOW(), 10),
    (12, 800000, 2023, NOW(), 2, DEFAULT, NOW(), 10),
    -- 2023년 제품3
    (1, 640000, 2023, NOW(), 3, DEFAULT, NOW(), 10),
    (2, 658000, 2023, NOW(), 3, DEFAULT, NOW(), 10),
    (3, 865000, 2023, NOW(), 3, DEFAULT, NOW(), 10),
    (4, 569000, 2023, NOW(), 3, DEFAULT, NOW(), 10),
    (5, 358000, 2023, NOW(), 3, DEFAULT, NOW(), 10),
    (6, 865000, 2023, NOW(), 3, DEFAULT, NOW(), 10),
    (7, 656000, 2023, NOW(), 3, DEFAULT, NOW(), 10),
    (8, 750000, 2023, NOW(), 3, DEFAULT, NOW(), 10),
    (9, 854000, 2023, NOW(), 3, DEFAULT, NOW(), 10),
    (10, 458000, 2023, NOW(), 3, DEFAULT, NOW(), 10),
    (11, 548000, 2023, NOW(), 3, DEFAULT, NOW(), 10),
    (12, 863000, 2023, NOW(), 3, DEFAULT, NOW(), 10),
    -- 2023년 제품4
    (1, 458000, 2023, NOW(), 4, DEFAULT, NOW(), 10),
    (2, 459000, 2023, NOW(), 4, DEFAULT, NOW(), 10),
    (3, 865000, 2023, NOW(), 4, DEFAULT, NOW(), 10),
    (4, 438000, 2023, NOW(), 4, DEFAULT, NOW(), 10),
    (5, 865000, 2023, NOW(), 4, DEFAULT, NOW(), 10),
    (6, 343800, 2023, NOW(), 4, DEFAULT, NOW(), 10),
    (7, 865000, 2023, NOW(), 4, DEFAULT, NOW(), 10),
    (8, 237000, 2023, NOW(), 4, DEFAULT, NOW(), 10),
    (9, 865000, 2023, NOW(), 4, DEFAULT, NOW(), 10),
    (10, 3480000, 2023, NOW(), 4, DEFAULT, NOW(), 10),
    (11, 765000, 2023, NOW(), 4, DEFAULT, NOW(), 10),
    (12, 860000, 2023, NOW(), 4, DEFAULT, NOW(), 10),
    -- 2022년 제품1
    (1, 400000, 2022, NOW(), 1, DEFAULT, NOW(), 10),
    (2, 600000, 2022, NOW(), 1, DEFAULT, NOW(), 10),
    (3, 140000, 2022, NOW(), 1, DEFAULT, NOW(), 10),
    (4, 400000, 2022, NOW(), 1, DEFAULT, NOW(), 10),
    (5, 500000, 2022, NOW(), 1, DEFAULT, NOW(), 10),
    (6, 700000, 2022, NOW(), 1, DEFAULT, NOW(), 10),
    (7, 900000, 2022, NOW(), 1, DEFAULT, NOW(), 10),
    (8, 1100000, 2022, NOW(), 1, DEFAULT, NOW(), 10),
    (9, 600000, 2022, NOW(), 1, DEFAULT, NOW(), 10),
    (10, 1200000, 2022, NOW(), 1, DEFAULT, NOW(), 10),
    (11, 700000, 2022, NOW(), 1, DEFAULT, NOW(), 10),
    (12, 800000, 2022, NOW(), 1, DEFAULT, NOW(), 10),
    -- 2022년 제품2
    (1, 327000, 2022, NOW(), 2, DEFAULT, NOW(), 10),
    (2, 754000, 2022, NOW(), 2, DEFAULT, NOW(), 10),
    (3, 427000, 2022, NOW(), 2, DEFAULT, NOW(), 10),
    (4, 854000, 2022, NOW(), 2, DEFAULT, NOW(), 10),
    (5, 854000, 2022, NOW(), 2, DEFAULT, NOW(), 10),
    (6, 458000, 2022, NOW(), 2, DEFAULT, NOW(), 10),
    (7, 657000, 2022, NOW(), 2, DEFAULT, NOW(), 10),
    (8, 860000, 2022, NOW(), 2, DEFAULT, NOW(), 10),
    (9, 656000, 2022, NOW(), 2, DEFAULT, NOW(), 10),
    (10, 960000, 2022, NOW(), 2, DEFAULT, NOW(), 10),
    (11, 560000, 2022, NOW(), 2, DEFAULT, NOW(), 10),
    (12, 650000, 2022, NOW(), 2, DEFAULT, NOW(), 10),
    -- 2022년 제품3
    (1, 659000, 2022, NOW(), 3, DEFAULT, NOW(), 10),
    (2, 569000, 2022, NOW(), 3, DEFAULT, NOW(), 10),
    (3, 776000, 2022, NOW(), 3, DEFAULT, NOW(), 10),
    (4, 496000, 2022, NOW(), 3, DEFAULT, NOW(), 10),
    (5, 659000, 2022, NOW(), 3, DEFAULT, NOW(), 10),
    (6, 569000, 2022, NOW(), 3, DEFAULT, NOW(), 10),
    (7, 956000, 2022, NOW(), 3, DEFAULT, NOW(), 10),
    (8, 569000, 2022, NOW(), 3, DEFAULT, NOW(), 10),
    (9, 674000, 2022, NOW(), 3, DEFAULT, NOW(), 10),
    (10, 1200000, 2022, NOW(), 3, DEFAULT, NOW(), 10),
    (11, 754000, 2022, NOW(), 3, DEFAULT, NOW(), 10),
    (12, 750000, 2022, NOW(), 3, DEFAULT, NOW(), 10),
    -- 2022년 제품4
    (1, 865000, 2022, NOW(), 4, DEFAULT, NOW(), 10),
    (2, 458000, 2022, NOW(), 4, DEFAULT, NOW(), 10),
    (3, 656000, 2022, NOW(), 4, DEFAULT, NOW(), 10),
    (4, 865000, 2022, NOW(), 4, DEFAULT, NOW(), 10),
    (5, 580000, 2022, NOW(), 4, DEFAULT, NOW(), 10),
    (6, 650000, 2022, NOW(), 4, DEFAULT, NOW(), 10),
    (7, 906000, 2022, NOW(), 4, DEFAULT, NOW(), 10),
    (8, 568000, 2022, NOW(), 4, DEFAULT, NOW(), 10),
    (9, 656300, 2022, NOW(), 4, DEFAULT, NOW(), 10),
    (10, 850000, 2022, NOW(), 4, DEFAULT, NOW(), 10),
    (11, 745000, 2022, NOW(), 4, DEFAULT, NOW(), 10),
    (12, 858000, 2022, NOW(), 4, DEFAULT, NOW(), 10);

-- (user = 11 : 2022 /2023/ 2024 데이터)
INSERT INTO tb_target_sale (month, month_target, year, created_at, product_no, target_sale_no, updated_at, user_no) VALUES
    -- 2024년 제품4
    (1, 400000, 2024, NOW(), 4, DEFAULT, NOW(), 11),
    (2, 600000, 2024, NOW(), 4, DEFAULT, NOW(), 11),
    (3, 140000, 2024, NOW(), 4, DEFAULT, NOW(), 11),
    (4, 400000, 2024, NOW(), 4, DEFAULT, NOW(), 11),
    (5, 500000, 2024, NOW(), 4, DEFAULT, NOW(), 11),
    (6, 700000, 2024, NOW(), 4, DEFAULT, NOW(), 11),
    (7, 900000, 2024, NOW(), 4, DEFAULT, NOW(), 11),
    (8, 1100000, 2024, NOW(), 4, DEFAULT, NOW(), 11),
    (9, 600000, 2024, NOW(), 4, DEFAULT, NOW(), 11),
    (10, 1200000, 2024, NOW(), 4, DEFAULT, NOW(), 11),
    (11, 700000, 2024, NOW(), 4, DEFAULT, NOW(), 11),
    (12, 800000, 2024, NOW(), 4, DEFAULT, NOW(), 11),
    -- 2024년 제품5
    (1, 545000, 2024, NOW(), 5, DEFAULT, NOW(), 11),
    (2, 458000, 2024, NOW(), 5, DEFAULT, NOW(), 11),
    (3, 745000, 2024, NOW(), 5, DEFAULT, NOW(), 11),
    (4, 450000, 2024, NOW(), 5, DEFAULT, NOW(), 11),
    (5, 555000, 2024, NOW(), 5, DEFAULT, NOW(), 11),
    (6, 458000, 2024, NOW(), 5, DEFAULT, NOW(), 11),
    (7, 458000, 2024, NOW(), 5, DEFAULT, NOW(), 11),
    (8, 754000, 2024, NOW(), 5, DEFAULT, NOW(), 11),
    (9, 458000, 2024, NOW(), 5, DEFAULT, NOW(), 11),
    (10, 4370000, 2024, NOW(), 5, DEFAULT, NOW(), 11),
    (11, 854000, 2024, NOW(), 5, DEFAULT, NOW(), 11),
    (12, 8500000, 2024, NOW(), 5, DEFAULT, NOW(), 11),
    -- 2024년 제품9
    (1, 458000, 2024, NOW(), 9, DEFAULT, NOW(), 11),
    (2, 854000, 2024, NOW(), 9, DEFAULT, NOW(), 11),
    (3, 547000, 2024, NOW(), 9, DEFAULT, NOW(), 11),
    (4, 540000, 2024, NOW(), 9, DEFAULT, NOW(), 11),
    (5, 850000, 2024, NOW(), 9, DEFAULT, NOW(), 11),
    (6, 754000, 2024, NOW(), 9, DEFAULT, NOW(), 11),
    (7, 754000, 2024, NOW(), 9, DEFAULT, NOW(), 11),
    (8, 770000, 2024, NOW(), 9, DEFAULT, NOW(), 11),
    (9, 640000, 2024, NOW(), 9, DEFAULT, NOW(), 11),
    (10, 1200000, 2024, NOW(), 9, DEFAULT, NOW(), 11),
    (11, 740000, 2024, NOW(), 9, DEFAULT, NOW(), 11),
    (12, 890000, 2024, NOW(), 9, DEFAULT, NOW(), 11),
    -- 2024년 제품 10
    (1, 530000, 2024, NOW(), 10, DEFAULT, NOW(), 11),
    (2, 650000, 2024, NOW(), 10, DEFAULT, NOW(), 11),
    (3, 230000, 2024, NOW(), 10, DEFAULT, NOW(), 11),
    (4, 643000, 2024, NOW(), 10, DEFAULT, NOW(), 11),
    (5, 754000, 2024, NOW(), 10, DEFAULT, NOW(), 11),
    (6, 542000, 2024, NOW(), 10, DEFAULT, NOW(), 11),
    (7, 754000, 2024, NOW(), 10, DEFAULT, NOW(), 11),
    (8, 865000, 2024, NOW(), 10, DEFAULT, NOW(), 11),
    (9, 965000, 2024, NOW(), 10, DEFAULT, NOW(), 11),
    (10, 357000, 2024, NOW(), 10, DEFAULT, NOW(), 11),
    (11, 8650000, 2024, NOW(), 10, DEFAULT, NOW(), 11),
    (12, 965000, 2024, NOW(), 10, DEFAULT, NOW(), 11),
    -- 2023년 제품4
    (1, 347000, 2023, NOW(), 4, DEFAULT, NOW(), 11),
    (2, 675000, 2023, NOW(), 4, DEFAULT, NOW(), 11),
    (3, 458000, 2023, NOW(), 4, DEFAULT, NOW(), 11),
    (4, 864000, 2023, NOW(), 4, DEFAULT, NOW(), 11),
    (5, 348000, 2023, NOW(), 4, DEFAULT, NOW(), 11),
    (6, 965000, 2023, NOW(), 4, DEFAULT, NOW(), 11),
    (7, 935000, 2023, NOW(), 4, DEFAULT, NOW(), 11),
    (8, 650000, 2023, NOW(), 4, DEFAULT, NOW(), 11),
    (9, 960000, 2023, NOW(), 4, DEFAULT, NOW(), 11),
    (10, 589000, 2023, NOW(), 4, DEFAULT, NOW(), 11),
    (11, 348000, 2023, NOW(), 4, DEFAULT, NOW(), 11),
    (12, 866000, 2023, NOW(), 4, DEFAULT, NOW(), 11),
    -- 2023년 제품5
    (1, 400000, 2023, NOW(), 5, DEFAULT, NOW(), 11),
    (2, 600000, 2023, NOW(), 5, DEFAULT, NOW(), 11),
    (3, 140000, 2023, NOW(), 5, DEFAULT, NOW(), 11),
    (4, 400000, 2023, NOW(), 5, DEFAULT, NOW(), 11),
    (5, 500000, 2023, NOW(), 5, DEFAULT, NOW(), 11),
    (6, 700000, 2023, NOW(), 5, DEFAULT, NOW(), 11),
    (7, 900000, 2023, NOW(), 5, DEFAULT, NOW(), 11),
    (8, 1100000, 2023, NOW(), 5, DEFAULT, NOW(), 11),
    (9, 600000, 2023, NOW(), 5, DEFAULT, NOW(), 11),
    (10, 1000000, 2023, NOW(), 5, DEFAULT, NOW(), 11),
    (11, 700000, 2023, NOW(), 5, DEFAULT, NOW(), 11),
    (12, 800000, 2023, NOW(), 5, DEFAULT, NOW(), 11),
    -- 2023년 제품9
    (1, 455000, 2023, NOW(), 9, DEFAULT, NOW(), 11),
    (2, 8640000, 2023, NOW(), 9, DEFAULT, NOW(), 11),
    (3, 963000, 2023, NOW(), 9, DEFAULT, NOW(), 11),
    (4, 659000, 2023, NOW(), 9, DEFAULT, NOW(), 11),
    (5, 535000, 2023, NOW(), 9, DEFAULT, NOW(), 11),
    (6, 965000, 2023, NOW(), 9, DEFAULT, NOW(), 11),
    (7, 358000, 2023, NOW(), 9, DEFAULT, NOW(), 11),
    (8, 960000, 2023, NOW(), 9, DEFAULT, NOW(), 11),
    (9, 670000, 2023, NOW(), 9, DEFAULT, NOW(), 11),
    (10, 760000, 2023, NOW(), 9, DEFAULT, NOW(), 11),
    (11, 976000, 2023, NOW(), 9, DEFAULT, NOW(), 11),
    (12, 569000, 2023, NOW(), 9, DEFAULT, NOW(), 11),
    -- 2023년 제품 10
    (1, 965000, 2023, NOW(), 10, DEFAULT, NOW(), 11),
    (2, 65300, 2023, NOW(), 10, DEFAULT, NOW(), 11),
    (3, 169000, 2023, NOW(), 10, DEFAULT, NOW(), 11),
    (4, 458000, 2023, NOW(), 10, DEFAULT, NOW(), 11),
    (5, 963000, 2023, NOW(), 10, DEFAULT, NOW(), 11),
    (6, 653000, 2023, NOW(), 10, DEFAULT, NOW(), 11),
    (7, 965000, 2023, NOW(), 10, DEFAULT, NOW(), 11),
    (8, 358000, 2023, NOW(), 10, DEFAULT, NOW(), 11),
    (9, 965000, 2023, NOW(), 10, DEFAULT, NOW(), 11),
    (10, 650000, 2023, NOW(), 10, DEFAULT, NOW(), 11),
    (11, 976000, 2023, NOW(), 10, DEFAULT, NOW(), 11),
    (12, 348000, 2023, NOW(), 10, DEFAULT, NOW(), 11),
    -- 2022년 제품4
    (1, 865000, 2022, NOW(), 4, DEFAULT, NOW(), 11),
    (2, 569000, 2022, NOW(), 4, DEFAULT, NOW(), 11),
    (3, 650000, 2022, NOW(), 4, DEFAULT, NOW(), 11),
    (4, 400000, 2022, NOW(), 4, DEFAULT, NOW(), 11),
    (5, 500000, 2022, NOW(), 4, DEFAULT, NOW(), 11),
    (6, 700000, 2022, NOW(), 4, DEFAULT, NOW(), 11),
    (7, 854000, 2022, NOW(), 4, DEFAULT, NOW(), 11),
    (8, 458000, 2022, NOW(), 4, DEFAULT, NOW(), 11),
    (9, 963000, 2022, NOW(), 4, DEFAULT, NOW(), 11),
    (10, 865000, 2022, NOW(), 4, DEFAULT, NOW(), 11),
    (11, 542000, 2022, NOW(), 4, DEFAULT, NOW(), 11),
    (12, 885000, 2022, NOW(), 4, DEFAULT, NOW(), 11),
    -- 2022년 제품5
    (1, 400000, 2022, NOW(), 5, DEFAULT, NOW(), 11),
    (2, 600000, 2022, NOW(), 5, DEFAULT, NOW(), 11),
    (3, 140000, 2022, NOW(), 5, DEFAULT, NOW(), 11),
    (4, 400000, 2022, NOW(), 5, DEFAULT, NOW(), 11),
    (5, 500000, 2022, NOW(), 5, DEFAULT, NOW(), 11),
    (6, 700000, 2022, NOW(), 5, DEFAULT, NOW(), 11),
    (7, 900000, 2022, NOW(), 5, DEFAULT, NOW(), 11),
    (8, 1100000, 2022, NOW(), 5, DEFAULT, NOW(), 11),
    (9, 600000, 2022, NOW(), 5, DEFAULT, NOW(), 11),
    (10, 1200000, 2022, NOW(), 5, DEFAULT, NOW(), 11),
    (11, 700000, 2022, NOW(), 5, DEFAULT, NOW(), 11),
    (12, 800000, 2022, NOW(), 5, DEFAULT, NOW(), 11),
    -- 2022년 제품9
    (1, 478000, 2022, NOW(), 9, DEFAULT, NOW(), 11),
    (2, 865000, 2022, NOW(), 9, DEFAULT, NOW(), 11),
    (3, 569900, 2022, NOW(), 9, DEFAULT, NOW(), 11),
    (4, 863000, 2022, NOW(), 9, DEFAULT, NOW(), 11),
    (5, 542000, 2022, NOW(), 9, DEFAULT, NOW(), 11),
    (6, 863000, 2022, NOW(), 9, DEFAULT, NOW(), 11),
    (7, 543000, 2022, NOW(), 9, DEFAULT, NOW(), 11),
    (8, 863000, 2022, NOW(), 9, DEFAULT, NOW(), 11),
    (9, 654000, 2022, NOW(), 9, DEFAULT, NOW(), 11),
    (10, 570000, 2022, NOW(), 9, DEFAULT, NOW(), 11),
    (11, 763000, 2022, NOW(), 9, DEFAULT, NOW(), 11),
    (12, 347000, 2022, NOW(), 9, DEFAULT, NOW(), 11),
    -- 2022년 제품 10
    (1, 458000, 2022, NOW(), 10, DEFAULT, NOW(), 11),
    (2, 854000, 2022, NOW(), 10, DEFAULT, NOW(), 11),
    (3, 145000, 2022, NOW(), 10, DEFAULT, NOW(), 11),
    (4, 865000, 2022, NOW(), 10, DEFAULT, NOW(), 11),
    (5, 424000, 2022, NOW(), 10, DEFAULT, NOW(), 11),
    (6, 700000, 2022, NOW(), 10, DEFAULT, NOW(), 11),
    (7, 940000, 2022, NOW(), 10, DEFAULT, NOW(), 11),
    (8, 740000, 2022, NOW(), 10, DEFAULT, NOW(), 11),
    (9, 650000, 2022, NOW(), 10, DEFAULT, NOW(), 11),
    (10, 1200000, 2022, NOW(), 10, DEFAULT, NOW(), 11),
    (11, 775000, 2022, NOW(), 10, DEFAULT, NOW(), 11),
    (12, 470000, 2022, NOW(), 10, DEFAULT, NOW(), 11);

-- (user = 12 : 2022 /2023/ 2024 데이터)
INSERT INTO tb_target_sale (month, month_target, year, created_at, product_no, target_sale_no, updated_at, user_no) VALUES
    -- 2024년 제품4
    (1, 400000, 2024, NOW(), 4, DEFAULT, NOW(), 12),
    (2, 600000, 2024, NOW(), 4, DEFAULT, NOW(), 12),
    (3, 140000, 2024, NOW(), 4, DEFAULT, NOW(), 12),
    (4, 400000, 2024, NOW(), 4, DEFAULT, NOW(), 12),
    (5, 500000, 2024, NOW(), 4, DEFAULT, NOW(), 12),
    (6, 700000, 2024, NOW(), 4, DEFAULT, NOW(), 12),
    (7, 900000, 2024, NOW(), 4, DEFAULT, NOW(), 12),
    (8, 1100000, 2024, NOW(), 4, DEFAULT, NOW(), 12),
    (9, 600000, 2024, NOW(), 4, DEFAULT, NOW(), 12),
    (10, 1000000, 2024, NOW(), 4, DEFAULT, NOW(), 12),
    (11, 700000, 2024, NOW(), 4, DEFAULT, NOW(), 12),
    (12, 800000, 2024, NOW(), 4, DEFAULT, NOW(), 12),
    -- 2024년 제품5
    (1, 433000, 2024, NOW(), 5, DEFAULT, NOW(), 12),
    (2, 437000, 2024, NOW(), 5, DEFAULT, NOW(), 12),
    (3, 863000, 2024, NOW(), 5, DEFAULT, NOW(), 12),
    (4, 865000, 2024, NOW(), 5, DEFAULT, NOW(), 12),
    (5, 475000, 2024, NOW(), 5, DEFAULT, NOW(), 12),
    (6, 457000, 2024, NOW(), 5, DEFAULT, NOW(), 12),
    (7, 865000, 2024, NOW(), 5, DEFAULT, NOW(), 12),
    (8, 650000, 2024, NOW(), 5, DEFAULT, NOW(), 12),
    (9, 865000, 2024, NOW(), 5, DEFAULT, NOW(), 12),
    (10, 560000, 2024, NOW(), 5, DEFAULT, NOW(), 12),
    (11, 786000, 2024, NOW(), 5, DEFAULT, NOW(), 12),
    (12, 563000, 2024, NOW(), 5, DEFAULT, NOW(), 12),
    -- 2024년 제품9
    (1, 865000, 2024, NOW(), 9, DEFAULT, NOW(), 12),
    (2, 658000, 2024, NOW(), 9, DEFAULT, NOW(), 12),
    (3, 865000, 2024, NOW(), 9, DEFAULT, NOW(), 12),
    (4, 864000, 2024, NOW(), 9, DEFAULT, NOW(), 12),
    (5, 547000, 2024, NOW(), 9, DEFAULT, NOW(), 12),
    (6, 658000, 2024, NOW(), 9, DEFAULT, NOW(), 12),
    (7, 965000, 2024, NOW(), 9, DEFAULT, NOW(), 12),
    (8, 560000, 2024, NOW(), 9, DEFAULT, NOW(), 12),
    (9, 865000, 2024, NOW(), 9, DEFAULT, NOW(), 12),
    (10, 653000, 2024, NOW(), 9, DEFAULT, NOW(), 12),
    (11, 700000, 2024, NOW(), 9, DEFAULT, NOW(), 12),
    (12, 643000, 2024, NOW(), 9, DEFAULT, NOW(), 12),
    -- 2024년 제품 10
    (1, 547000, 2024, NOW(), 10, DEFAULT, NOW(), 12),
    (2, 754000, 2024, NOW(), 10, DEFAULT, NOW(), 12),
    (3, 865800, 2024, NOW(), 10, DEFAULT, NOW(), 12),
    (4, 568000, 2024, NOW(), 10, DEFAULT, NOW(), 12),
    (5, 865000, 2024, NOW(), 10, DEFAULT, NOW(), 12),
    (6, 743000, 2024, NOW(), 10, DEFAULT, NOW(), 12),
    (7, 658000, 2024, NOW(), 10, DEFAULT, NOW(), 12),
    (8, 653000, 2024, NOW(), 10, DEFAULT, NOW(), 12),
    (9, 750000, 2024, NOW(), 10, DEFAULT, NOW(), 12),
    (10, 154000, 2024, NOW(), 10, DEFAULT, NOW(), 12),
    (11, 64300, 2024, NOW(), 10, DEFAULT, NOW(), 12),
    (12, 34600, 2024, NOW(), 10, DEFAULT, NOW(), 12),
    -- 2023년 제품4
    (1, 643000, 2023, NOW(), 4, DEFAULT, NOW(), 12),
    (2, 126400, 2023, NOW(), 4, DEFAULT, NOW(), 12),
    (3, 347000, 2023, NOW(), 4, DEFAULT, NOW(), 12),
    (4, 860000, 2023, NOW(), 4, DEFAULT, NOW(), 12),
    (5, 560000, 2023, NOW(), 4, DEFAULT, NOW(), 12),
    (6, 730000, 2023, NOW(), 4, DEFAULT, NOW(), 12),
    (7, 754000, 2023, NOW(), 4, DEFAULT, NOW(), 12),
    (8, 1457000, 2023, NOW(), 4, DEFAULT, NOW(), 12),
    (9, 976000, 2023, NOW(), 4, DEFAULT, NOW(), 12),
    (10, 670000, 2023, NOW(), 4, DEFAULT, NOW(), 12),
    (11, 976000, 2023, NOW(), 4, DEFAULT, NOW(), 12),
    (12, 670000, 2023, NOW(), 4, DEFAULT, NOW(), 12),
    -- 2023년 제품5
    (1, 400000, 2023, NOW(), 5, DEFAULT, NOW(), 12),
    (2, 600000, 2023, NOW(), 5, DEFAULT, NOW(), 12),
    (3, 140000, 2023, NOW(), 5, DEFAULT, NOW(), 12),
    (4, 400000, 2023, NOW(), 5, DEFAULT, NOW(), 12),
    (5, 500000, 2023, NOW(), 5, DEFAULT, NOW(), 12),
    (6, 700000, 2023, NOW(), 5, DEFAULT, NOW(), 12),
    (7, 900000, 2023, NOW(), 5, DEFAULT, NOW(), 12),
    (8, 1100000, 2023, NOW(), 5, DEFAULT, NOW(), 12),
    (9, 600000, 2023, NOW(), 5, DEFAULT, NOW(), 12),
    (10, 1000000, 2023, NOW(), 5, DEFAULT, NOW(), 12),
    (11, 700000, 2023, NOW(), 5, DEFAULT, NOW(), 12),
    (12, 800000, 2023, NOW(), 5, DEFAULT, NOW(), 12),
    -- 2023년 제품9
    (1, 976000, 2023, NOW(), 9, DEFAULT, NOW(), 12),
    (2, 4760000, 2023, NOW(), 9, DEFAULT, NOW(), 12),
    (3, 976000, 2023, NOW(), 9, DEFAULT, NOW(), 12),
    (4, 458000, 2023, NOW(), 9, DEFAULT, NOW(), 12),
    (5, 643000, 2023, NOW(), 9, DEFAULT, NOW(), 12),
    (6, 769000, 2023, NOW(), 9, DEFAULT, NOW(), 12),
    (7, 769000, 2023, NOW(), 9, DEFAULT, NOW(), 12),
    (8, 445000, 2023, NOW(), 9, DEFAULT, NOW(), 12),
    (9, 865000, 2023, NOW(), 9, DEFAULT, NOW(), 12),
    (10, 340000, 2023, NOW(), 9, DEFAULT, NOW(), 12),
    (11, 653000, 2023, NOW(), 9, DEFAULT, NOW(), 12),
    (12, 865000, 2023, NOW(), 9, DEFAULT, NOW(), 12),
    -- 2023년 제품 10
    (1, 568000, 2023, NOW(), 10, DEFAULT, NOW(), 12),
    (2, 347000, 2023, NOW(), 10, DEFAULT, NOW(), 12),
    (3, 865000, 2023, NOW(), 10, DEFAULT, NOW(), 12),
    (4, 450000, 2023, NOW(), 10, DEFAULT, NOW(), 12),
    (5, 865000, 2023, NOW(), 10, DEFAULT, NOW(), 12),
    (6, 765800, 2023, NOW(), 10, DEFAULT, NOW(), 12),
    (7, 865000, 2023, NOW(), 10, DEFAULT, NOW(), 12),
    (8, 1340000, 2023, NOW(), 10, DEFAULT, NOW(), 12),
    (9, 675000, 2023, NOW(), 10, DEFAULT, NOW(), 12),
    (10, 230000, 2023, NOW(), 10, DEFAULT, NOW(), 12),
    (11, 540000, 2023, NOW(), 10, DEFAULT, NOW(), 12),
    (12, 865000, 2023, NOW(), 10, DEFAULT, NOW(), 12),
    -- 2022년 제품4
    (1, 568000, 2022, NOW(), 4, DEFAULT, NOW(), 12),
    (2, 865000, 2022, NOW(), 4, DEFAULT, NOW(), 12),
    (3, 568000, 2022, NOW(), 4, DEFAULT, NOW(), 12),
    (4, 568000, 2022, NOW(), 4, DEFAULT, NOW(), 12),
    (5, 658000, 2022, NOW(), 4, DEFAULT, NOW(), 12),
    (6, 568000, 2022, NOW(), 4, DEFAULT, NOW(), 12),
    (7, 865000, 2022, NOW(), 4, DEFAULT, NOW(), 12),
    (8, 568000, 2022, NOW(), 4, DEFAULT, NOW(), 12),
    (9, 865000, 2022, NOW(), 4, DEFAULT, NOW(), 12),
    (10, 569000, 2022, NOW(), 4, DEFAULT, NOW(), 12),
    (11, 569000, 2022, NOW(), 4, DEFAULT, NOW(), 12),
    (12, 563000, 2022, NOW(), 4, DEFAULT, NOW(), 12),
    -- 2022년 제품5
    (1, 400000, 2022, NOW(), 5, DEFAULT, NOW(), 12),
    (2, 600000, 2022, NOW(), 5, DEFAULT, NOW(), 12),
    (3, 140000, 2022, NOW(), 5, DEFAULT, NOW(), 12),
    (4, 400000, 2022, NOW(), 5, DEFAULT, NOW(), 12),
    (5, 500000, 2022, NOW(), 5, DEFAULT, NOW(), 12),
    (6, 700000, 2022, NOW(), 5, DEFAULT, NOW(), 12),
    (7, 900000, 2022, NOW(), 5, DEFAULT, NOW(), 12),
    (8, 1100000, 2022, NOW(), 5, DEFAULT, NOW(), 12),
    (9, 600000, 2022, NOW(), 5, DEFAULT, NOW(), 12),
    (10, 1200000, 2022, NOW(), 5, DEFAULT, NOW(), 12),
    (11, 700000, 2022, NOW(), 5, DEFAULT, NOW(), 12),
    (12, 800000, 2022, NOW(), 5, DEFAULT, NOW(), 12),
    -- 2022년 제품9
    (1, 754000, 2022, NOW(), 9, DEFAULT, NOW(), 12),
    (2, 623000, 2022, NOW(), 9, DEFAULT, NOW(), 12),
    (3, 754000, 2022, NOW(), 9, DEFAULT, NOW(), 12),
    (4, 490000, 2022, NOW(), 9, DEFAULT, NOW(), 12),
    (5, 534600, 2022, NOW(), 9, DEFAULT, NOW(), 12),
    (6, 764000, 2022, NOW(), 9, DEFAULT, NOW(), 12),
    (7, 654000, 2022, NOW(), 9, DEFAULT, NOW(), 12),
    (8, 236000, 2022, NOW(), 9, DEFAULT, NOW(), 12),
    (9, 542000, 2022, NOW(), 9, DEFAULT, NOW(), 12),
    (10, 1540000, 2022, NOW(), 9, DEFAULT, NOW(), 12),
    (11, 754000, 2022, NOW(), 9, DEFAULT, NOW(), 12),
    (12, 347000, 2022, NOW(), 9, DEFAULT, NOW(), 12),
    -- 2022년 제품 10
    (1, 437000, 2022, NOW(), 10, DEFAULT, NOW(), 12),
    (2, 865000, 2022, NOW(), 10, DEFAULT, NOW(), 12),
    (3, 367000, 2022, NOW(), 10, DEFAULT, NOW(), 12),
    (4, 854000, 2022, NOW(), 10, DEFAULT, NOW(), 12),
    (5, 437000, 2022, NOW(), 10, DEFAULT, NOW(), 12),
    (6, 765000, 2022, NOW(), 10, DEFAULT, NOW(), 12),
    (7, 945000, 2022, NOW(), 10, DEFAULT, NOW(), 12),
    (8, 854000, 2022, NOW(), 10, DEFAULT, NOW(), 12),
    (9, 600000, 2022, NOW(), 10, DEFAULT, NOW(), 12),
    (10, 750000, 2022, NOW(), 10, DEFAULT, NOW(), 12),
    (11, 740000, 2022, NOW(), 10, DEFAULT, NOW(), 12),
    (12, 250000, 2022, NOW(), 10, DEFAULT, NOW(), 12);

-- (user = 13 : 2022 /2023/ 2024 데이터)
INSERT INTO tb_target_sale (month, month_target, year, created_at, product_no, target_sale_no, updated_at, user_no) VALUES
    -- 2024년 제품4
    (1, 643000, 2024, NOW(), 4, DEFAULT, NOW(), 13),
    (2, 436000, 2024, NOW(), 4, DEFAULT, NOW(), 13),
    (3, 754000, 2024, NOW(), 4, DEFAULT, NOW(), 13),
    (4, 457000, 2024, NOW(), 4, DEFAULT, NOW(), 13),
    (5, 754000, 2024, NOW(), 4, DEFAULT, NOW(), 13),
    (6, 568000, 2024, NOW(), 4, DEFAULT, NOW(), 13),
    (7, 658000, 2024, NOW(), 4, DEFAULT, NOW(), 13),
    (8, 560000, 2024, NOW(), 4, DEFAULT, NOW(), 13),
    (9, 860000, 2024, NOW(), 4, DEFAULT, NOW(), 13),
    (10, 670000, 2024, NOW(), 4, DEFAULT, NOW(), 13),
    (11, 987000, 2024, NOW(), 4, DEFAULT, NOW(), 13),
    (12, 856000, 2024, NOW(), 4, DEFAULT, NOW(), 13),
    -- 2024년 제품5
    (1, 400000, 2024, NOW(), 5, DEFAULT, NOW(), 13),
    (2, 600000, 2024, NOW(), 5, DEFAULT, NOW(), 13),
    (3, 140000, 2024, NOW(), 5, DEFAULT, NOW(), 13),
    (4, 400000, 2024, NOW(), 5, DEFAULT, NOW(), 13),
    (5, 500000, 2024, NOW(), 5, DEFAULT, NOW(), 13),
    (6, 700000, 2024, NOW(), 5, DEFAULT, NOW(), 13),
    (7, 900000, 2024, NOW(), 5, DEFAULT, NOW(), 13),
    (8, 1100000, 2024, NOW(), 5, DEFAULT, NOW(), 13),
    (9, 600000, 2024, NOW(), 5, DEFAULT, NOW(), 13),
    (10, 1200000, 2024, NOW(), 5, DEFAULT, NOW(), 13),
    (11, 700000, 2024, NOW(), 5, DEFAULT, NOW(), 13),
    (12, 800000, 2024, NOW(), 5, DEFAULT, NOW(), 13),
    -- 2024년 제품9
    (1, 700000, 2024, NOW(), 9, DEFAULT, NOW(), 13),
    (2, 680000, 2024, NOW(), 9, DEFAULT, NOW(), 13),
    (3, 140000, 2024, NOW(), 9, DEFAULT, NOW(), 13),
    (4, 4600000, 2024, NOW(), 9, DEFAULT, NOW(), 13),
    (5, 860000, 2024, NOW(), 9, DEFAULT, NOW(), 13),
    (6, 750000, 2024, NOW(), 9, DEFAULT, NOW(), 13),
    (7, 960000, 2024, NOW(), 9, DEFAULT, NOW(), 13),
    (8, 600000, 2024, NOW(), 9, DEFAULT, NOW(), 13),
    (9, 8600000, 2024, NOW(), 9, DEFAULT, NOW(), 13),
    (10, 156000, 2024, NOW(), 9, DEFAULT, NOW(), 13),
    (11, 860000, 2024, NOW(), 9, DEFAULT, NOW(), 13),
    (12, 450000, 2024, NOW(), 9, DEFAULT, NOW(), 13),
    -- 2024년 제품 10
    (1, 434000, 2024, NOW(), 10, DEFAULT, NOW(), 13),
    (2, 865000, 2024, NOW(), 10, DEFAULT, NOW(), 13),
    (3, 436000, 2024, NOW(), 10, DEFAULT, NOW(), 13),
    (4, 865000, 2024, NOW(), 10, DEFAULT, NOW(), 13),
    (5, 347000, 2024, NOW(), 10, DEFAULT, NOW(), 13),
    (6, 865000, 2024, NOW(), 10, DEFAULT, NOW(), 13),
    (7, 347000, 2024, NOW(), 10, DEFAULT, NOW(), 13),
    (8, 680000, 2024, NOW(), 10, DEFAULT, NOW(), 13),
    (9, 976000, 2024, NOW(), 10, DEFAULT, NOW(), 13),
    (10, 500000, 2024, NOW(), 10, DEFAULT, NOW(), 13),
    (11, 760000, 2024, NOW(), 10, DEFAULT, NOW(), 13),
    (12, 856000, 2024, NOW(), 10, DEFAULT, NOW(), 13),
    -- 2023년 제품4
    (1, 457000, 2023, NOW(), 4, DEFAULT, NOW(), 13),
    (2, 976000, 2023, NOW(), 4, DEFAULT, NOW(), 13),
    (3, 340000, 2023, NOW(), 4, DEFAULT, NOW(), 13),
    (4, 460000, 2023, NOW(), 4, DEFAULT, NOW(), 13),
    (5, 965000, 2023, NOW(), 4, DEFAULT, NOW(), 13),
    (6, 569000, 2023, NOW(), 4, DEFAULT, NOW(), 13),
    (7, 865000, 2023, NOW(), 4, DEFAULT, NOW(), 13),
    (8, 170000, 2023, NOW(), 4, DEFAULT, NOW(), 13),
    (9, 655000, 2023, NOW(), 4, DEFAULT, NOW(), 13),
    (10, 670000, 2023, NOW(), 4, DEFAULT, NOW(), 13),
    (11, 976000, 2023, NOW(), 4, DEFAULT, NOW(), 13),
    (12, 658000, 2023, NOW(), 4, DEFAULT, NOW(), 13),
    -- 2023년 제품5
    (1, 400000, 2023, NOW(), 5, DEFAULT, NOW(), 13),
    (2, 600000, 2023, NOW(), 5, DEFAULT, NOW(), 13),
    (3, 140000, 2023, NOW(), 5, DEFAULT, NOW(), 13),
    (4, 400000, 2023, NOW(), 5, DEFAULT, NOW(), 13),
    (5, 500000, 2023, NOW(), 5, DEFAULT, NOW(), 13),
    (6, 700000, 2023, NOW(), 5, DEFAULT, NOW(), 13),
    (7, 900000, 2023, NOW(), 5, DEFAULT, NOW(), 13),
    (8, 1100000, 2023, NOW(), 5, DEFAULT, NOW(), 13),
    (9, 600000, 2023, NOW(), 5, DEFAULT, NOW(), 13),
    (10, 1200000, 2023, NOW(), 5, DEFAULT, NOW(), 13),
    (11, 700000, 2023, NOW(), 5, DEFAULT, NOW(), 13),
    (12, 800000, 2023, NOW(), 5, DEFAULT, NOW(), 13),
    -- 2023년 제품9
    (1, 532000, 2023, NOW(), 9, DEFAULT, NOW(), 13),
    (2, 547000, 2023, NOW(), 9, DEFAULT, NOW(), 13),
    (3, 754000, 2023, NOW(), 9, DEFAULT, NOW(), 13),
    (4, 443000, 2023, NOW(), 9, DEFAULT, NOW(), 13),
    (5, 586000, 2023, NOW(), 9, DEFAULT, NOW(), 13),
    (6, 863000, 2023, NOW(), 9, DEFAULT, NOW(), 13),
    (7, 485000, 2023, NOW(), 9, DEFAULT, NOW(), 13),
    (8, 658000, 2023, NOW(), 9, DEFAULT, NOW(), 13),
    (9, 765000, 2023, NOW(), 9, DEFAULT, NOW(), 13),
    (10, 458000, 2023, NOW(), 9, DEFAULT, NOW(), 13),
    (11, 765000, 2023, NOW(), 9, DEFAULT, NOW(), 13),
    (12, 865000, 2023, NOW(), 9, DEFAULT, NOW(), 13),
    -- 2023년 제품 10
    (1, 458000, 2023, NOW(), 10, DEFAULT, NOW(), 13),
    (2, 654000, 2023, NOW(), 10, DEFAULT, NOW(), 13),
    (3, 586000, 2023, NOW(), 10, DEFAULT, NOW(), 13),
    (4, 650000, 2023, NOW(), 10, DEFAULT, NOW(), 13),
    (5, 500000, 2023, NOW(), 10, DEFAULT, NOW(), 13),
    (6, 730000, 2023, NOW(), 10, DEFAULT, NOW(), 13),
    (7, 950000, 2023, NOW(), 10, DEFAULT, NOW(), 13),
    (8, 250000, 2023, NOW(), 10, DEFAULT, NOW(), 13),
    (9, 600000, 2023, NOW(), 10, DEFAULT, NOW(), 13),
    (10, 530000, 2023, NOW(), 10, DEFAULT, NOW(), 13),
    (11, 540000, 2023, NOW(), 10, DEFAULT, NOW(), 13),
    (12, 750000, 2023, NOW(), 10, DEFAULT, NOW(), 13),
    -- 2022년 제품4
    (1, 400000, 2022, NOW(), 4, DEFAULT, NOW(), 13),
    (2, 600000, 2022, NOW(), 4, DEFAULT, NOW(), 13),
    (3, 140000, 2022, NOW(), 4, DEFAULT, NOW(), 13),
    (4, 400000, 2022, NOW(), 4, DEFAULT, NOW(), 13),
    (5, 500000, 2022, NOW(), 4, DEFAULT, NOW(), 13),
    (6, 700000, 2022, NOW(), 4, DEFAULT, NOW(), 13),
    (7, 900000, 2022, NOW(), 4, DEFAULT, NOW(), 13),
    (8, 1100000, 2022, NOW(), 4, DEFAULT, NOW(), 13),
    (9, 600000, 2022, NOW(), 4, DEFAULT, NOW(), 13),
    (10, 1200000, 2022, NOW(), 4, DEFAULT, NOW(), 13),
    (11, 700000, 2022, NOW(), 4, DEFAULT, NOW(), 13),
    (12, 800000, 2022, NOW(), 4, DEFAULT, NOW(), 13),
    -- 2022년 제품5
    (1, 568000, 2022, NOW(), 5, DEFAULT, NOW(), 13),
    (2, 670000, 2022, NOW(), 5, DEFAULT, NOW(), 13),
    (3, 196000, 2022, NOW(), 5, DEFAULT, NOW(), 13),
    (4, 458000, 2022, NOW(), 5, DEFAULT, NOW(), 13),
    (5, 976000, 2022, NOW(), 5, DEFAULT, NOW(), 13),
    (6, 548000, 2022, NOW(), 5, DEFAULT, NOW(), 13),
    (7, 865000, 2022, NOW(), 5, DEFAULT, NOW(), 13),
    (8, 347000, 2022, NOW(), 5, DEFAULT, NOW(), 13),
    (9, 976000, 2022, NOW(), 5, DEFAULT, NOW(), 13),
    (10, 583000, 2022, NOW(), 5, DEFAULT, NOW(), 13),
    (11, 754000, 2022, NOW(), 5, DEFAULT, NOW(), 13),
    (12, 548000, 2022, NOW(), 5, DEFAULT, NOW(), 13),
    -- 2022년 제품9
    (1, 457000, 2022, NOW(), 9, DEFAULT, NOW(), 13),
    (2, 754000, 2022, NOW(), 9, DEFAULT, NOW(), 13),
    (3, 548000, 2022, NOW(), 9, DEFAULT, NOW(), 13),
    (4, 865000, 2022, NOW(), 9, DEFAULT, NOW(), 13),
    (5, 458000, 2022, NOW(), 9, DEFAULT, NOW(), 13),
    (6, 865000, 2022, NOW(), 9, DEFAULT, NOW(), 13),
    (7, 458000, 2022, NOW(), 9, DEFAULT, NOW(), 13),
    (8, 754000, 2022, NOW(), 9, DEFAULT, NOW(), 13),
    (9, 865000, 2022, NOW(), 9, DEFAULT, NOW(), 13),
    (10, 4580000, 2022, NOW(), 9, DEFAULT, NOW(), 13),
    (11, 347000, 2022, NOW(), 9, DEFAULT, NOW(), 13),
    (12, 658000, 2022, NOW(), 9, DEFAULT, NOW(), 13),
    -- 2022년 제품 10
    (1, 236000, 2022, NOW(), 10, DEFAULT, NOW(), 13),
    (2, 754000, 2022, NOW(), 10, DEFAULT, NOW(), 13),
    (3, 364000, 2022, NOW(), 10, DEFAULT, NOW(), 13),
    (4, 457000, 2022, NOW(), 10, DEFAULT, NOW(), 13),
    (5, 753000, 2022, NOW(), 10, DEFAULT, NOW(), 13),
    (6, 457000, 2022, NOW(), 10, DEFAULT, NOW(), 13),
    (7, 754000, 2022, NOW(), 10, DEFAULT, NOW(), 13),
    (8, 474000, 2022, NOW(), 10, DEFAULT, NOW(), 13),
    (9, 845000, 2022, NOW(), 10, DEFAULT, NOW(), 13),
    (10, 450000, 2022, NOW(), 10, DEFAULT, NOW(), 13),
    (11, 754000, 2022, NOW(), 10, DEFAULT, NOW(), 13),
    (12, 457000, 2022, NOW(), 10, DEFAULT, NOW(), 13);